No,Nama File,Jenis Anomali,Folder Asal,Prediksi AI,Lokasi Penyimpanan File
1,AMBULANCE_ambulance_0128_seg04.wav,Bukan Sirine (Noise Murni),AMBULANCE,NORMAL,C:\Users\ASUS\Videos\DATASET\TRASH\audit_hasil_pemisahan\bukan_sirine\AMBULANCE_ambulance_0128_seg04.wav
2,AMBULANCE_ambulance_0130_seg02.wav,Bukan Sirine (Noise Murni),AMBULANCE,NORMAL,C:\Users\ASUS\Videos\DATASET\TRASH\audit_hasil_pemisahan\bukan_sirine\AMBULANCE_ambulance_0130_seg02.wav
3,AMBULANCE_ambulance_0134_seg11.wav,Bukan Sirine (Noise Murni),AMBULANCE,NORMAL,C:\Users\ASUS\Videos\DATASET\TRASH\audit_hasil_pemisahan\bukan_sirine\AMBULANCE_ambulance_0134_seg11.wav
4,AMBULANCE_ambulance_0159_seg01.wav,Bukan Sirine (Noise Murni),AMBULANCE,NORMAL,C:\Users\ASUS\Videos\DATASET\TRASH\audit_hasil_pemisahan\bukan_sirine\AMBULANCE_ambulance_0159_seg01.wav
5,AMBULANCE_ambulance_0168_seg01.wav,Bukan Sirine (Noise Murni),AMBULANCE,NORMAL,C:\Users\ASUS\Videos\DATASET\TRASH\audit_hasil_pemisahan\bukan_sirine\AMBULANCE_ambulance_0168_seg01.wav
6,AMBULANCE_aug_noise_1497_ambulance_0159_seg01.wav,Bukan Sirine (Noise Murni),AMBULANCE,NORMAL,C:\Users\ASUS\Videos\DATASET\TRASH\audit_hasil_pemisahan\bukan_sirine\AMBULANCE_aug_noise_1497_ambulance_0159_seg01.wav
7,AMBULANCE_aug_noise_2676_ambulance_0168_seg01.wav,Bukan Sirine (Noise Murni),AMBULANCE,NORMAL,C:\Users\ASUS\Videos\DATASET\TRASH\audit_hasil_pemisahan\bukan_sirine\AMBULANCE_aug_noise_2676_ambulance_0168_seg01.wav
8,AMBULANCE_aug_noise_3704_ambulance_0168_seg01.wav,Bukan Sirine (Noise Murni),AMBULANCE,NORMAL,C:\Users\ASUS\Videos\DATASET\TRASH\audit_hasil_pemisahan\bukan_sirine\AMBULANCE_aug_noise_3704_ambulance_0168_seg01.wav
9,AMBULANCE_aug_noise_4984_ambulance_0159_seg01.wav,Bukan Sirine (Noise Murni),AMBULANCE,NORMAL,C:\Users\ASUS\Videos\DATASET\TRASH\audit_hasil_pemisahan\bukan_sirine\AMBULANCE_aug_noise_4984_ambulance_0159_seg01.wav
10,AMBULANCE_aug_noise_5455_sound_32.wav,Bukan Sirine (Noise Murni),AMBULANCE,NORMAL,C:\Users\ASUS\Videos\DATASET\TRASH\audit_hasil_pemisahan\bukan_sirine\AMBULANCE_aug_noise_5455_sound_32.wav
11,AMBULANCE_aug_noise_6326_ambulance_0128_seg04.wav,Bukan Sirine (Noise Murni),AMBULANCE,NORMAL,C:\Users\ASUS\Videos\DATASET\TRASH\audit_hasil_pemisahan\bukan_sirine\AMBULANCE_aug_noise_6326_ambulance_0128_seg04.wav
12,AMBULANCE_aug_noise_6773_ambulance_0128_seg04.wav,Bukan Sirine (Noise Murni),AMBULANCE,NORMAL,C:\Users\ASUS\Videos\DATASET\TRASH\audit_hasil_pemisahan\bukan_sirine\AMBULANCE_aug_noise_6773_ambulance_0128_seg04.wav
13,AMBULANCE_aug_noise_7429_ambulance_0168_seg01.wav,Bukan Sirine (Noise Murni),AMBULANCE,NORMAL,C:\Users\ASUS\Videos\DATASET\TRASH\audit_hasil_pemisahan\bukan_sirine\AMBULANCE_aug_noise_7429_ambulance_0168_seg01.wav
14,AMBULANCE_aug_pitch_7125_ambulance_0197_seg01.wav,Bukan Sirine (Noise Murni),AMBULANCE,NORMAL,C:\Users\ASUS\Videos\DATASET\TRASH\audit_hasil_pemisahan\bukan_sirine\AMBULANCE_aug_pitch_7125_ambulance_0197_seg01.wav
15,AMBULANCE_aug_stretch_3668_ambulance_0163_seg01.wav,Bukan Sirine (Noise Murni),AMBULANCE,NORMAL,C:\Users\ASUS\Videos\DATASET\TRASH\audit_hasil_pemisahan\bukan_sirine\AMBULANCE_aug_stretch_3668_ambulance_0163_seg01.wav
16,AMBULANCE_aug_stretch_3750_ambulance_0130_seg02.wav,Bukan Sirine (Noise Murni),AMBULANCE,NORMAL,C:\Users\ASUS\Videos\DATASET\TRASH\audit_hasil_pemisahan\bukan_sirine\AMBULANCE_aug_stretch_3750_ambulance_0130_seg02.wav
17,AMBULANCE_aug_stretch_5740_sound_112.wav,Bukan Sirine (Noise Murni),AMBULANCE,NORMAL,C:\Users\ASUS\Videos\DATASET\TRASH\audit_hasil_pemisahan\bukan_sirine\AMBULANCE_aug_stretch_5740_sound_112.wav
18,AMBULANCE_aug_stretch_6744_ambulance_0128_seg04.wav,Bukan Sirine (Noise Murni),AMBULANCE,NORMAL,C:\Users\ASUS\Videos\DATASET\TRASH\audit_hasil_pemisahan\bukan_sirine\AMBULANCE_aug_stretch_6744_ambulance_0128_seg04.wav
19,AMBULANCE_aug_stretch_7319_ambulance_0016_seg01.wav,Bukan Sirine (Noise Murni),AMBULANCE,NORMAL,C:\Users\ASUS\Videos\DATASET\TRASH\audit_hasil_pemisahan\bukan_sirine\AMBULANCE_aug_stretch_7319_ambulance_0016_seg01.wav
20,AMBULANCE_aug_stretch_8417_sound_32.wav,Bukan Sirine (Noise Murni),AMBULANCE,NORMAL,C:\Users\ASUS\Videos\DATASET\TRASH\audit_hasil_pemisahan\bukan_sirine\AMBULANCE_aug_stretch_8417_sound_32.wav
21,AMBULANCE_dl_boost_amb_usa_wail_TGrSJf1EEuM_part0048.wav,Bukan Sirine (Noise Murni),AMBULANCE,NORMAL,C:\Users\ASUS\Videos\DATASET\TRASH\audit_hasil_pemisahan\bukan_sirine\AMBULANCE_dl_boost_amb_usa_wail_TGrSJf1EEuM_part0048.wav
22,FIRETRUCK_aug_fix_0061_pitch_low.wav,Bukan Sirine (Noise Murni),FIRETRUCK,NORMAL,C:\Users\ASUS\Videos\DATASET\TRASH\audit_hasil_pemisahan\bukan_sirine\FIRETRUCK_aug_fix_0061_pitch_low.wav
23,FIRETRUCK_aug_fix_0088_pitch_high.wav,Bukan Sirine (Noise Murni),FIRETRUCK,NORMAL,C:\Users\ASUS\Videos\DATASET\TRASH\audit_hasil_pemisahan\bukan_sirine\FIRETRUCK_aug_fix_0088_pitch_high.wav
24,FIRETRUCK_aug_fix_0088_pitch_low.wav,Bukan Sirine (Noise Murni),FIRETRUCK,NORMAL,C:\Users\ASUS\Videos\DATASET\TRASH\audit_hasil_pemisahan\bukan_sirine\FIRETRUCK_aug_fix_0088_pitch_low.wav
25,FIRETRUCK_aug_fix_0088_slow.wav,Bukan Sirine (Noise Murni),FIRETRUCK,NORMAL,C:\Users\ASUS\Videos\DATASET\TRASH\audit_hasil_pemisahan\bukan_sirine\FIRETRUCK_aug_fix_0088_slow.wav
26,FIRETRUCK_aug_fix_0097_pitch_low.wav,Bukan Sirine (Noise Murni),FIRETRUCK,NORMAL,C:\Users\ASUS\Videos\DATASET\TRASH\audit_hasil_pemisahan\bukan_sirine\FIRETRUCK_aug_fix_0097_pitch_low.wav
27,FIRETRUCK_fire_0160_seg01.wav,Bukan Sirine (Noise Murni),FIRETRUCK,NORMAL,C:\Users\ASUS\Videos\DATASET\TRASH\audit_hasil_pemisahan\bukan_sirine\FIRETRUCK_fire_0160_seg01.wav
28,FIRETRUCK_fire_0465_seg01.wav,Bukan Sirine (Noise Murni),FIRETRUCK,NORMAL,C:\Users\ASUS\Videos\DATASET\TRASH\audit_hasil_pemisahan\bukan_sirine\FIRETRUCK_fire_0465_seg01.wav
29,FIRETRUCK_fire_0466_seg01.wav,Bukan Sirine (Noise Murni),FIRETRUCK,NORMAL,C:\Users\ASUS\Videos\DATASET\TRASH\audit_hasil_pemisahan\bukan_sirine\FIRETRUCK_fire_0466_seg01.wav
30,FIRETRUCK_fire_0467_seg01.wav,Bukan Sirine (Noise Murni),FIRETRUCK,NORMAL,C:\Users\ASUS\Videos\DATASET\TRASH\audit_hasil_pemisahan\bukan_sirine\FIRETRUCK_fire_0467_seg01.wav
31,FIRETRUCK_fire_0500_seg01.wav,Bukan Sirine (Noise Murni),FIRETRUCK,NORMAL,C:\Users\ASUS\Videos\DATASET\TRASH\audit_hasil_pemisahan\bukan_sirine\FIRETRUCK_fire_0500_seg01.wav
32,FIRETRUCK_fire_0557_seg01.wav,Bukan Sirine (Noise Murni),FIRETRUCK,NORMAL,C:\Users\ASUS\Videos\DATASET\TRASH\audit_hasil_pemisahan\bukan_sirine\FIRETRUCK_fire_0557_seg01.wav
33,FIRETRUCK_fire_0558_seg01.wav,Bukan Sirine (Noise Murni),FIRETRUCK,NORMAL,C:\Users\ASUS\Videos\DATASET\TRASH\audit_hasil_pemisahan\bukan_sirine\FIRETRUCK_fire_0558_seg01.wav
34,FIRETRUCK_fire_0559_seg01.wav,Bukan Sirine (Noise Murni),FIRETRUCK,NORMAL,C:\Users\ASUS\Videos\DATASET\TRASH\audit_hasil_pemisahan\bukan_sirine\FIRETRUCK_fire_0559_seg01.wav
35,FIRETRUCK_fire_0560_seg01.wav,Bukan Sirine (Noise Murni),FIRETRUCK,NORMAL,C:\Users\ASUS\Videos\DATASET\TRASH\audit_hasil_pemisahan\bukan_sirine\FIRETRUCK_fire_0560_seg01.wav
36,FIRETRUCK_fire_1105_seg01.wav,Bukan Sirine (Noise Murni),FIRETRUCK,NORMAL,C:\Users\ASUS\Videos\DATASET\TRASH\audit_hasil_pemisahan\bukan_sirine\FIRETRUCK_fire_1105_seg01.wav
37,FIRETRUCK_fire_1326_seg01.wav,Bukan Sirine (Noise Murni),FIRETRUCK,NORMAL,C:\Users\ASUS\Videos\DATASET\TRASH\audit_hasil_pemisahan\bukan_sirine\FIRETRUCK_fire_1326_seg01.wav
38,FIRETRUCK_fire_1453_seg01.wav,Bukan Sirine (Noise Murni),FIRETRUCK,NORMAL,C:\Users\ASUS\Videos\DATASET\TRASH\audit_hasil_pemisahan\bukan_sirine\FIRETRUCK_fire_1453_seg01.wav
39,FIRETRUCK_fire_1455_seg01.wav,Bukan Sirine (Noise Murni),FIRETRUCK,NORMAL,C:\Users\ASUS\Videos\DATASET\TRASH\audit_hasil_pemisahan\bukan_sirine\FIRETRUCK_fire_1455_seg01.wav
40,FIRETRUCK_fire_1868_seg01.wav,Bukan Sirine (Noise Murni),FIRETRUCK,NORMAL,C:\Users\ASUS\Videos\DATASET\TRASH\audit_hasil_pemisahan\bukan_sirine\FIRETRUCK_fire_1868_seg01.wav
41,FIRETRUCK_fire_1874_seg01.wav,Bukan Sirine (Noise Murni),FIRETRUCK,NORMAL,C:\Users\ASUS\Videos\DATASET\TRASH\audit_hasil_pemisahan\bukan_sirine\FIRETRUCK_fire_1874_seg01.wav
42,FIRETRUCK_fire_1982_seg01.wav,Bukan Sirine (Noise Murni),FIRETRUCK,NORMAL,C:\Users\ASUS\Videos\DATASET\TRASH\audit_hasil_pemisahan\bukan_sirine\FIRETRUCK_fire_1982_seg01.wav
43,POLICE_aug_pitch_1412_police_0311_seg01.wav,Bukan Sirine (Noise Murni),POLICE,NORMAL,C:\Users\ASUS\Videos\DATASET\TRASH\audit_hasil_pemisahan\bukan_sirine\POLICE_aug_pitch_1412_police_0311_seg01.wav
44,POLICE_aug_pitch_5637_police_0003_noise_light.wav,Bukan Sirine (Noise Murni),POLICE,NORMAL,C:\Users\ASUS\Videos\DATASET\TRASH\audit_hasil_pemisahan\bukan_sirine\POLICE_aug_pitch_5637_police_0003_noise_light.wav
45,POLICE_aug_pitch_9039_police_0003_shift.wav,Bukan Sirine (Noise Murni),POLICE,NORMAL,C:\Users\ASUS\Videos\DATASET\TRASH\audit_hasil_pemisahan\bukan_sirine\POLICE_aug_pitch_9039_police_0003_shift.wav
46,POLICE_aug_pitch_9227_police_0170_seg01.wav,Bukan Sirine (Noise Murni),POLICE,NORMAL,C:\Users\ASUS\Videos\DATASET\TRASH\audit_hasil_pemisahan\bukan_sirine\POLICE_aug_pitch_9227_police_0170_seg01.wav
47,POLICE_aug_stretch_4506_police_0062_shift.wav,Bukan Sirine (Noise Murni),POLICE,NORMAL,C:\Users\ASUS\Videos\DATASET\TRASH\audit_hasil_pemisahan\bukan_sirine\POLICE_aug_stretch_4506_police_0062_shift.wav
48,POLICE_aug_stretch_5176_police_0023_noise_light.wav,Bukan Sirine (Noise Murni),POLICE,NORMAL,C:\Users\ASUS\Videos\DATASET\TRASH\audit_hasil_pemisahan\bukan_sirine\POLICE_aug_stretch_5176_police_0023_noise_light.wav
49,POLICE_aug_stretch_6163_police_0180_seg01.wav,Bukan Sirine (Noise Murni),POLICE,NORMAL,C:\Users\ASUS\Videos\DATASET\TRASH\audit_hasil_pemisahan\bukan_sirine\POLICE_aug_stretch_6163_police_0180_seg01.wav
50,POLICE_dl_v3_pol_new_09_part0000.wav,Bukan Sirine (Noise Murni),POLICE,NORMAL,C:\Users\ASUS\Videos\DATASET\TRASH\audit_hasil_pemisahan\bukan_sirine\POLICE_dl_v3_pol_new_09_part0000.wav
51,POLICE_police_0002_seg102.wav,Bukan Sirine (Noise Murni),POLICE,NORMAL,C:\Users\ASUS\Videos\DATASET\TRASH\audit_hasil_pemisahan\bukan_sirine\POLICE_police_0002_seg102.wav
52,POLICE_police_0170_seg01.wav,Bukan Sirine (Noise Murni),POLICE,NORMAL,C:\Users\ASUS\Videos\DATASET\TRASH\audit_hasil_pemisahan\bukan_sirine\POLICE_police_0170_seg01.wav
53,POLICE_police_0289_loud.wav,Bukan Sirine (Noise Murni),POLICE,NORMAL,C:\Users\ASUS\Videos\DATASET\TRASH\audit_hasil_pemisahan\bukan_sirine\POLICE_police_0289_loud.wav
54,POLICE_police_0289_noise_light.wav,Bukan Sirine (Noise Murni),POLICE,NORMAL,C:\Users\ASUS\Videos\DATASET\TRASH\audit_hasil_pemisahan\bukan_sirine\POLICE_police_0289_noise_light.wav
55,POLICE_police_0289_original.wav,Bukan Sirine (Noise Murni),POLICE,NORMAL,C:\Users\ASUS\Videos\DATASET\TRASH\audit_hasil_pemisahan\bukan_sirine\POLICE_police_0289_original.wav
56,FROM_AMBULANCE_TO_FIRETRUCK_ambulance_0066_seg01.wav,Salah Kamar (Tertukar),AMBULANCE,FIRETRUCK,C:\Users\ASUS\Videos\DATASET\TRASH\audit_hasil_pemisahan\salah_kamar\FROM_AMBULANCE_TO_FIRETRUCK_ambulance_0066_seg01.wav
57,FROM_AMBULANCE_TO_FIRETRUCK_ambulance_0118_seg05.wav,Salah Kamar (Tertukar),AMBULANCE,FIRETRUCK,C:\Users\ASUS\Videos\DATASET\TRASH\audit_hasil_pemisahan\salah_kamar\FROM_AMBULANCE_TO_FIRETRUCK_ambulance_0118_seg05.wav
58,FROM_AMBULANCE_TO_FIRETRUCK_ambulance_0154_seg01.wav,Salah Kamar (Tertukar),AMBULANCE,FIRETRUCK,C:\Users\ASUS\Videos\DATASET\TRASH\audit_hasil_pemisahan\salah_kamar\FROM_AMBULANCE_TO_FIRETRUCK_ambulance_0154_seg01.wav
59,FROM_AMBULANCE_TO_FIRETRUCK_aug_noise_3461_sound_2021.wav,Salah Kamar (Tertukar),AMBULANCE,FIRETRUCK,C:\Users\ASUS\Videos\DATASET\TRASH\audit_hasil_pemisahan\salah_kamar\FROM_AMBULANCE_TO_FIRETRUCK_aug_noise_3461_sound_2021.wav
60,FROM_AMBULANCE_TO_FIRETRUCK_aug_noise_6384_ambulance_0154_seg01.wav,Salah Kamar (Tertukar),AMBULANCE,FIRETRUCK,C:\Users\ASUS\Videos\DATASET\TRASH\audit_hasil_pemisahan\salah_kamar\FROM_AMBULANCE_TO_FIRETRUCK_aug_noise_6384_ambulance_0154_seg01.wav
61,FROM_AMBULANCE_TO_FIRETRUCK_aug_noise_ambulance_0118_seg05.wav,Salah Kamar (Tertukar),AMBULANCE,FIRETRUCK,C:\Users\ASUS\Videos\DATASET\TRASH\audit_hasil_pemisahan\salah_kamar\FROM_AMBULANCE_TO_FIRETRUCK_aug_noise_ambulance_0118_seg05.wav
62,FROM_AMBULANCE_TO_FIRETRUCK_aug_noise_ambulance_0154_seg01.wav,Salah Kamar (Tertukar),AMBULANCE,FIRETRUCK,C:\Users\ASUS\Videos\DATASET\TRASH\audit_hasil_pemisahan\salah_kamar\FROM_AMBULANCE_TO_FIRETRUCK_aug_noise_ambulance_0154_seg01.wav
63,FROM_AMBULANCE_TO_FIRETRUCK_aug_noise_sound_28.wav,Salah Kamar (Tertukar),AMBULANCE,FIRETRUCK,C:\Users\ASUS\Videos\DATASET\TRASH\audit_hasil_pemisahan\salah_kamar\FROM_AMBULANCE_TO_FIRETRUCK_aug_noise_sound_28.wav
64,FROM_AMBULANCE_TO_FIRETRUCK_aug_pitch_2151_ambulance_0134_seg01.wav,Salah Kamar (Tertukar),AMBULANCE,FIRETRUCK,C:\Users\ASUS\Videos\DATASET\TRASH\audit_hasil_pemisahan\salah_kamar\FROM_AMBULANCE_TO_FIRETRUCK_aug_pitch_2151_ambulance_0134_seg01.wav
65,FROM_AMBULANCE_TO_FIRETRUCK_aug_pitch_7544_Perlu Diketahui ! Arti Suara Sirene Ambulance-[AudioTrimmer.com].wav,Salah Kamar (Tertukar),AMBULANCE,FIRETRUCK,C:\Users\ASUS\Videos\DATASET\TRASH\audit_hasil_pemisahan\salah_kamar\FROM_AMBULANCE_TO_FIRETRUCK_aug_pitch_7544_Perlu Diketahui ! Arti Suara Sirene Ambulance-[AudioTrimmer.com].wav
66,FROM_AMBULANCE_TO_FIRETRUCK_dl_boost_amb_france_twoton_fAaOT28j878_part0000.wav,Salah Kamar (Tertukar),AMBULANCE,FIRETRUCK,C:\Users\ASUS\Videos\DATASET\TRASH\audit_hasil_pemisahan\salah_kamar\FROM_AMBULANCE_TO_FIRETRUCK_dl_boost_amb_france_twoton_fAaOT28j878_part0000.wav
67,FROM_AMBULANCE_TO_FIRETRUCK_dl_boost_amb_france_twoton_fAaOT28j878_part0002.wav,Salah Kamar (Tertukar),AMBULANCE,FIRETRUCK,C:\Users\ASUS\Videos\DATASET\TRASH\audit_hasil_pemisahan\salah_kamar\FROM_AMBULANCE_TO_FIRETRUCK_dl_boost_amb_france_twoton_fAaOT28j878_part0002.wav
68,FROM_AMBULANCE_TO_FIRETRUCK_dl_boost_amb_france_twoton_fAaOT28j878_part0003.wav,Salah Kamar (Tertukar),AMBULANCE,FIRETRUCK,C:\Users\ASUS\Videos\DATASET\TRASH\audit_hasil_pemisahan\salah_kamar\FROM_AMBULANCE_TO_FIRETRUCK_dl_boost_amb_france_twoton_fAaOT28j878_part0003.wav
69,FROM_AMBULANCE_TO_FIRETRUCK_dl_boost_amb_france_twoton_fAaOT28j878_part0005.wav,Salah Kamar (Tertukar),AMBULANCE,FIRETRUCK,C:\Users\ASUS\Videos\DATASET\TRASH\audit_hasil_pemisahan\salah_kamar\FROM_AMBULANCE_TO_FIRETRUCK_dl_boost_amb_france_twoton_fAaOT28j878_part0005.wav
70,FROM_AMBULANCE_TO_FIRETRUCK_dl_boost_amb_france_twoton_fAaOT28j878_part0006.wav,Salah Kamar (Tertukar),AMBULANCE,FIRETRUCK,C:\Users\ASUS\Videos\DATASET\TRASH\audit_hasil_pemisahan\salah_kamar\FROM_AMBULANCE_TO_FIRETRUCK_dl_boost_amb_france_twoton_fAaOT28j878_part0006.wav
71,FROM_AMBULANCE_TO_FIRETRUCK_dl_boost_amb_france_twoton_fAaOT28j878_part0007.wav,Salah Kamar (Tertukar),AMBULANCE,FIRETRUCK,C:\Users\ASUS\Videos\DATASET\TRASH\audit_hasil_pemisahan\salah_kamar\FROM_AMBULANCE_TO_FIRETRUCK_dl_boost_amb_france_twoton_fAaOT28j878_part0007.wav
72,FROM_AMBULANCE_TO_FIRETRUCK_dl_boost_amb_france_twoton_fAaOT28j878_part0008.wav,Salah Kamar (Tertukar),AMBULANCE,FIRETRUCK,C:\Users\ASUS\Videos\DATASET\TRASH\audit_hasil_pemisahan\salah_kamar\FROM_AMBULANCE_TO_FIRETRUCK_dl_boost_amb_france_twoton_fAaOT28j878_part0008.wav
73,FROM_AMBULANCE_TO_FIRETRUCK_dl_boost_amb_france_twoton_fAaOT28j878_part0009.wav,Salah Kamar (Tertukar),AMBULANCE,FIRETRUCK,C:\Users\ASUS\Videos\DATASET\TRASH\audit_hasil_pemisahan\salah_kamar\FROM_AMBULANCE_TO_FIRETRUCK_dl_boost_amb_france_twoton_fAaOT28j878_part0009.wav
74,FROM_AMBULANCE_TO_FIRETRUCK_dl_boost_amb_france_twoton_fAaOT28j878_part0010.wav,Salah Kamar (Tertukar),AMBULANCE,FIRETRUCK,C:\Users\ASUS\Videos\DATASET\TRASH\audit_hasil_pemisahan\salah_kamar\FROM_AMBULANCE_TO_FIRETRUCK_dl_boost_amb_france_twoton_fAaOT28j878_part0010.wav
75,FROM_AMBULANCE_TO_FIRETRUCK_dl_boost_amb_france_twoton_fAaOT28j878_part0012.wav,Salah Kamar (Tertukar),AMBULANCE,FIRETRUCK,C:\Users\ASUS\Videos\DATASET\TRASH\audit_hasil_pemisahan\salah_kamar\FROM_AMBULANCE_TO_FIRETRUCK_dl_boost_amb_france_twoton_fAaOT28j878_part0012.wav
76,FROM_AMBULANCE_TO_FIRETRUCK_dl_boost_amb_france_twoton_fAaOT28j878_part0013.wav,Salah Kamar (Tertukar),AMBULANCE,FIRETRUCK,C:\Users\ASUS\Videos\DATASET\TRASH\audit_hasil_pemisahan\salah_kamar\FROM_AMBULANCE_TO_FIRETRUCK_dl_boost_amb_france_twoton_fAaOT28j878_part0013.wav
77,FROM_AMBULANCE_TO_FIRETRUCK_dl_boost_amb_france_twoton_fAaOT28j878_part0014.wav,Salah Kamar (Tertukar),AMBULANCE,FIRETRUCK,C:\Users\ASUS\Videos\DATASET\TRASH\audit_hasil_pemisahan\salah_kamar\FROM_AMBULANCE_TO_FIRETRUCK_dl_boost_amb_france_twoton_fAaOT28j878_part0014.wav
78,FROM_AMBULANCE_TO_FIRETRUCK_dl_boost_amb_france_twoton_fAaOT28j878_part0015.wav,Salah Kamar (Tertukar),AMBULANCE,FIRETRUCK,C:\Users\ASUS\Videos\DATASET\TRASH\audit_hasil_pemisahan\salah_kamar\FROM_AMBULANCE_TO_FIRETRUCK_dl_boost_amb_france_twoton_fAaOT28j878_part0015.wav
79,FROM_AMBULANCE_TO_FIRETRUCK_dl_boost_amb_france_twoton_fAaOT28j878_part0016.wav,Salah Kamar (Tertukar),AMBULANCE,FIRETRUCK,C:\Users\ASUS\Videos\DATASET\TRASH\audit_hasil_pemisahan\salah_kamar\FROM_AMBULANCE_TO_FIRETRUCK_dl_boost_amb_france_twoton_fAaOT28j878_part0016.wav
80,FROM_AMBULANCE_TO_FIRETRUCK_dl_boost_amb_france_twoton_fAaOT28j878_part0017.wav,Salah Kamar (Tertukar),AMBULANCE,FIRETRUCK,C:\Users\ASUS\Videos\DATASET\TRASH\audit_hasil_pemisahan\salah_kamar\FROM_AMBULANCE_TO_FIRETRUCK_dl_boost_amb_france_twoton_fAaOT28j878_part0017.wav
81,FROM_AMBULANCE_TO_FIRETRUCK_dl_boost_amb_france_twoton_fAaOT28j878_part0019.wav,Salah Kamar (Tertukar),AMBULANCE,FIRETRUCK,C:\Users\ASUS\Videos\DATASET\TRASH\audit_hasil_pemisahan\salah_kamar\FROM_AMBULANCE_TO_FIRETRUCK_dl_boost_amb_france_twoton_fAaOT28j878_part0019.wav
82,FROM_AMBULANCE_TO_FIRETRUCK_dl_boost_amb_france_twoton_fAaOT28j878_part0020.wav,Salah Kamar (Tertukar),AMBULANCE,FIRETRUCK,C:\Users\ASUS\Videos\DATASET\TRASH\audit_hasil_pemisahan\salah_kamar\FROM_AMBULANCE_TO_FIRETRUCK_dl_boost_amb_france_twoton_fAaOT28j878_part0020.wav
83,FROM_AMBULANCE_TO_FIRETRUCK_dl_boost_amb_france_twoton_fAaOT28j878_part0021.wav,Salah Kamar (Tertukar),AMBULANCE,FIRETRUCK,C:\Users\ASUS\Videos\DATASET\TRASH\audit_hasil_pemisahan\salah_kamar\FROM_AMBULANCE_TO_FIRETRUCK_dl_boost_amb_france_twoton_fAaOT28j878_part0021.wav
84,FROM_AMBULANCE_TO_FIRETRUCK_dl_boost_amb_france_twoton_fAaOT28j878_part0022.wav,Salah Kamar (Tertukar),AMBULANCE,FIRETRUCK,C:\Users\ASUS\Videos\DATASET\TRASH\audit_hasil_pemisahan\salah_kamar\FROM_AMBULANCE_TO_FIRETRUCK_dl_boost_amb_france_twoton_fAaOT28j878_part0022.wav
85,FROM_AMBULANCE_TO_FIRETRUCK_dl_boost_amb_france_twoton_fAaOT28j878_part0023.wav,Salah Kamar (Tertukar),AMBULANCE,FIRETRUCK,C:\Users\ASUS\Videos\DATASET\TRASH\audit_hasil_pemisahan\salah_kamar\FROM_AMBULANCE_TO_FIRETRUCK_dl_boost_amb_france_twoton_fAaOT28j878_part0023.wav
86,FROM_AMBULANCE_TO_FIRETRUCK_dl_boost_amb_france_twoton_fAaOT28j878_part0024.wav,Salah Kamar (Tertukar),AMBULANCE,FIRETRUCK,C:\Users\ASUS\Videos\DATASET\TRASH\audit_hasil_pemisahan\salah_kamar\FROM_AMBULANCE_TO_FIRETRUCK_dl_boost_amb_france_twoton_fAaOT28j878_part0024.wav
87,FROM_AMBULANCE_TO_FIRETRUCK_dl_boost_amb_france_twoton_fAaOT28j878_part0026.wav,Salah Kamar (Tertukar),AMBULANCE,FIRETRUCK,C:\Users\ASUS\Videos\DATASET\TRASH\audit_hasil_pemisahan\salah_kamar\FROM_AMBULANCE_TO_FIRETRUCK_dl_boost_amb_france_twoton_fAaOT28j878_part0026.wav
88,FROM_AMBULANCE_TO_FIRETRUCK_dl_boost_amb_france_twoton_fAaOT28j878_part0027.wav,Salah Kamar (Tertukar),AMBULANCE,FIRETRUCK,C:\Users\ASUS\Videos\DATASET\TRASH\audit_hasil_pemisahan\salah_kamar\FROM_AMBULANCE_TO_FIRETRUCK_dl_boost_amb_france_twoton_fAaOT28j878_part0027.wav
89,FROM_AMBULANCE_TO_FIRETRUCK_dl_boost_amb_france_twoton_fAaOT28j878_part0028.wav,Salah Kamar (Tertukar),AMBULANCE,FIRETRUCK,C:\Users\ASUS\Videos\DATASET\TRASH\audit_hasil_pemisahan\salah_kamar\FROM_AMBULANCE_TO_FIRETRUCK_dl_boost_amb_france_twoton_fAaOT28j878_part0028.wav
90,FROM_AMBULANCE_TO_FIRETRUCK_dl_boost_amb_france_twoton_fAaOT28j878_part0029.wav,Salah Kamar (Tertukar),AMBULANCE,FIRETRUCK,C:\Users\ASUS\Videos\DATASET\TRASH\audit_hasil_pemisahan\salah_kamar\FROM_AMBULANCE_TO_FIRETRUCK_dl_boost_amb_france_twoton_fAaOT28j878_part0029.wav
91,FROM_AMBULANCE_TO_FIRETRUCK_dl_boost_amb_france_twoton_fAaOT28j878_part0030.wav,Salah Kamar (Tertukar),AMBULANCE,FIRETRUCK,C:\Users\ASUS\Videos\DATASET\TRASH\audit_hasil_pemisahan\salah_kamar\FROM_AMBULANCE_TO_FIRETRUCK_dl_boost_amb_france_twoton_fAaOT28j878_part0030.wav
92,FROM_AMBULANCE_TO_FIRETRUCK_dl_boost_amb_france_twoton_fAaOT28j878_part0031.wav,Salah Kamar (Tertukar),AMBULANCE,FIRETRUCK,C:\Users\ASUS\Videos\DATASET\TRASH\audit_hasil_pemisahan\salah_kamar\FROM_AMBULANCE_TO_FIRETRUCK_dl_boost_amb_france_twoton_fAaOT28j878_part0031.wav
93,FROM_AMBULANCE_TO_FIRETRUCK_dl_boost_amb_france_twoton_fAaOT28j878_part0033.wav,Salah Kamar (Tertukar),AMBULANCE,FIRETRUCK,C:\Users\ASUS\Videos\DATASET\TRASH\audit_hasil_pemisahan\salah_kamar\FROM_AMBULANCE_TO_FIRETRUCK_dl_boost_amb_france_twoton_fAaOT28j878_part0033.wav
94,FROM_AMBULANCE_TO_FIRETRUCK_dl_boost_amb_france_twoton_fAaOT28j878_part0034.wav,Salah Kamar (Tertukar),AMBULANCE,FIRETRUCK,C:\Users\ASUS\Videos\DATASET\TRASH\audit_hasil_pemisahan\salah_kamar\FROM_AMBULANCE_TO_FIRETRUCK_dl_boost_amb_france_twoton_fAaOT28j878_part0034.wav
95,FROM_AMBULANCE_TO_FIRETRUCK_dl_boost_amb_france_twoton_fAaOT28j878_part0035.wav,Salah Kamar (Tertukar),AMBULANCE,FIRETRUCK,C:\Users\ASUS\Videos\DATASET\TRASH\audit_hasil_pemisahan\salah_kamar\FROM_AMBULANCE_TO_FIRETRUCK_dl_boost_amb_france_twoton_fAaOT28j878_part0035.wav
96,FROM_AMBULANCE_TO_FIRETRUCK_dl_boost_amb_france_twoton_fAaOT28j878_part0036.wav,Salah Kamar (Tertukar),AMBULANCE,FIRETRUCK,C:\Users\ASUS\Videos\DATASET\TRASH\audit_hasil_pemisahan\salah_kamar\FROM_AMBULANCE_TO_FIRETRUCK_dl_boost_amb_france_twoton_fAaOT28j878_part0036.wav
97,FROM_AMBULANCE_TO_FIRETRUCK_dl_boost_amb_france_twoton_fAaOT28j878_part0037.wav,Salah Kamar (Tertukar),AMBULANCE,FIRETRUCK,C:\Users\ASUS\Videos\DATASET\TRASH\audit_hasil_pemisahan\salah_kamar\FROM_AMBULANCE_TO_FIRETRUCK_dl_boost_amb_france_twoton_fAaOT28j878_part0037.wav
98,FROM_AMBULANCE_TO_FIRETRUCK_dl_boost_amb_france_twoton_fAaOT28j878_part0038.wav,Salah Kamar (Tertukar),AMBULANCE,FIRETRUCK,C:\Users\ASUS\Videos\DATASET\TRASH\audit_hasil_pemisahan\salah_kamar\FROM_AMBULANCE_TO_FIRETRUCK_dl_boost_amb_france_twoton_fAaOT28j878_part0038.wav
99,FROM_AMBULANCE_TO_FIRETRUCK_dl_boost_amb_france_twoton_fAaOT28j878_part0040.wav,Salah Kamar (Tertukar),AMBULANCE,FIRETRUCK,C:\Users\ASUS\Videos\DATASET\TRASH\audit_hasil_pemisahan\salah_kamar\FROM_AMBULANCE_TO_FIRETRUCK_dl_boost_amb_france_twoton_fAaOT28j878_part0040.wav
100,FROM_AMBULANCE_TO_FIRETRUCK_dl_boost_amb_france_twoton_fAaOT28j878_part0041.wav,Salah Kamar (Tertukar),AMBULANCE,FIRETRUCK,C:\Users\ASUS\Videos\DATASET\TRASH\audit_hasil_pemisahan\salah_kamar\FROM_AMBULANCE_TO_FIRETRUCK_dl_boost_amb_france_twoton_fAaOT28j878_part0041.wav
101,FROM_AMBULANCE_TO_FIRETRUCK_dl_boost_amb_france_twoton_fAaOT28j878_part0042.wav,Salah Kamar (Tertukar),AMBULANCE,FIRETRUCK,C:\Users\ASUS\Videos\DATASET\TRASH\audit_hasil_pemisahan\salah_kamar\FROM_AMBULANCE_TO_FIRETRUCK_dl_boost_amb_france_twoton_fAaOT28j878_part0042.wav
102,FROM_AMBULANCE_TO_FIRETRUCK_dl_boost_amb_france_twoton_fAaOT28j878_part0043.wav,Salah Kamar (Tertukar),AMBULANCE,FIRETRUCK,C:\Users\ASUS\Videos\DATASET\TRASH\audit_hasil_pemisahan\salah_kamar\FROM_AMBULANCE_TO_FIRETRUCK_dl_boost_amb_france_twoton_fAaOT28j878_part0043.wav
103,FROM_AMBULANCE_TO_FIRETRUCK_dl_boost_amb_france_twoton_fAaOT28j878_part0044.wav,Salah Kamar (Tertukar),AMBULANCE,FIRETRUCK,C:\Users\ASUS\Videos\DATASET\TRASH\audit_hasil_pemisahan\salah_kamar\FROM_AMBULANCE_TO_FIRETRUCK_dl_boost_amb_france_twoton_fAaOT28j878_part0044.wav
104,FROM_AMBULANCE_TO_FIRETRUCK_dl_boost_amb_france_twoton_fAaOT28j878_part0045.wav,Salah Kamar (Tertukar),AMBULANCE,FIRETRUCK,C:\Users\ASUS\Videos\DATASET\TRASH\audit_hasil_pemisahan\salah_kamar\FROM_AMBULANCE_TO_FIRETRUCK_dl_boost_amb_france_twoton_fAaOT28j878_part0045.wav
105,FROM_AMBULANCE_TO_FIRETRUCK_dl_boost_amb_france_twoton_fAaOT28j878_part0046.wav,Salah Kamar (Tertukar),AMBULANCE,FIRETRUCK,C:\Users\ASUS\Videos\DATASET\TRASH\audit_hasil_pemisahan\salah_kamar\FROM_AMBULANCE_TO_FIRETRUCK_dl_boost_amb_france_twoton_fAaOT28j878_part0046.wav
106,FROM_AMBULANCE_TO_FIRETRUCK_dl_boost_amb_france_twoton_fAaOT28j878_part0047.wav,Salah Kamar (Tertukar),AMBULANCE,FIRETRUCK,C:\Users\ASUS\Videos\DATASET\TRASH\audit_hasil_pemisahan\salah_kamar\FROM_AMBULANCE_TO_FIRETRUCK_dl_boost_amb_france_twoton_fAaOT28j878_part0047.wav
107,FROM_AMBULANCE_TO_FIRETRUCK_dl_boost_amb_france_twoton_fAaOT28j878_part0049.wav,Salah Kamar (Tertukar),AMBULANCE,FIRETRUCK,C:\Users\ASUS\Videos\DATASET\TRASH\audit_hasil_pemisahan\salah_kamar\FROM_AMBULANCE_TO_FIRETRUCK_dl_boost_amb_france_twoton_fAaOT28j878_part0049.wav
108,FROM_AMBULANCE_TO_FIRETRUCK_dl_boost_amb_france_twoton_fAaOT28j878_part0050.wav,Salah Kamar (Tertukar),AMBULANCE,FIRETRUCK,C:\Users\ASUS\Videos\DATASET\TRASH\audit_hasil_pemisahan\salah_kamar\FROM_AMBULANCE_TO_FIRETRUCK_dl_boost_amb_france_twoton_fAaOT28j878_part0050.wav
109,FROM_AMBULANCE_TO_FIRETRUCK_dl_boost_amb_france_twoton_fAaOT28j878_part0052.wav,Salah Kamar (Tertukar),AMBULANCE,FIRETRUCK,C:\Users\ASUS\Videos\DATASET\TRASH\audit_hasil_pemisahan\salah_kamar\FROM_AMBULANCE_TO_FIRETRUCK_dl_boost_amb_france_twoton_fAaOT28j878_part0052.wav
110,FROM_AMBULANCE_TO_FIRETRUCK_dl_boost_amb_france_twoton_fAaOT28j878_part0054.wav,Salah Kamar (Tertukar),AMBULANCE,FIRETRUCK,C:\Users\ASUS\Videos\DATASET\TRASH\audit_hasil_pemisahan\salah_kamar\FROM_AMBULANCE_TO_FIRETRUCK_dl_boost_amb_france_twoton_fAaOT28j878_part0054.wav
111,FROM_AMBULANCE_TO_FIRETRUCK_dl_boost_amb_france_twoton_fAaOT28j878_part0056.wav,Salah Kamar (Tertukar),AMBULANCE,FIRETRUCK,C:\Users\ASUS\Videos\DATASET\TRASH\audit_hasil_pemisahan\salah_kamar\FROM_AMBULANCE_TO_FIRETRUCK_dl_boost_amb_france_twoton_fAaOT28j878_part0056.wav
112,FROM_AMBULANCE_TO_FIRETRUCK_dl_boost_amb_france_twoton_fAaOT28j878_part0057.wav,Salah Kamar (Tertukar),AMBULANCE,FIRETRUCK,C:\Users\ASUS\Videos\DATASET\TRASH\audit_hasil_pemisahan\salah_kamar\FROM_AMBULANCE_TO_FIRETRUCK_dl_boost_amb_france_twoton_fAaOT28j878_part0057.wav
113,FROM_AMBULANCE_TO_FIRETRUCK_dl_boost_amb_france_twoton_fAaOT28j878_part0059.wav,Salah Kamar (Tertukar),AMBULANCE,FIRETRUCK,C:\Users\ASUS\Videos\DATASET\TRASH\audit_hasil_pemisahan\salah_kamar\FROM_AMBULANCE_TO_FIRETRUCK_dl_boost_amb_france_twoton_fAaOT28j878_part0059.wav
114,FROM_AMBULANCE_TO_FIRETRUCK_dl_boost_amb_france_twoton_fAaOT28j878_part0061.wav,Salah Kamar (Tertukar),AMBULANCE,FIRETRUCK,C:\Users\ASUS\Videos\DATASET\TRASH\audit_hasil_pemisahan\salah_kamar\FROM_AMBULANCE_TO_FIRETRUCK_dl_boost_amb_france_twoton_fAaOT28j878_part0061.wav
115,FROM_AMBULANCE_TO_FIRETRUCK_dl_boost_amb_france_twoton_fAaOT28j878_part0063.wav,Salah Kamar (Tertukar),AMBULANCE,FIRETRUCK,C:\Users\ASUS\Videos\DATASET\TRASH\audit_hasil_pemisahan\salah_kamar\FROM_AMBULANCE_TO_FIRETRUCK_dl_boost_amb_france_twoton_fAaOT28j878_part0063.wav
116,FROM_AMBULANCE_TO_FIRETRUCK_dl_boost_amb_france_twoton_fAaOT28j878_part0064.wav,Salah Kamar (Tertukar),AMBULANCE,FIRETRUCK,C:\Users\ASUS\Videos\DATASET\TRASH\audit_hasil_pemisahan\salah_kamar\FROM_AMBULANCE_TO_FIRETRUCK_dl_boost_amb_france_twoton_fAaOT28j878_part0064.wav
117,FROM_AMBULANCE_TO_FIRETRUCK_dl_boost_amb_france_twoton_fAaOT28j878_part0066.wav,Salah Kamar (Tertukar),AMBULANCE,FIRETRUCK,C:\Users\ASUS\Videos\DATASET\TRASH\audit_hasil_pemisahan\salah_kamar\FROM_AMBULANCE_TO_FIRETRUCK_dl_boost_amb_france_twoton_fAaOT28j878_part0066.wav
118,FROM_AMBULANCE_TO_FIRETRUCK_dl_boost_amb_france_twoton_fAaOT28j878_part0068.wav,Salah Kamar (Tertukar),AMBULANCE,FIRETRUCK,C:\Users\ASUS\Videos\DATASET\TRASH\audit_hasil_pemisahan\salah_kamar\FROM_AMBULANCE_TO_FIRETRUCK_dl_boost_amb_france_twoton_fAaOT28j878_part0068.wav
119,FROM_AMBULANCE_TO_FIRETRUCK_dl_boost_amb_france_twoton_fAaOT28j878_part0071.wav,Salah Kamar (Tertukar),AMBULANCE,FIRETRUCK,C:\Users\ASUS\Videos\DATASET\TRASH\audit_hasil_pemisahan\salah_kamar\FROM_AMBULANCE_TO_FIRETRUCK_dl_boost_amb_france_twoton_fAaOT28j878_part0071.wav
120,FROM_AMBULANCE_TO_FIRETRUCK_dl_boost_amb_france_twoton_fAaOT28j878_part0073.wav,Salah Kamar (Tertukar),AMBULANCE,FIRETRUCK,C:\Users\ASUS\Videos\DATASET\TRASH\audit_hasil_pemisahan\salah_kamar\FROM_AMBULANCE_TO_FIRETRUCK_dl_boost_amb_france_twoton_fAaOT28j878_part0073.wav
121,FROM_AMBULANCE_TO_FIRETRUCK_dl_boost_amb_germany_blue_kHIoQsYEnI0_part0000.wav,Salah Kamar (Tertukar),AMBULANCE,FIRETRUCK,C:\Users\ASUS\Videos\DATASET\TRASH\audit_hasil_pemisahan\salah_kamar\FROM_AMBULANCE_TO_FIRETRUCK_dl_boost_amb_germany_blue_kHIoQsYEnI0_part0000.wav
122,FROM_AMBULANCE_TO_FIRETRUCK_dl_boost_amb_germany_blue_kHIoQsYEnI0_part0001.wav,Salah Kamar (Tertukar),AMBULANCE,FIRETRUCK,C:\Users\ASUS\Videos\DATASET\TRASH\audit_hasil_pemisahan\salah_kamar\FROM_AMBULANCE_TO_FIRETRUCK_dl_boost_amb_germany_blue_kHIoQsYEnI0_part0001.wav
123,FROM_AMBULANCE_TO_FIRETRUCK_dl_boost_amb_germany_blue_kHIoQsYEnI0_part0002.wav,Salah Kamar (Tertukar),AMBULANCE,FIRETRUCK,C:\Users\ASUS\Videos\DATASET\TRASH\audit_hasil_pemisahan\salah_kamar\FROM_AMBULANCE_TO_FIRETRUCK_dl_boost_amb_germany_blue_kHIoQsYEnI0_part0002.wav
124,FROM_AMBULANCE_TO_FIRETRUCK_dl_boost_amb_germany_blue_kHIoQsYEnI0_part0003.wav,Salah Kamar (Tertukar),AMBULANCE,FIRETRUCK,C:\Users\ASUS\Videos\DATASET\TRASH\audit_hasil_pemisahan\salah_kamar\FROM_AMBULANCE_TO_FIRETRUCK_dl_boost_amb_germany_blue_kHIoQsYEnI0_part0003.wav
125,FROM_AMBULANCE_TO_FIRETRUCK_dl_boost_amb_germany_blue_kHIoQsYEnI0_part0004.wav,Salah Kamar (Tertukar),AMBULANCE,FIRETRUCK,C:\Users\ASUS\Videos\DATASET\TRASH\audit_hasil_pemisahan\salah_kamar\FROM_AMBULANCE_TO_FIRETRUCK_dl_boost_amb_germany_blue_kHIoQsYEnI0_part0004.wav
126,FROM_AMBULANCE_TO_FIRETRUCK_dl_boost_amb_germany_blue_kHIoQsYEnI0_part0005.wav,Salah Kamar (Tertukar),AMBULANCE,FIRETRUCK,C:\Users\ASUS\Videos\DATASET\TRASH\audit_hasil_pemisahan\salah_kamar\FROM_AMBULANCE_TO_FIRETRUCK_dl_boost_amb_germany_blue_kHIoQsYEnI0_part0005.wav
127,FROM_AMBULANCE_TO_FIRETRUCK_dl_boost_amb_germany_blue_kHIoQsYEnI0_part0006.wav,Salah Kamar (Tertukar),AMBULANCE,FIRETRUCK,C:\Users\ASUS\Videos\DATASET\TRASH\audit_hasil_pemisahan\salah_kamar\FROM_AMBULANCE_TO_FIRETRUCK_dl_boost_amb_germany_blue_kHIoQsYEnI0_part0006.wav
128,FROM_AMBULANCE_TO_FIRETRUCK_dl_boost_amb_japan_siren_5VdG7ZKpPb8_part0000.wav,Salah Kamar (Tertukar),AMBULANCE,FIRETRUCK,C:\Users\ASUS\Videos\DATASET\TRASH\audit_hasil_pemisahan\salah_kamar\FROM_AMBULANCE_TO_FIRETRUCK_dl_boost_amb_japan_siren_5VdG7ZKpPb8_part0000.wav
129,FROM_AMBULANCE_TO_FIRETRUCK_dl_boost_amb_japan_siren_5VdG7ZKpPb8_part0001.wav,Salah Kamar (Tertukar),AMBULANCE,FIRETRUCK,C:\Users\ASUS\Videos\DATASET\TRASH\audit_hasil_pemisahan\salah_kamar\FROM_AMBULANCE_TO_FIRETRUCK_dl_boost_amb_japan_siren_5VdG7ZKpPb8_part0001.wav
130,FROM_AMBULANCE_TO_FIRETRUCK_dl_boost_amb_japan_siren_5VdG7ZKpPb8_part0002.wav,Salah Kamar (Tertukar),AMBULANCE,FIRETRUCK,C:\Users\ASUS\Videos\DATASET\TRASH\audit_hasil_pemisahan\salah_kamar\FROM_AMBULANCE_TO_FIRETRUCK_dl_boost_amb_japan_siren_5VdG7ZKpPb8_part0002.wav
131,FROM_AMBULANCE_TO_FIRETRUCK_dl_boost_amb_japan_siren_5VdG7ZKpPb8_part0003.wav,Salah Kamar (Tertukar),AMBULANCE,FIRETRUCK,C:\Users\ASUS\Videos\DATASET\TRASH\audit_hasil_pemisahan\salah_kamar\FROM_AMBULANCE_TO_FIRETRUCK_dl_boost_amb_japan_siren_5VdG7ZKpPb8_part0003.wav
132,FROM_AMBULANCE_TO_FIRETRUCK_dl_boost_amb_japan_siren_5VdG7ZKpPb8_part0004.wav,Salah Kamar (Tertukar),AMBULANCE,FIRETRUCK,C:\Users\ASUS\Videos\DATASET\TRASH\audit_hasil_pemisahan\salah_kamar\FROM_AMBULANCE_TO_FIRETRUCK_dl_boost_amb_japan_siren_5VdG7ZKpPb8_part0004.wav
133,FROM_AMBULANCE_TO_FIRETRUCK_dl_boost_amb_japan_siren_5VdG7ZKpPb8_part0005.wav,Salah Kamar (Tertukar),AMBULANCE,FIRETRUCK,C:\Users\ASUS\Videos\DATASET\TRASH\audit_hasil_pemisahan\salah_kamar\FROM_AMBULANCE_TO_FIRETRUCK_dl_boost_amb_japan_siren_5VdG7ZKpPb8_part0005.wav
134,FROM_AMBULANCE_TO_FIRETRUCK_dl_boost_amb_japan_siren_5VdG7ZKpPb8_part0006.wav,Salah Kamar (Tertukar),AMBULANCE,FIRETRUCK,C:\Users\ASUS\Videos\DATASET\TRASH\audit_hasil_pemisahan\salah_kamar\FROM_AMBULANCE_TO_FIRETRUCK_dl_boost_amb_japan_siren_5VdG7ZKpPb8_part0006.wav
135,FROM_AMBULANCE_TO_FIRETRUCK_dl_boost_amb_usa_wail_TGrSJf1EEuM_part0046.wav,Salah Kamar (Tertukar),AMBULANCE,FIRETRUCK,C:\Users\ASUS\Videos\DATASET\TRASH\audit_hasil_pemisahan\salah_kamar\FROM_AMBULANCE_TO_FIRETRUCK_dl_boost_amb_usa_wail_TGrSJf1EEuM_part0046.wav
136,FROM_AMBULANCE_TO_FIRETRUCK_dl_v3_amb_new_06_part0008.wav,Salah Kamar (Tertukar),AMBULANCE,FIRETRUCK,C:\Users\ASUS\Videos\DATASET\TRASH\audit_hasil_pemisahan\salah_kamar\FROM_AMBULANCE_TO_FIRETRUCK_dl_v3_amb_new_06_part0008.wav
137,FROM_AMBULANCE_TO_FIRETRUCK_dl_v3_amb_new_06_part0028.wav,Salah Kamar (Tertukar),AMBULANCE,FIRETRUCK,C:\Users\ASUS\Videos\DATASET\TRASH\audit_hasil_pemisahan\salah_kamar\FROM_AMBULANCE_TO_FIRETRUCK_dl_v3_amb_new_06_part0028.wav
138,FROM_AMBULANCE_TO_POLICE_aug_noise_2059_sound_727_1.wav,Salah Kamar (Tertukar),AMBULANCE,POLICE,C:\Users\ASUS\Videos\DATASET\TRASH\audit_hasil_pemisahan\salah_kamar\FROM_AMBULANCE_TO_POLICE_aug_noise_2059_sound_727_1.wav
139,FROM_AMBULANCE_TO_POLICE_aug_noise_8700_sound_735_1.wav,Salah Kamar (Tertukar),AMBULANCE,POLICE,C:\Users\ASUS\Videos\DATASET\TRASH\audit_hasil_pemisahan\salah_kamar\FROM_AMBULANCE_TO_POLICE_aug_noise_8700_sound_735_1.wav
140,FROM_AMBULANCE_TO_POLICE_dl_boost_amb_euro_hi_lo_LTQLU_R-yG4_part0002.wav,Salah Kamar (Tertukar),AMBULANCE,POLICE,C:\Users\ASUS\Videos\DATASET\TRASH\audit_hasil_pemisahan\salah_kamar\FROM_AMBULANCE_TO_POLICE_dl_boost_amb_euro_hi_lo_LTQLU_R-yG4_part0002.wav
141,FROM_AMBULANCE_TO_POLICE_dl_boost_amb_euro_hi_lo_LTQLU_R-yG4_part0003.wav,Salah Kamar (Tertukar),AMBULANCE,POLICE,C:\Users\ASUS\Videos\DATASET\TRASH\audit_hasil_pemisahan\salah_kamar\FROM_AMBULANCE_TO_POLICE_dl_boost_amb_euro_hi_lo_LTQLU_R-yG4_part0003.wav
142,FROM_AMBULANCE_TO_POLICE_dl_boost_amb_euro_hi_lo_LTQLU_R-yG4_part0004.wav,Salah Kamar (Tertukar),AMBULANCE,POLICE,C:\Users\ASUS\Videos\DATASET\TRASH\audit_hasil_pemisahan\salah_kamar\FROM_AMBULANCE_TO_POLICE_dl_boost_amb_euro_hi_lo_LTQLU_R-yG4_part0004.wav
143,FROM_AMBULANCE_TO_POLICE_dl_boost_amb_euro_hi_lo_LTQLU_R-yG4_part0005.wav,Salah Kamar (Tertukar),AMBULANCE,POLICE,C:\Users\ASUS\Videos\DATASET\TRASH\audit_hasil_pemisahan\salah_kamar\FROM_AMBULANCE_TO_POLICE_dl_boost_amb_euro_hi_lo_LTQLU_R-yG4_part0005.wav
144,FROM_AMBULANCE_TO_POLICE_dl_boost_amb_euro_hi_lo_LTQLU_R-yG4_part0006.wav,Salah Kamar (Tertukar),AMBULANCE,POLICE,C:\Users\ASUS\Videos\DATASET\TRASH\audit_hasil_pemisahan\salah_kamar\FROM_AMBULANCE_TO_POLICE_dl_boost_amb_euro_hi_lo_LTQLU_R-yG4_part0006.wav
145,FROM_AMBULANCE_TO_POLICE_dl_boost_amb_euro_hi_lo_LTQLU_R-yG4_part0007.wav,Salah Kamar (Tertukar),AMBULANCE,POLICE,C:\Users\ASUS\Videos\DATASET\TRASH\audit_hasil_pemisahan\salah_kamar\FROM_AMBULANCE_TO_POLICE_dl_boost_amb_euro_hi_lo_LTQLU_R-yG4_part0007.wav
146,FROM_AMBULANCE_TO_POLICE_dl_boost_amb_euro_hi_lo_LTQLU_R-yG4_part0009.wav,Salah Kamar (Tertukar),AMBULANCE,POLICE,C:\Users\ASUS\Videos\DATASET\TRASH\audit_hasil_pemisahan\salah_kamar\FROM_AMBULANCE_TO_POLICE_dl_boost_amb_euro_hi_lo_LTQLU_R-yG4_part0009.wav
147,FROM_AMBULANCE_TO_POLICE_dl_boost_amb_euro_hi_lo_LTQLU_R-yG4_part0010.wav,Salah Kamar (Tertukar),AMBULANCE,POLICE,C:\Users\ASUS\Videos\DATASET\TRASH\audit_hasil_pemisahan\salah_kamar\FROM_AMBULANCE_TO_POLICE_dl_boost_amb_euro_hi_lo_LTQLU_R-yG4_part0010.wav
148,FROM_AMBULANCE_TO_POLICE_dl_boost_amb_euro_hi_lo_LTQLU_R-yG4_part0011.wav,Salah Kamar (Tertukar),AMBULANCE,POLICE,C:\Users\ASUS\Videos\DATASET\TRASH\audit_hasil_pemisahan\salah_kamar\FROM_AMBULANCE_TO_POLICE_dl_boost_amb_euro_hi_lo_LTQLU_R-yG4_part0011.wav
149,FROM_AMBULANCE_TO_POLICE_dl_boost_amb_euro_hi_lo_LTQLU_R-yG4_part0012.wav,Salah Kamar (Tertukar),AMBULANCE,POLICE,C:\Users\ASUS\Videos\DATASET\TRASH\audit_hasil_pemisahan\salah_kamar\FROM_AMBULANCE_TO_POLICE_dl_boost_amb_euro_hi_lo_LTQLU_R-yG4_part0012.wav
150,FROM_AMBULANCE_TO_POLICE_dl_boost_amb_euro_hi_lo_LTQLU_R-yG4_part0013.wav,Salah Kamar (Tertukar),AMBULANCE,POLICE,C:\Users\ASUS\Videos\DATASET\TRASH\audit_hasil_pemisahan\salah_kamar\FROM_AMBULANCE_TO_POLICE_dl_boost_amb_euro_hi_lo_LTQLU_R-yG4_part0013.wav
151,FROM_AMBULANCE_TO_POLICE_dl_boost_amb_euro_hi_lo_LTQLU_R-yG4_part0014.wav,Salah Kamar (Tertukar),AMBULANCE,POLICE,C:\Users\ASUS\Videos\DATASET\TRASH\audit_hasil_pemisahan\salah_kamar\FROM_AMBULANCE_TO_POLICE_dl_boost_amb_euro_hi_lo_LTQLU_R-yG4_part0014.wav
152,FROM_AMBULANCE_TO_POLICE_dl_boost_amb_euro_hi_lo_LTQLU_R-yG4_part0016.wav,Salah Kamar (Tertukar),AMBULANCE,POLICE,C:\Users\ASUS\Videos\DATASET\TRASH\audit_hasil_pemisahan\salah_kamar\FROM_AMBULANCE_TO_POLICE_dl_boost_amb_euro_hi_lo_LTQLU_R-yG4_part0016.wav
153,FROM_AMBULANCE_TO_POLICE_dl_boost_amb_euro_hi_lo_LTQLU_R-yG4_part0017.wav,Salah Kamar (Tertukar),AMBULANCE,POLICE,C:\Users\ASUS\Videos\DATASET\TRASH\audit_hasil_pemisahan\salah_kamar\FROM_AMBULANCE_TO_POLICE_dl_boost_amb_euro_hi_lo_LTQLU_R-yG4_part0017.wav
154,FROM_AMBULANCE_TO_POLICE_dl_boost_amb_euro_hi_lo_LTQLU_R-yG4_part0018.wav,Salah Kamar (Tertukar),AMBULANCE,POLICE,C:\Users\ASUS\Videos\DATASET\TRASH\audit_hasil_pemisahan\salah_kamar\FROM_AMBULANCE_TO_POLICE_dl_boost_amb_euro_hi_lo_LTQLU_R-yG4_part0018.wav
155,FROM_AMBULANCE_TO_POLICE_dl_boost_amb_euro_hi_lo_LTQLU_R-yG4_part0019.wav,Salah Kamar (Tertukar),AMBULANCE,POLICE,C:\Users\ASUS\Videos\DATASET\TRASH\audit_hasil_pemisahan\salah_kamar\FROM_AMBULANCE_TO_POLICE_dl_boost_amb_euro_hi_lo_LTQLU_R-yG4_part0019.wav
156,FROM_AMBULANCE_TO_POLICE_dl_boost_amb_euro_hi_lo_LTQLU_R-yG4_part0020.wav,Salah Kamar (Tertukar),AMBULANCE,POLICE,C:\Users\ASUS\Videos\DATASET\TRASH\audit_hasil_pemisahan\salah_kamar\FROM_AMBULANCE_TO_POLICE_dl_boost_amb_euro_hi_lo_LTQLU_R-yG4_part0020.wav
157,FROM_AMBULANCE_TO_POLICE_dl_boost_amb_euro_hi_lo_LTQLU_R-yG4_part0021.wav,Salah Kamar (Tertukar),AMBULANCE,POLICE,C:\Users\ASUS\Videos\DATASET\TRASH\audit_hasil_pemisahan\salah_kamar\FROM_AMBULANCE_TO_POLICE_dl_boost_amb_euro_hi_lo_LTQLU_R-yG4_part0021.wav
158,FROM_AMBULANCE_TO_POLICE_dl_boost_amb_euro_hi_lo_LTQLU_R-yG4_part0023.wav,Salah Kamar (Tertukar),AMBULANCE,POLICE,C:\Users\ASUS\Videos\DATASET\TRASH\audit_hasil_pemisahan\salah_kamar\FROM_AMBULANCE_TO_POLICE_dl_boost_amb_euro_hi_lo_LTQLU_R-yG4_part0023.wav
159,FROM_AMBULANCE_TO_POLICE_dl_boost_amb_euro_hi_lo_LTQLU_R-yG4_part0024.wav,Salah Kamar (Tertukar),AMBULANCE,POLICE,C:\Users\ASUS\Videos\DATASET\TRASH\audit_hasil_pemisahan\salah_kamar\FROM_AMBULANCE_TO_POLICE_dl_boost_amb_euro_hi_lo_LTQLU_R-yG4_part0024.wav
160,FROM_AMBULANCE_TO_POLICE_dl_boost_amb_euro_hi_lo_LTQLU_R-yG4_part0025.wav,Salah Kamar (Tertukar),AMBULANCE,POLICE,C:\Users\ASUS\Videos\DATASET\TRASH\audit_hasil_pemisahan\salah_kamar\FROM_AMBULANCE_TO_POLICE_dl_boost_amb_euro_hi_lo_LTQLU_R-yG4_part0025.wav
161,FROM_AMBULANCE_TO_POLICE_dl_boost_amb_euro_hi_lo_LTQLU_R-yG4_part0026.wav,Salah Kamar (Tertukar),AMBULANCE,POLICE,C:\Users\ASUS\Videos\DATASET\TRASH\audit_hasil_pemisahan\salah_kamar\FROM_AMBULANCE_TO_POLICE_dl_boost_amb_euro_hi_lo_LTQLU_R-yG4_part0026.wav
162,FROM_AMBULANCE_TO_POLICE_dl_boost_amb_euro_hi_lo_LTQLU_R-yG4_part0027.wav,Salah Kamar (Tertukar),AMBULANCE,POLICE,C:\Users\ASUS\Videos\DATASET\TRASH\audit_hasil_pemisahan\salah_kamar\FROM_AMBULANCE_TO_POLICE_dl_boost_amb_euro_hi_lo_LTQLU_R-yG4_part0027.wav
163,FROM_AMBULANCE_TO_POLICE_dl_boost_amb_euro_hi_lo_LTQLU_R-yG4_part0028.wav,Salah Kamar (Tertukar),AMBULANCE,POLICE,C:\Users\ASUS\Videos\DATASET\TRASH\audit_hasil_pemisahan\salah_kamar\FROM_AMBULANCE_TO_POLICE_dl_boost_amb_euro_hi_lo_LTQLU_R-yG4_part0028.wav
164,FROM_AMBULANCE_TO_POLICE_dl_boost_amb_euro_hi_lo_LTQLU_R-yG4_part0030.wav,Salah Kamar (Tertukar),AMBULANCE,POLICE,C:\Users\ASUS\Videos\DATASET\TRASH\audit_hasil_pemisahan\salah_kamar\FROM_AMBULANCE_TO_POLICE_dl_boost_amb_euro_hi_lo_LTQLU_R-yG4_part0030.wav
165,FROM_AMBULANCE_TO_POLICE_dl_boost_amb_euro_hi_lo_LTQLU_R-yG4_part0031.wav,Salah Kamar (Tertukar),AMBULANCE,POLICE,C:\Users\ASUS\Videos\DATASET\TRASH\audit_hasil_pemisahan\salah_kamar\FROM_AMBULANCE_TO_POLICE_dl_boost_amb_euro_hi_lo_LTQLU_R-yG4_part0031.wav
166,FROM_AMBULANCE_TO_POLICE_dl_boost_amb_euro_hi_lo_LTQLU_R-yG4_part0032.wav,Salah Kamar (Tertukar),AMBULANCE,POLICE,C:\Users\ASUS\Videos\DATASET\TRASH\audit_hasil_pemisahan\salah_kamar\FROM_AMBULANCE_TO_POLICE_dl_boost_amb_euro_hi_lo_LTQLU_R-yG4_part0032.wav
167,FROM_AMBULANCE_TO_POLICE_dl_boost_amb_euro_hi_lo_LTQLU_R-yG4_part0033.wav,Salah Kamar (Tertukar),AMBULANCE,POLICE,C:\Users\ASUS\Videos\DATASET\TRASH\audit_hasil_pemisahan\salah_kamar\FROM_AMBULANCE_TO_POLICE_dl_boost_amb_euro_hi_lo_LTQLU_R-yG4_part0033.wav
168,FROM_AMBULANCE_TO_POLICE_dl_boost_amb_euro_hi_lo_LTQLU_R-yG4_part0034.wav,Salah Kamar (Tertukar),AMBULANCE,POLICE,C:\Users\ASUS\Videos\DATASET\TRASH\audit_hasil_pemisahan\salah_kamar\FROM_AMBULANCE_TO_POLICE_dl_boost_amb_euro_hi_lo_LTQLU_R-yG4_part0034.wav
169,FROM_AMBULANCE_TO_POLICE_dl_boost_amb_euro_hi_lo_LTQLU_R-yG4_part0035.wav,Salah Kamar (Tertukar),AMBULANCE,POLICE,C:\Users\ASUS\Videos\DATASET\TRASH\audit_hasil_pemisahan\salah_kamar\FROM_AMBULANCE_TO_POLICE_dl_boost_amb_euro_hi_lo_LTQLU_R-yG4_part0035.wav
170,FROM_AMBULANCE_TO_POLICE_dl_boost_amb_euro_hi_lo_LTQLU_R-yG4_part0037.wav,Salah Kamar (Tertukar),AMBULANCE,POLICE,C:\Users\ASUS\Videos\DATASET\TRASH\audit_hasil_pemisahan\salah_kamar\FROM_AMBULANCE_TO_POLICE_dl_boost_amb_euro_hi_lo_LTQLU_R-yG4_part0037.wav
171,FROM_AMBULANCE_TO_POLICE_dl_boost_amb_euro_hi_lo_LTQLU_R-yG4_part0038.wav,Salah Kamar (Tertukar),AMBULANCE,POLICE,C:\Users\ASUS\Videos\DATASET\TRASH\audit_hasil_pemisahan\salah_kamar\FROM_AMBULANCE_TO_POLICE_dl_boost_amb_euro_hi_lo_LTQLU_R-yG4_part0038.wav
172,FROM_AMBULANCE_TO_POLICE_dl_boost_amb_euro_hi_lo_LTQLU_R-yG4_part0039.wav,Salah Kamar (Tertukar),AMBULANCE,POLICE,C:\Users\ASUS\Videos\DATASET\TRASH\audit_hasil_pemisahan\salah_kamar\FROM_AMBULANCE_TO_POLICE_dl_boost_amb_euro_hi_lo_LTQLU_R-yG4_part0039.wav
173,FROM_AMBULANCE_TO_POLICE_dl_boost_amb_euro_hi_lo_LTQLU_R-yG4_part0040.wav,Salah Kamar (Tertukar),AMBULANCE,POLICE,C:\Users\ASUS\Videos\DATASET\TRASH\audit_hasil_pemisahan\salah_kamar\FROM_AMBULANCE_TO_POLICE_dl_boost_amb_euro_hi_lo_LTQLU_R-yG4_part0040.wav
174,FROM_AMBULANCE_TO_POLICE_dl_boost_amb_euro_hi_lo_LTQLU_R-yG4_part0041.wav,Salah Kamar (Tertukar),AMBULANCE,POLICE,C:\Users\ASUS\Videos\DATASET\TRASH\audit_hasil_pemisahan\salah_kamar\FROM_AMBULANCE_TO_POLICE_dl_boost_amb_euro_hi_lo_LTQLU_R-yG4_part0041.wav
175,FROM_AMBULANCE_TO_POLICE_dl_boost_amb_euro_hi_lo_LTQLU_R-yG4_part0042.wav,Salah Kamar (Tertukar),AMBULANCE,POLICE,C:\Users\ASUS\Videos\DATASET\TRASH\audit_hasil_pemisahan\salah_kamar\FROM_AMBULANCE_TO_POLICE_dl_boost_amb_euro_hi_lo_LTQLU_R-yG4_part0042.wav
176,FROM_AMBULANCE_TO_POLICE_dl_boost_amb_euro_hi_lo_LTQLU_R-yG4_part0043.wav,Salah Kamar (Tertukar),AMBULANCE,POLICE,C:\Users\ASUS\Videos\DATASET\TRASH\audit_hasil_pemisahan\salah_kamar\FROM_AMBULANCE_TO_POLICE_dl_boost_amb_euro_hi_lo_LTQLU_R-yG4_part0043.wav
177,FROM_AMBULANCE_TO_POLICE_dl_boost_amb_euro_hi_lo_LTQLU_R-yG4_part0044.wav,Salah Kamar (Tertukar),AMBULANCE,POLICE,C:\Users\ASUS\Videos\DATASET\TRASH\audit_hasil_pemisahan\salah_kamar\FROM_AMBULANCE_TO_POLICE_dl_boost_amb_euro_hi_lo_LTQLU_R-yG4_part0044.wav
178,FROM_AMBULANCE_TO_POLICE_dl_boost_amb_euro_hi_lo_LTQLU_R-yG4_part0045.wav,Salah Kamar (Tertukar),AMBULANCE,POLICE,C:\Users\ASUS\Videos\DATASET\TRASH\audit_hasil_pemisahan\salah_kamar\FROM_AMBULANCE_TO_POLICE_dl_boost_amb_euro_hi_lo_LTQLU_R-yG4_part0045.wav
179,FROM_AMBULANCE_TO_POLICE_dl_boost_amb_euro_hi_lo_LTQLU_R-yG4_part0046.wav,Salah Kamar (Tertukar),AMBULANCE,POLICE,C:\Users\ASUS\Videos\DATASET\TRASH\audit_hasil_pemisahan\salah_kamar\FROM_AMBULANCE_TO_POLICE_dl_boost_amb_euro_hi_lo_LTQLU_R-yG4_part0046.wav
180,FROM_AMBULANCE_TO_POLICE_dl_boost_amb_euro_hi_lo_LTQLU_R-yG4_part0047.wav,Salah Kamar (Tertukar),AMBULANCE,POLICE,C:\Users\ASUS\Videos\DATASET\TRASH\audit_hasil_pemisahan\salah_kamar\FROM_AMBULANCE_TO_POLICE_dl_boost_amb_euro_hi_lo_LTQLU_R-yG4_part0047.wav
181,FROM_AMBULANCE_TO_POLICE_dl_boost_amb_euro_hi_lo_LTQLU_R-yG4_part0048.wav,Salah Kamar (Tertukar),AMBULANCE,POLICE,C:\Users\ASUS\Videos\DATASET\TRASH\audit_hasil_pemisahan\salah_kamar\FROM_AMBULANCE_TO_POLICE_dl_boost_amb_euro_hi_lo_LTQLU_R-yG4_part0048.wav
182,FROM_AMBULANCE_TO_POLICE_dl_boost_amb_euro_hi_lo_LTQLU_R-yG4_part0049.wav,Salah Kamar (Tertukar),AMBULANCE,POLICE,C:\Users\ASUS\Videos\DATASET\TRASH\audit_hasil_pemisahan\salah_kamar\FROM_AMBULANCE_TO_POLICE_dl_boost_amb_euro_hi_lo_LTQLU_R-yG4_part0049.wav
183,FROM_AMBULANCE_TO_POLICE_dl_boost_amb_euro_hi_lo_LTQLU_R-yG4_part0051.wav,Salah Kamar (Tertukar),AMBULANCE,POLICE,C:\Users\ASUS\Videos\DATASET\TRASH\audit_hasil_pemisahan\salah_kamar\FROM_AMBULANCE_TO_POLICE_dl_boost_amb_euro_hi_lo_LTQLU_R-yG4_part0051.wav
184,FROM_AMBULANCE_TO_POLICE_dl_boost_amb_euro_hi_lo_LTQLU_R-yG4_part0052.wav,Salah Kamar (Tertukar),AMBULANCE,POLICE,C:\Users\ASUS\Videos\DATASET\TRASH\audit_hasil_pemisahan\salah_kamar\FROM_AMBULANCE_TO_POLICE_dl_boost_amb_euro_hi_lo_LTQLU_R-yG4_part0052.wav
185,FROM_AMBULANCE_TO_POLICE_dl_boost_amb_euro_hi_lo_LTQLU_R-yG4_part0053.wav,Salah Kamar (Tertukar),AMBULANCE,POLICE,C:\Users\ASUS\Videos\DATASET\TRASH\audit_hasil_pemisahan\salah_kamar\FROM_AMBULANCE_TO_POLICE_dl_boost_amb_euro_hi_lo_LTQLU_R-yG4_part0053.wav
186,FROM_AMBULANCE_TO_POLICE_dl_boost_amb_euro_hi_lo_LTQLU_R-yG4_part0054.wav,Salah Kamar (Tertukar),AMBULANCE,POLICE,C:\Users\ASUS\Videos\DATASET\TRASH\audit_hasil_pemisahan\salah_kamar\FROM_AMBULANCE_TO_POLICE_dl_boost_amb_euro_hi_lo_LTQLU_R-yG4_part0054.wav
187,FROM_AMBULANCE_TO_POLICE_dl_boost_amb_euro_hi_lo_LTQLU_R-yG4_part0055.wav,Salah Kamar (Tertukar),AMBULANCE,POLICE,C:\Users\ASUS\Videos\DATASET\TRASH\audit_hasil_pemisahan\salah_kamar\FROM_AMBULANCE_TO_POLICE_dl_boost_amb_euro_hi_lo_LTQLU_R-yG4_part0055.wav
188,FROM_AMBULANCE_TO_POLICE_dl_boost_amb_euro_hi_lo_LTQLU_R-yG4_part0056.wav,Salah Kamar (Tertukar),AMBULANCE,POLICE,C:\Users\ASUS\Videos\DATASET\TRASH\audit_hasil_pemisahan\salah_kamar\FROM_AMBULANCE_TO_POLICE_dl_boost_amb_euro_hi_lo_LTQLU_R-yG4_part0056.wav
189,FROM_AMBULANCE_TO_POLICE_dl_boost_amb_euro_hi_lo_LTQLU_R-yG4_part0057.wav,Salah Kamar (Tertukar),AMBULANCE,POLICE,C:\Users\ASUS\Videos\DATASET\TRASH\audit_hasil_pemisahan\salah_kamar\FROM_AMBULANCE_TO_POLICE_dl_boost_amb_euro_hi_lo_LTQLU_R-yG4_part0057.wav
190,FROM_AMBULANCE_TO_POLICE_dl_boost_amb_euro_hi_lo_LTQLU_R-yG4_part0058.wav,Salah Kamar (Tertukar),AMBULANCE,POLICE,C:\Users\ASUS\Videos\DATASET\TRASH\audit_hasil_pemisahan\salah_kamar\FROM_AMBULANCE_TO_POLICE_dl_boost_amb_euro_hi_lo_LTQLU_R-yG4_part0058.wav
191,FROM_AMBULANCE_TO_POLICE_dl_boost_amb_euro_hi_lo_LTQLU_R-yG4_part0059.wav,Salah Kamar (Tertukar),AMBULANCE,POLICE,C:\Users\ASUS\Videos\DATASET\TRASH\audit_hasil_pemisahan\salah_kamar\FROM_AMBULANCE_TO_POLICE_dl_boost_amb_euro_hi_lo_LTQLU_R-yG4_part0059.wav
192,FROM_AMBULANCE_TO_POLICE_dl_boost_amb_euro_hi_lo_LTQLU_R-yG4_part0060.wav,Salah Kamar (Tertukar),AMBULANCE,POLICE,C:\Users\ASUS\Videos\DATASET\TRASH\audit_hasil_pemisahan\salah_kamar\FROM_AMBULANCE_TO_POLICE_dl_boost_amb_euro_hi_lo_LTQLU_R-yG4_part0060.wav
193,FROM_AMBULANCE_TO_POLICE_dl_boost_amb_euro_hi_lo_LTQLU_R-yG4_part0061.wav,Salah Kamar (Tertukar),AMBULANCE,POLICE,C:\Users\ASUS\Videos\DATASET\TRASH\audit_hasil_pemisahan\salah_kamar\FROM_AMBULANCE_TO_POLICE_dl_boost_amb_euro_hi_lo_LTQLU_R-yG4_part0061.wav
194,FROM_AMBULANCE_TO_POLICE_dl_boost_amb_euro_hi_lo_LTQLU_R-yG4_part0062.wav,Salah Kamar (Tertukar),AMBULANCE,POLICE,C:\Users\ASUS\Videos\DATASET\TRASH\audit_hasil_pemisahan\salah_kamar\FROM_AMBULANCE_TO_POLICE_dl_boost_amb_euro_hi_lo_LTQLU_R-yG4_part0062.wav
195,FROM_AMBULANCE_TO_POLICE_dl_boost_amb_euro_hi_lo_LTQLU_R-yG4_part0063.wav,Salah Kamar (Tertukar),AMBULANCE,POLICE,C:\Users\ASUS\Videos\DATASET\TRASH\audit_hasil_pemisahan\salah_kamar\FROM_AMBULANCE_TO_POLICE_dl_boost_amb_euro_hi_lo_LTQLU_R-yG4_part0063.wav
196,FROM_AMBULANCE_TO_POLICE_dl_boost_amb_euro_hi_lo_LTQLU_R-yG4_part0064.wav,Salah Kamar (Tertukar),AMBULANCE,POLICE,C:\Users\ASUS\Videos\DATASET\TRASH\audit_hasil_pemisahan\salah_kamar\FROM_AMBULANCE_TO_POLICE_dl_boost_amb_euro_hi_lo_LTQLU_R-yG4_part0064.wav
197,FROM_AMBULANCE_TO_POLICE_dl_boost_amb_euro_hi_lo_LTQLU_R-yG4_part0065.wav,Salah Kamar (Tertukar),AMBULANCE,POLICE,C:\Users\ASUS\Videos\DATASET\TRASH\audit_hasil_pemisahan\salah_kamar\FROM_AMBULANCE_TO_POLICE_dl_boost_amb_euro_hi_lo_LTQLU_R-yG4_part0065.wav
198,FROM_AMBULANCE_TO_POLICE_dl_boost_amb_euro_hi_lo_LTQLU_R-yG4_part0066.wav,Salah Kamar (Tertukar),AMBULANCE,POLICE,C:\Users\ASUS\Videos\DATASET\TRASH\audit_hasil_pemisahan\salah_kamar\FROM_AMBULANCE_TO_POLICE_dl_boost_amb_euro_hi_lo_LTQLU_R-yG4_part0066.wav
199,FROM_AMBULANCE_TO_POLICE_dl_boost_amb_euro_hi_lo_LTQLU_R-yG4_part0067.wav,Salah Kamar (Tertukar),AMBULANCE,POLICE,C:\Users\ASUS\Videos\DATASET\TRASH\audit_hasil_pemisahan\salah_kamar\FROM_AMBULANCE_TO_POLICE_dl_boost_amb_euro_hi_lo_LTQLU_R-yG4_part0067.wav
200,FROM_AMBULANCE_TO_POLICE_dl_boost_amb_euro_hi_lo_LTQLU_R-yG4_part0068.wav,Salah Kamar (Tertukar),AMBULANCE,POLICE,C:\Users\ASUS\Videos\DATASET\TRASH\audit_hasil_pemisahan\salah_kamar\FROM_AMBULANCE_TO_POLICE_dl_boost_amb_euro_hi_lo_LTQLU_R-yG4_part0068.wav
201,FROM_AMBULANCE_TO_POLICE_dl_boost_amb_euro_hi_lo_LTQLU_R-yG4_part0069.wav,Salah Kamar (Tertukar),AMBULANCE,POLICE,C:\Users\ASUS\Videos\DATASET\TRASH\audit_hasil_pemisahan\salah_kamar\FROM_AMBULANCE_TO_POLICE_dl_boost_amb_euro_hi_lo_LTQLU_R-yG4_part0069.wav
202,FROM_AMBULANCE_TO_POLICE_dl_boost_amb_euro_hi_lo_LTQLU_R-yG4_part0070.wav,Salah Kamar (Tertukar),AMBULANCE,POLICE,C:\Users\ASUS\Videos\DATASET\TRASH\audit_hasil_pemisahan\salah_kamar\FROM_AMBULANCE_TO_POLICE_dl_boost_amb_euro_hi_lo_LTQLU_R-yG4_part0070.wav
203,FROM_AMBULANCE_TO_POLICE_dl_boost_amb_euro_hi_lo_LTQLU_R-yG4_part0071.wav,Salah Kamar (Tertukar),AMBULANCE,POLICE,C:\Users\ASUS\Videos\DATASET\TRASH\audit_hasil_pemisahan\salah_kamar\FROM_AMBULANCE_TO_POLICE_dl_boost_amb_euro_hi_lo_LTQLU_R-yG4_part0071.wav
204,FROM_AMBULANCE_TO_POLICE_dl_boost_amb_euro_hi_lo_LTQLU_R-yG4_part0072.wav,Salah Kamar (Tertukar),AMBULANCE,POLICE,C:\Users\ASUS\Videos\DATASET\TRASH\audit_hasil_pemisahan\salah_kamar\FROM_AMBULANCE_TO_POLICE_dl_boost_amb_euro_hi_lo_LTQLU_R-yG4_part0072.wav
205,FROM_AMBULANCE_TO_POLICE_dl_boost_amb_euro_hi_lo_LTQLU_R-yG4_part0073.wav,Salah Kamar (Tertukar),AMBULANCE,POLICE,C:\Users\ASUS\Videos\DATASET\TRASH\audit_hasil_pemisahan\salah_kamar\FROM_AMBULANCE_TO_POLICE_dl_boost_amb_euro_hi_lo_LTQLU_R-yG4_part0073.wav
206,FROM_AMBULANCE_TO_POLICE_dl_boost_amb_euro_hi_lo_LTQLU_R-yG4_part0074.wav,Salah Kamar (Tertukar),AMBULANCE,POLICE,C:\Users\ASUS\Videos\DATASET\TRASH\audit_hasil_pemisahan\salah_kamar\FROM_AMBULANCE_TO_POLICE_dl_boost_amb_euro_hi_lo_LTQLU_R-yG4_part0074.wav
207,FROM_FIRETRUCK_TO_AMBULANCE_aug_fix_0001_slow.wav,Salah Kamar (Tertukar),FIRETRUCK,AMBULANCE,C:\Users\ASUS\Videos\DATASET\TRASH\audit_hasil_pemisahan\salah_kamar\FROM_FIRETRUCK_TO_AMBULANCE_aug_fix_0001_slow.wav
208,FROM_FIRETRUCK_TO_AMBULANCE_aug_fix_0001_traffic.wav,Salah Kamar (Tertukar),FIRETRUCK,AMBULANCE,C:\Users\ASUS\Videos\DATASET\TRASH\audit_hasil_pemisahan\salah_kamar\FROM_FIRETRUCK_TO_AMBULANCE_aug_fix_0001_traffic.wav
209,FROM_FIRETRUCK_TO_AMBULANCE_aug_fix_0003_slow.wav,Salah Kamar (Tertukar),FIRETRUCK,AMBULANCE,C:\Users\ASUS\Videos\DATASET\TRASH\audit_hasil_pemisahan\salah_kamar\FROM_FIRETRUCK_TO_AMBULANCE_aug_fix_0003_slow.wav
210,FROM_FIRETRUCK_TO_AMBULANCE_aug_fix_0003_traffic.wav,Salah Kamar (Tertukar),FIRETRUCK,AMBULANCE,C:\Users\ASUS\Videos\DATASET\TRASH\audit_hasil_pemisahan\salah_kamar\FROM_FIRETRUCK_TO_AMBULANCE_aug_fix_0003_traffic.wav
211,FROM_FIRETRUCK_TO_AMBULANCE_aug_fix_0007_pitch_high.wav,Salah Kamar (Tertukar),FIRETRUCK,AMBULANCE,C:\Users\ASUS\Videos\DATASET\TRASH\audit_hasil_pemisahan\salah_kamar\FROM_FIRETRUCK_TO_AMBULANCE_aug_fix_0007_pitch_high.wav
212,FROM_FIRETRUCK_TO_AMBULANCE_aug_fix_0009_slow.wav,Salah Kamar (Tertukar),FIRETRUCK,AMBULANCE,C:\Users\ASUS\Videos\DATASET\TRASH\audit_hasil_pemisahan\salah_kamar\FROM_FIRETRUCK_TO_AMBULANCE_aug_fix_0009_slow.wav
213,FROM_FIRETRUCK_TO_AMBULANCE_aug_fix_0011_slow.wav,Salah Kamar (Tertukar),FIRETRUCK,AMBULANCE,C:\Users\ASUS\Videos\DATASET\TRASH\audit_hasil_pemisahan\salah_kamar\FROM_FIRETRUCK_TO_AMBULANCE_aug_fix_0011_slow.wav
214,FROM_FIRETRUCK_TO_AMBULANCE_aug_fix_0020_pitch_high.wav,Salah Kamar (Tertukar),FIRETRUCK,AMBULANCE,C:\Users\ASUS\Videos\DATASET\TRASH\audit_hasil_pemisahan\salah_kamar\FROM_FIRETRUCK_TO_AMBULANCE_aug_fix_0020_pitch_high.wav
215,FROM_FIRETRUCK_TO_AMBULANCE_aug_fix_0020_pitch_low.wav,Salah Kamar (Tertukar),FIRETRUCK,AMBULANCE,C:\Users\ASUS\Videos\DATASET\TRASH\audit_hasil_pemisahan\salah_kamar\FROM_FIRETRUCK_TO_AMBULANCE_aug_fix_0020_pitch_low.wav
216,FROM_FIRETRUCK_TO_AMBULANCE_aug_fix_0020_traffic.wav,Salah Kamar (Tertukar),FIRETRUCK,AMBULANCE,C:\Users\ASUS\Videos\DATASET\TRASH\audit_hasil_pemisahan\salah_kamar\FROM_FIRETRUCK_TO_AMBULANCE_aug_fix_0020_traffic.wav
217,FROM_FIRETRUCK_TO_AMBULANCE_aug_fix_0024_traffic.wav,Salah Kamar (Tertukar),FIRETRUCK,AMBULANCE,C:\Users\ASUS\Videos\DATASET\TRASH\audit_hasil_pemisahan\salah_kamar\FROM_FIRETRUCK_TO_AMBULANCE_aug_fix_0024_traffic.wav
218,FROM_FIRETRUCK_TO_AMBULANCE_aug_fix_0025_slow.wav,Salah Kamar (Tertukar),FIRETRUCK,AMBULANCE,C:\Users\ASUS\Videos\DATASET\TRASH\audit_hasil_pemisahan\salah_kamar\FROM_FIRETRUCK_TO_AMBULANCE_aug_fix_0025_slow.wav
219,FROM_FIRETRUCK_TO_AMBULANCE_aug_fix_0025_traffic.wav,Salah Kamar (Tertukar),FIRETRUCK,AMBULANCE,C:\Users\ASUS\Videos\DATASET\TRASH\audit_hasil_pemisahan\salah_kamar\FROM_FIRETRUCK_TO_AMBULANCE_aug_fix_0025_traffic.wav
220,FROM_FIRETRUCK_TO_AMBULANCE_aug_fix_0029_slow.wav,Salah Kamar (Tertukar),FIRETRUCK,AMBULANCE,C:\Users\ASUS\Videos\DATASET\TRASH\audit_hasil_pemisahan\salah_kamar\FROM_FIRETRUCK_TO_AMBULANCE_aug_fix_0029_slow.wav
221,FROM_FIRETRUCK_TO_AMBULANCE_aug_fix_0033_pitch_low.wav,Salah Kamar (Tertukar),FIRETRUCK,AMBULANCE,C:\Users\ASUS\Videos\DATASET\TRASH\audit_hasil_pemisahan\salah_kamar\FROM_FIRETRUCK_TO_AMBULANCE_aug_fix_0033_pitch_low.wav
222,FROM_FIRETRUCK_TO_AMBULANCE_aug_fix_0038_pitch_high.wav,Salah Kamar (Tertukar),FIRETRUCK,AMBULANCE,C:\Users\ASUS\Videos\DATASET\TRASH\audit_hasil_pemisahan\salah_kamar\FROM_FIRETRUCK_TO_AMBULANCE_aug_fix_0038_pitch_high.wav
223,FROM_FIRETRUCK_TO_AMBULANCE_aug_fix_0042_slow.wav,Salah Kamar (Tertukar),FIRETRUCK,AMBULANCE,C:\Users\ASUS\Videos\DATASET\TRASH\audit_hasil_pemisahan\salah_kamar\FROM_FIRETRUCK_TO_AMBULANCE_aug_fix_0042_slow.wav
224,FROM_FIRETRUCK_TO_AMBULANCE_aug_fix_0045_pitch_low.wav,Salah Kamar (Tertukar),FIRETRUCK,AMBULANCE,C:\Users\ASUS\Videos\DATASET\TRASH\audit_hasil_pemisahan\salah_kamar\FROM_FIRETRUCK_TO_AMBULANCE_aug_fix_0045_pitch_low.wav
225,FROM_FIRETRUCK_TO_AMBULANCE_aug_fix_0046_slow.wav,Salah Kamar (Tertukar),FIRETRUCK,AMBULANCE,C:\Users\ASUS\Videos\DATASET\TRASH\audit_hasil_pemisahan\salah_kamar\FROM_FIRETRUCK_TO_AMBULANCE_aug_fix_0046_slow.wav
226,FROM_FIRETRUCK_TO_AMBULANCE_aug_fix_0050_pitch_high.wav,Salah Kamar (Tertukar),FIRETRUCK,AMBULANCE,C:\Users\ASUS\Videos\DATASET\TRASH\audit_hasil_pemisahan\salah_kamar\FROM_FIRETRUCK_TO_AMBULANCE_aug_fix_0050_pitch_high.wav
227,FROM_FIRETRUCK_TO_AMBULANCE_aug_fix_0053_pitch_low.wav,Salah Kamar (Tertukar),FIRETRUCK,AMBULANCE,C:\Users\ASUS\Videos\DATASET\TRASH\audit_hasil_pemisahan\salah_kamar\FROM_FIRETRUCK_TO_AMBULANCE_aug_fix_0053_pitch_low.wav
228,FROM_FIRETRUCK_TO_AMBULANCE_aug_fix_0065_pitch_low.wav,Salah Kamar (Tertukar),FIRETRUCK,AMBULANCE,C:\Users\ASUS\Videos\DATASET\TRASH\audit_hasil_pemisahan\salah_kamar\FROM_FIRETRUCK_TO_AMBULANCE_aug_fix_0065_pitch_low.wav
229,FROM_FIRETRUCK_TO_AMBULANCE_aug_fix_0068_slow.wav,Salah Kamar (Tertukar),FIRETRUCK,AMBULANCE,C:\Users\ASUS\Videos\DATASET\TRASH\audit_hasil_pemisahan\salah_kamar\FROM_FIRETRUCK_TO_AMBULANCE_aug_fix_0068_slow.wav
230,FROM_FIRETRUCK_TO_AMBULANCE_aug_fix_0068_traffic.wav,Salah Kamar (Tertukar),FIRETRUCK,AMBULANCE,C:\Users\ASUS\Videos\DATASET\TRASH\audit_hasil_pemisahan\salah_kamar\FROM_FIRETRUCK_TO_AMBULANCE_aug_fix_0068_traffic.wav
231,FROM_FIRETRUCK_TO_AMBULANCE_aug_fix_0074_pitch_high.wav,Salah Kamar (Tertukar),FIRETRUCK,AMBULANCE,C:\Users\ASUS\Videos\DATASET\TRASH\audit_hasil_pemisahan\salah_kamar\FROM_FIRETRUCK_TO_AMBULANCE_aug_fix_0074_pitch_high.wav
232,FROM_FIRETRUCK_TO_AMBULANCE_aug_fix_0074_pitch_low.wav,Salah Kamar (Tertukar),FIRETRUCK,AMBULANCE,C:\Users\ASUS\Videos\DATASET\TRASH\audit_hasil_pemisahan\salah_kamar\FROM_FIRETRUCK_TO_AMBULANCE_aug_fix_0074_pitch_low.wav
233,FROM_FIRETRUCK_TO_AMBULANCE_aug_fix_0074_slow.wav,Salah Kamar (Tertukar),FIRETRUCK,AMBULANCE,C:\Users\ASUS\Videos\DATASET\TRASH\audit_hasil_pemisahan\salah_kamar\FROM_FIRETRUCK_TO_AMBULANCE_aug_fix_0074_slow.wav
234,FROM_FIRETRUCK_TO_AMBULANCE_aug_fix_0074_traffic.wav,Salah Kamar (Tertukar),FIRETRUCK,AMBULANCE,C:\Users\ASUS\Videos\DATASET\TRASH\audit_hasil_pemisahan\salah_kamar\FROM_FIRETRUCK_TO_AMBULANCE_aug_fix_0074_traffic.wav
235,FROM_FIRETRUCK_TO_AMBULANCE_aug_fix_0076_slow.wav,Salah Kamar (Tertukar),FIRETRUCK,AMBULANCE,C:\Users\ASUS\Videos\DATASET\TRASH\audit_hasil_pemisahan\salah_kamar\FROM_FIRETRUCK_TO_AMBULANCE_aug_fix_0076_slow.wav
236,FROM_FIRETRUCK_TO_AMBULANCE_aug_fix_0078_slow.wav,Salah Kamar (Tertukar),FIRETRUCK,AMBULANCE,C:\Users\ASUS\Videos\DATASET\TRASH\audit_hasil_pemisahan\salah_kamar\FROM_FIRETRUCK_TO_AMBULANCE_aug_fix_0078_slow.wav
237,FROM_FIRETRUCK_TO_AMBULANCE_aug_fix_0079_slow.wav,Salah Kamar (Tertukar),FIRETRUCK,AMBULANCE,C:\Users\ASUS\Videos\DATASET\TRASH\audit_hasil_pemisahan\salah_kamar\FROM_FIRETRUCK_TO_AMBULANCE_aug_fix_0079_slow.wav
238,FROM_FIRETRUCK_TO_AMBULANCE_aug_fix_0082_pitch_high.wav,Salah Kamar (Tertukar),FIRETRUCK,AMBULANCE,C:\Users\ASUS\Videos\DATASET\TRASH\audit_hasil_pemisahan\salah_kamar\FROM_FIRETRUCK_TO_AMBULANCE_aug_fix_0082_pitch_high.wav
239,FROM_FIRETRUCK_TO_AMBULANCE_aug_fix_0082_slow.wav,Salah Kamar (Tertukar),FIRETRUCK,AMBULANCE,C:\Users\ASUS\Videos\DATASET\TRASH\audit_hasil_pemisahan\salah_kamar\FROM_FIRETRUCK_TO_AMBULANCE_aug_fix_0082_slow.wav
240,FROM_FIRETRUCK_TO_AMBULANCE_aug_fix_0084_slow.wav,Salah Kamar (Tertukar),FIRETRUCK,AMBULANCE,C:\Users\ASUS\Videos\DATASET\TRASH\audit_hasil_pemisahan\salah_kamar\FROM_FIRETRUCK_TO_AMBULANCE_aug_fix_0084_slow.wav
241,FROM_FIRETRUCK_TO_AMBULANCE_aug_fix_0087_slow.wav,Salah Kamar (Tertukar),FIRETRUCK,AMBULANCE,C:\Users\ASUS\Videos\DATASET\TRASH\audit_hasil_pemisahan\salah_kamar\FROM_FIRETRUCK_TO_AMBULANCE_aug_fix_0087_slow.wav
242,FROM_FIRETRUCK_TO_AMBULANCE_aug_fix_0090_pitch_high.wav,Salah Kamar (Tertukar),FIRETRUCK,AMBULANCE,C:\Users\ASUS\Videos\DATASET\TRASH\audit_hasil_pemisahan\salah_kamar\FROM_FIRETRUCK_TO_AMBULANCE_aug_fix_0090_pitch_high.wav
243,FROM_FIRETRUCK_TO_AMBULANCE_aug_fix_0091_pitch_low.wav,Salah Kamar (Tertukar),FIRETRUCK,AMBULANCE,C:\Users\ASUS\Videos\DATASET\TRASH\audit_hasil_pemisahan\salah_kamar\FROM_FIRETRUCK_TO_AMBULANCE_aug_fix_0091_pitch_low.wav
244,FROM_FIRETRUCK_TO_AMBULANCE_aug_fix_0093_pitch_low.wav,Salah Kamar (Tertukar),FIRETRUCK,AMBULANCE,C:\Users\ASUS\Videos\DATASET\TRASH\audit_hasil_pemisahan\salah_kamar\FROM_FIRETRUCK_TO_AMBULANCE_aug_fix_0093_pitch_low.wav
245,FROM_FIRETRUCK_TO_AMBULANCE_aug_fix_0095_traffic.wav,Salah Kamar (Tertukar),FIRETRUCK,AMBULANCE,C:\Users\ASUS\Videos\DATASET\TRASH\audit_hasil_pemisahan\salah_kamar\FROM_FIRETRUCK_TO_AMBULANCE_aug_fix_0095_traffic.wav
246,FROM_FIRETRUCK_TO_AMBULANCE_aug_fix_0099_pitch_high.wav,Salah Kamar (Tertukar),FIRETRUCK,AMBULANCE,C:\Users\ASUS\Videos\DATASET\TRASH\audit_hasil_pemisahan\salah_kamar\FROM_FIRETRUCK_TO_AMBULANCE_aug_fix_0099_pitch_high.wav
247,FROM_FIRETRUCK_TO_AMBULANCE_aug_fix_0099_pitch_low.wav,Salah Kamar (Tertukar),FIRETRUCK,AMBULANCE,C:\Users\ASUS\Videos\DATASET\TRASH\audit_hasil_pemisahan\salah_kamar\FROM_FIRETRUCK_TO_AMBULANCE_aug_fix_0099_pitch_low.wav
248,FROM_FIRETRUCK_TO_AMBULANCE_aug_fix_0099_slow.wav,Salah Kamar (Tertukar),FIRETRUCK,AMBULANCE,C:\Users\ASUS\Videos\DATASET\TRASH\audit_hasil_pemisahan\salah_kamar\FROM_FIRETRUCK_TO_AMBULANCE_aug_fix_0099_slow.wav
249,FROM_FIRETRUCK_TO_AMBULANCE_aug_fix_0099_traffic.wav,Salah Kamar (Tertukar),FIRETRUCK,AMBULANCE,C:\Users\ASUS\Videos\DATASET\TRASH\audit_hasil_pemisahan\salah_kamar\FROM_FIRETRUCK_TO_AMBULANCE_aug_fix_0099_traffic.wav
250,FROM_FIRETRUCK_TO_AMBULANCE_aug_noise_1062_sound_209.wav,Salah Kamar (Tertukar),FIRETRUCK,AMBULANCE,C:\Users\ASUS\Videos\DATASET\TRASH\audit_hasil_pemisahan\salah_kamar\FROM_FIRETRUCK_TO_AMBULANCE_aug_noise_1062_sound_209.wav
251,FROM_FIRETRUCK_TO_AMBULANCE_aug_noise_5228_sound_71.wav,Salah Kamar (Tertukar),FIRETRUCK,AMBULANCE,C:\Users\ASUS\Videos\DATASET\TRASH\audit_hasil_pemisahan\salah_kamar\FROM_FIRETRUCK_TO_AMBULANCE_aug_noise_5228_sound_71.wav
252,FROM_FIRETRUCK_TO_AMBULANCE_aug_noise_7747_sound_71.wav,Salah Kamar (Tertukar),FIRETRUCK,AMBULANCE,C:\Users\ASUS\Videos\DATASET\TRASH\audit_hasil_pemisahan\salah_kamar\FROM_FIRETRUCK_TO_AMBULANCE_aug_noise_7747_sound_71.wav
253,FROM_FIRETRUCK_TO_AMBULANCE_aug_pitch_1917_sound_662_1.wav,Salah Kamar (Tertukar),FIRETRUCK,AMBULANCE,C:\Users\ASUS\Videos\DATASET\TRASH\audit_hasil_pemisahan\salah_kamar\FROM_FIRETRUCK_TO_AMBULANCE_aug_pitch_1917_sound_662_1.wav
254,FROM_FIRETRUCK_TO_AMBULANCE_aug_pitch_1970_sound_630.wav,Salah Kamar (Tertukar),FIRETRUCK,AMBULANCE,C:\Users\ASUS\Videos\DATASET\TRASH\audit_hasil_pemisahan\salah_kamar\FROM_FIRETRUCK_TO_AMBULANCE_aug_pitch_1970_sound_630.wav
255,FROM_FIRETRUCK_TO_AMBULANCE_aug_pitch_2365_sound_682.wav,Salah Kamar (Tertukar),FIRETRUCK,AMBULANCE,C:\Users\ASUS\Videos\DATASET\TRASH\audit_hasil_pemisahan\salah_kamar\FROM_FIRETRUCK_TO_AMBULANCE_aug_pitch_2365_sound_682.wav
256,FROM_FIRETRUCK_TO_AMBULANCE_aug_pitch_2748_sound_672.wav,Salah Kamar (Tertukar),FIRETRUCK,AMBULANCE,C:\Users\ASUS\Videos\DATASET\TRASH\audit_hasil_pemisahan\salah_kamar\FROM_FIRETRUCK_TO_AMBULANCE_aug_pitch_2748_sound_672.wav
257,FROM_FIRETRUCK_TO_AMBULANCE_aug_pitch_4617_sound_629.wav,Salah Kamar (Tertukar),FIRETRUCK,AMBULANCE,C:\Users\ASUS\Videos\DATASET\TRASH\audit_hasil_pemisahan\salah_kamar\FROM_FIRETRUCK_TO_AMBULANCE_aug_pitch_4617_sound_629.wav
258,FROM_FIRETRUCK_TO_AMBULANCE_aug_pitch_5285_sound_657.wav,Salah Kamar (Tertukar),FIRETRUCK,AMBULANCE,C:\Users\ASUS\Videos\DATASET\TRASH\audit_hasil_pemisahan\salah_kamar\FROM_FIRETRUCK_TO_AMBULANCE_aug_pitch_5285_sound_657.wav
259,FROM_FIRETRUCK_TO_AMBULANCE_aug_pitch_6479_sound_626.wav,Salah Kamar (Tertukar),FIRETRUCK,AMBULANCE,C:\Users\ASUS\Videos\DATASET\TRASH\audit_hasil_pemisahan\salah_kamar\FROM_FIRETRUCK_TO_AMBULANCE_aug_pitch_6479_sound_626.wav
260,FROM_FIRETRUCK_TO_AMBULANCE_aug_pitch_7060_sound_612.wav,Salah Kamar (Tertukar),FIRETRUCK,AMBULANCE,C:\Users\ASUS\Videos\DATASET\TRASH\audit_hasil_pemisahan\salah_kamar\FROM_FIRETRUCK_TO_AMBULANCE_aug_pitch_7060_sound_612.wav
261,FROM_FIRETRUCK_TO_AMBULANCE_aug_pitch_9805_sound_679.wav,Salah Kamar (Tertukar),FIRETRUCK,AMBULANCE,C:\Users\ASUS\Videos\DATASET\TRASH\audit_hasil_pemisahan\salah_kamar\FROM_FIRETRUCK_TO_AMBULANCE_aug_pitch_9805_sound_679.wav
262,FROM_FIRETRUCK_TO_AMBULANCE_aug_stretch_3113_sound_2028.wav,Salah Kamar (Tertukar),FIRETRUCK,AMBULANCE,C:\Users\ASUS\Videos\DATASET\TRASH\audit_hasil_pemisahan\salah_kamar\FROM_FIRETRUCK_TO_AMBULANCE_aug_stretch_3113_sound_2028.wav
263,FROM_FIRETRUCK_TO_AMBULANCE_aug_stretch_5388_sound_711.wav,Salah Kamar (Tertukar),FIRETRUCK,AMBULANCE,C:\Users\ASUS\Videos\DATASET\TRASH\audit_hasil_pemisahan\salah_kamar\FROM_FIRETRUCK_TO_AMBULANCE_aug_stretch_5388_sound_711.wav
264,FROM_FIRETRUCK_TO_AMBULANCE_aug_stretch_sound_2027.wav,Salah Kamar (Tertukar),FIRETRUCK,AMBULANCE,C:\Users\ASUS\Videos\DATASET\TRASH\audit_hasil_pemisahan\salah_kamar\FROM_FIRETRUCK_TO_AMBULANCE_aug_stretch_sound_2027.wav
265,FROM_FIRETRUCK_TO_AMBULANCE_dl_boost_amb_usa_wail_TGrSJf1EEuM_part0061.wav,Salah Kamar (Tertukar),FIRETRUCK,AMBULANCE,C:\Users\ASUS\Videos\DATASET\TRASH\audit_hasil_pemisahan\salah_kamar\FROM_FIRETRUCK_TO_AMBULANCE_dl_boost_amb_usa_wail_TGrSJf1EEuM_part0061.wav
266,FROM_FIRETRUCK_TO_AMBULANCE_dl_v3_dam_new_01_part0003.wav,Salah Kamar (Tertukar),FIRETRUCK,AMBULANCE,C:\Users\ASUS\Videos\DATASET\TRASH\audit_hasil_pemisahan\salah_kamar\FROM_FIRETRUCK_TO_AMBULANCE_dl_v3_dam_new_01_part0003.wav
267,FROM_FIRETRUCK_TO_AMBULANCE_dl_v3_dam_new_01_part0005.wav,Salah Kamar (Tertukar),FIRETRUCK,AMBULANCE,C:\Users\ASUS\Videos\DATASET\TRASH\audit_hasil_pemisahan\salah_kamar\FROM_FIRETRUCK_TO_AMBULANCE_dl_v3_dam_new_01_part0005.wav
268,FROM_FIRETRUCK_TO_AMBULANCE_dl_v3_dam_new_01_part0030.wav,Salah Kamar (Tertukar),FIRETRUCK,AMBULANCE,C:\Users\ASUS\Videos\DATASET\TRASH\audit_hasil_pemisahan\salah_kamar\FROM_FIRETRUCK_TO_AMBULANCE_dl_v3_dam_new_01_part0030.wav
269,FROM_FIRETRUCK_TO_AMBULANCE_dl_v3_dam_new_01_part0031.wav,Salah Kamar (Tertukar),FIRETRUCK,AMBULANCE,C:\Users\ASUS\Videos\DATASET\TRASH\audit_hasil_pemisahan\salah_kamar\FROM_FIRETRUCK_TO_AMBULANCE_dl_v3_dam_new_01_part0031.wav
270,FROM_FIRETRUCK_TO_AMBULANCE_dl_v3_dam_new_01_part0040.wav,Salah Kamar (Tertukar),FIRETRUCK,AMBULANCE,C:\Users\ASUS\Videos\DATASET\TRASH\audit_hasil_pemisahan\salah_kamar\FROM_FIRETRUCK_TO_AMBULANCE_dl_v3_dam_new_01_part0040.wav
271,FROM_FIRETRUCK_TO_AMBULANCE_dl_v3_dam_new_01_part0043.wav,Salah Kamar (Tertukar),FIRETRUCK,AMBULANCE,C:\Users\ASUS\Videos\DATASET\TRASH\audit_hasil_pemisahan\salah_kamar\FROM_FIRETRUCK_TO_AMBULANCE_dl_v3_dam_new_01_part0043.wav
272,FROM_FIRETRUCK_TO_AMBULANCE_fire_0001_seg01.wav,Salah Kamar (Tertukar),FIRETRUCK,AMBULANCE,C:\Users\ASUS\Videos\DATASET\TRASH\audit_hasil_pemisahan\salah_kamar\FROM_FIRETRUCK_TO_AMBULANCE_fire_0001_seg01.wav
273,FROM_FIRETRUCK_TO_AMBULANCE_fire_0002_seg77.wav,Salah Kamar (Tertukar),FIRETRUCK,AMBULANCE,C:\Users\ASUS\Videos\DATASET\TRASH\audit_hasil_pemisahan\salah_kamar\FROM_FIRETRUCK_TO_AMBULANCE_fire_0002_seg77.wav
274,FROM_FIRETRUCK_TO_AMBULANCE_fire_0002_seg82.wav,Salah Kamar (Tertukar),FIRETRUCK,AMBULANCE,C:\Users\ASUS\Videos\DATASET\TRASH\audit_hasil_pemisahan\salah_kamar\FROM_FIRETRUCK_TO_AMBULANCE_fire_0002_seg82.wav
275,FROM_FIRETRUCK_TO_AMBULANCE_fire_0003_seg04.wav,Salah Kamar (Tertukar),FIRETRUCK,AMBULANCE,C:\Users\ASUS\Videos\DATASET\TRASH\audit_hasil_pemisahan\salah_kamar\FROM_FIRETRUCK_TO_AMBULANCE_fire_0003_seg04.wav
276,FROM_FIRETRUCK_TO_AMBULANCE_fire_0003_seg05.wav,Salah Kamar (Tertukar),FIRETRUCK,AMBULANCE,C:\Users\ASUS\Videos\DATASET\TRASH\audit_hasil_pemisahan\salah_kamar\FROM_FIRETRUCK_TO_AMBULANCE_fire_0003_seg05.wav
277,FROM_FIRETRUCK_TO_AMBULANCE_fire_0003_seg07.wav,Salah Kamar (Tertukar),FIRETRUCK,AMBULANCE,C:\Users\ASUS\Videos\DATASET\TRASH\audit_hasil_pemisahan\salah_kamar\FROM_FIRETRUCK_TO_AMBULANCE_fire_0003_seg07.wav
278,FROM_FIRETRUCK_TO_AMBULANCE_fire_0003_seg08.wav,Salah Kamar (Tertukar),FIRETRUCK,AMBULANCE,C:\Users\ASUS\Videos\DATASET\TRASH\audit_hasil_pemisahan\salah_kamar\FROM_FIRETRUCK_TO_AMBULANCE_fire_0003_seg08.wav
279,FROM_FIRETRUCK_TO_AMBULANCE_fire_0003_seg09.wav,Salah Kamar (Tertukar),FIRETRUCK,AMBULANCE,C:\Users\ASUS\Videos\DATASET\TRASH\audit_hasil_pemisahan\salah_kamar\FROM_FIRETRUCK_TO_AMBULANCE_fire_0003_seg09.wav
280,FROM_FIRETRUCK_TO_AMBULANCE_fire_0003_seg10.wav,Salah Kamar (Tertukar),FIRETRUCK,AMBULANCE,C:\Users\ASUS\Videos\DATASET\TRASH\audit_hasil_pemisahan\salah_kamar\FROM_FIRETRUCK_TO_AMBULANCE_fire_0003_seg10.wav
281,FROM_FIRETRUCK_TO_AMBULANCE_fire_0003_seg101.wav,Salah Kamar (Tertukar),FIRETRUCK,AMBULANCE,C:\Users\ASUS\Videos\DATASET\TRASH\audit_hasil_pemisahan\salah_kamar\FROM_FIRETRUCK_TO_AMBULANCE_fire_0003_seg101.wav
282,FROM_FIRETRUCK_TO_AMBULANCE_fire_0003_seg11.wav,Salah Kamar (Tertukar),FIRETRUCK,AMBULANCE,C:\Users\ASUS\Videos\DATASET\TRASH\audit_hasil_pemisahan\salah_kamar\FROM_FIRETRUCK_TO_AMBULANCE_fire_0003_seg11.wav
283,FROM_FIRETRUCK_TO_AMBULANCE_fire_0003_seg12.wav,Salah Kamar (Tertukar),FIRETRUCK,AMBULANCE,C:\Users\ASUS\Videos\DATASET\TRASH\audit_hasil_pemisahan\salah_kamar\FROM_FIRETRUCK_TO_AMBULANCE_fire_0003_seg12.wav
284,FROM_FIRETRUCK_TO_AMBULANCE_fire_0003_seg15.wav,Salah Kamar (Tertukar),FIRETRUCK,AMBULANCE,C:\Users\ASUS\Videos\DATASET\TRASH\audit_hasil_pemisahan\salah_kamar\FROM_FIRETRUCK_TO_AMBULANCE_fire_0003_seg15.wav
285,FROM_FIRETRUCK_TO_AMBULANCE_fire_0003_seg95.wav,Salah Kamar (Tertukar),FIRETRUCK,AMBULANCE,C:\Users\ASUS\Videos\DATASET\TRASH\audit_hasil_pemisahan\salah_kamar\FROM_FIRETRUCK_TO_AMBULANCE_fire_0003_seg95.wav
286,FROM_FIRETRUCK_TO_AMBULANCE_fire_0004_seg02.wav,Salah Kamar (Tertukar),FIRETRUCK,AMBULANCE,C:\Users\ASUS\Videos\DATASET\TRASH\audit_hasil_pemisahan\salah_kamar\FROM_FIRETRUCK_TO_AMBULANCE_fire_0004_seg02.wav
287,FROM_FIRETRUCK_TO_AMBULANCE_fire_0004_seg05.wav,Salah Kamar (Tertukar),FIRETRUCK,AMBULANCE,C:\Users\ASUS\Videos\DATASET\TRASH\audit_hasil_pemisahan\salah_kamar\FROM_FIRETRUCK_TO_AMBULANCE_fire_0004_seg05.wav
288,FROM_FIRETRUCK_TO_AMBULANCE_fire_0004_seg07.wav,Salah Kamar (Tertukar),FIRETRUCK,AMBULANCE,C:\Users\ASUS\Videos\DATASET\TRASH\audit_hasil_pemisahan\salah_kamar\FROM_FIRETRUCK_TO_AMBULANCE_fire_0004_seg07.wav
289,FROM_FIRETRUCK_TO_AMBULANCE_fire_0004_seg10.wav,Salah Kamar (Tertukar),FIRETRUCK,AMBULANCE,C:\Users\ASUS\Videos\DATASET\TRASH\audit_hasil_pemisahan\salah_kamar\FROM_FIRETRUCK_TO_AMBULANCE_fire_0004_seg10.wav
290,FROM_FIRETRUCK_TO_AMBULANCE_fire_0025_noise_light.wav,Salah Kamar (Tertukar),FIRETRUCK,AMBULANCE,C:\Users\ASUS\Videos\DATASET\TRASH\audit_hasil_pemisahan\salah_kamar\FROM_FIRETRUCK_TO_AMBULANCE_fire_0025_noise_light.wav
291,FROM_FIRETRUCK_TO_AMBULANCE_fire_0025_shift.wav,Salah Kamar (Tertukar),FIRETRUCK,AMBULANCE,C:\Users\ASUS\Videos\DATASET\TRASH\audit_hasil_pemisahan\salah_kamar\FROM_FIRETRUCK_TO_AMBULANCE_fire_0025_shift.wav
292,FROM_FIRETRUCK_TO_AMBULANCE_fire_0041_noise_light.wav,Salah Kamar (Tertukar),FIRETRUCK,AMBULANCE,C:\Users\ASUS\Videos\DATASET\TRASH\audit_hasil_pemisahan\salah_kamar\FROM_FIRETRUCK_TO_AMBULANCE_fire_0041_noise_light.wav
293,FROM_FIRETRUCK_TO_AMBULANCE_fire_0041_original.wav,Salah Kamar (Tertukar),FIRETRUCK,AMBULANCE,C:\Users\ASUS\Videos\DATASET\TRASH\audit_hasil_pemisahan\salah_kamar\FROM_FIRETRUCK_TO_AMBULANCE_fire_0041_original.wav
294,FROM_FIRETRUCK_TO_AMBULANCE_fire_0041_shift.wav,Salah Kamar (Tertukar),FIRETRUCK,AMBULANCE,C:\Users\ASUS\Videos\DATASET\TRASH\audit_hasil_pemisahan\salah_kamar\FROM_FIRETRUCK_TO_AMBULANCE_fire_0041_shift.wav
295,FROM_FIRETRUCK_TO_AMBULANCE_fire_0044_seg01.wav,Salah Kamar (Tertukar),FIRETRUCK,AMBULANCE,C:\Users\ASUS\Videos\DATASET\TRASH\audit_hasil_pemisahan\salah_kamar\FROM_FIRETRUCK_TO_AMBULANCE_fire_0044_seg01.wav
296,FROM_FIRETRUCK_TO_AMBULANCE_fire_0049_seg01.wav,Salah Kamar (Tertukar),FIRETRUCK,AMBULANCE,C:\Users\ASUS\Videos\DATASET\TRASH\audit_hasil_pemisahan\salah_kamar\FROM_FIRETRUCK_TO_AMBULANCE_fire_0049_seg01.wav
297,FROM_FIRETRUCK_TO_AMBULANCE_fire_0050_seg01.wav,Salah Kamar (Tertukar),FIRETRUCK,AMBULANCE,C:\Users\ASUS\Videos\DATASET\TRASH\audit_hasil_pemisahan\salah_kamar\FROM_FIRETRUCK_TO_AMBULANCE_fire_0050_seg01.wav
298,FROM_FIRETRUCK_TO_AMBULANCE_fire_0051_seg01.wav,Salah Kamar (Tertukar),FIRETRUCK,AMBULANCE,C:\Users\ASUS\Videos\DATASET\TRASH\audit_hasil_pemisahan\salah_kamar\FROM_FIRETRUCK_TO_AMBULANCE_fire_0051_seg01.wav
299,FROM_FIRETRUCK_TO_AMBULANCE_fire_0052_seg01.wav,Salah Kamar (Tertukar),FIRETRUCK,AMBULANCE,C:\Users\ASUS\Videos\DATASET\TRASH\audit_hasil_pemisahan\salah_kamar\FROM_FIRETRUCK_TO_AMBULANCE_fire_0052_seg01.wav
300,FROM_FIRETRUCK_TO_AMBULANCE_fire_0075_noise_light.wav,Salah Kamar (Tertukar),FIRETRUCK,AMBULANCE,C:\Users\ASUS\Videos\DATASET\TRASH\audit_hasil_pemisahan\salah_kamar\FROM_FIRETRUCK_TO_AMBULANCE_fire_0075_noise_light.wav
301,FROM_FIRETRUCK_TO_AMBULANCE_fire_0075_shift.wav,Salah Kamar (Tertukar),FIRETRUCK,AMBULANCE,C:\Users\ASUS\Videos\DATASET\TRASH\audit_hasil_pemisahan\salah_kamar\FROM_FIRETRUCK_TO_AMBULANCE_fire_0075_shift.wav
302,FROM_FIRETRUCK_TO_AMBULANCE_fire_0081_noise_light.wav,Salah Kamar (Tertukar),FIRETRUCK,AMBULANCE,C:\Users\ASUS\Videos\DATASET\TRASH\audit_hasil_pemisahan\salah_kamar\FROM_FIRETRUCK_TO_AMBULANCE_fire_0081_noise_light.wav
303,FROM_FIRETRUCK_TO_AMBULANCE_fire_0081_original.wav,Salah Kamar (Tertukar),FIRETRUCK,AMBULANCE,C:\Users\ASUS\Videos\DATASET\TRASH\audit_hasil_pemisahan\salah_kamar\FROM_FIRETRUCK_TO_AMBULANCE_fire_0081_original.wav
304,FROM_FIRETRUCK_TO_AMBULANCE_fire_0081_shift.wav,Salah Kamar (Tertukar),FIRETRUCK,AMBULANCE,C:\Users\ASUS\Videos\DATASET\TRASH\audit_hasil_pemisahan\salah_kamar\FROM_FIRETRUCK_TO_AMBULANCE_fire_0081_shift.wav
305,FROM_FIRETRUCK_TO_AMBULANCE_fire_0097_seg01.wav,Salah Kamar (Tertukar),FIRETRUCK,AMBULANCE,C:\Users\ASUS\Videos\DATASET\TRASH\audit_hasil_pemisahan\salah_kamar\FROM_FIRETRUCK_TO_AMBULANCE_fire_0097_seg01.wav
306,FROM_FIRETRUCK_TO_AMBULANCE_fire_0098_seg01.wav,Salah Kamar (Tertukar),FIRETRUCK,AMBULANCE,C:\Users\ASUS\Videos\DATASET\TRASH\audit_hasil_pemisahan\salah_kamar\FROM_FIRETRUCK_TO_AMBULANCE_fire_0098_seg01.wav
307,FROM_FIRETRUCK_TO_AMBULANCE_fire_0099_seg01.wav,Salah Kamar (Tertukar),FIRETRUCK,AMBULANCE,C:\Users\ASUS\Videos\DATASET\TRASH\audit_hasil_pemisahan\salah_kamar\FROM_FIRETRUCK_TO_AMBULANCE_fire_0099_seg01.wav
308,FROM_FIRETRUCK_TO_AMBULANCE_fire_0101_seg01.wav,Salah Kamar (Tertukar),FIRETRUCK,AMBULANCE,C:\Users\ASUS\Videos\DATASET\TRASH\audit_hasil_pemisahan\salah_kamar\FROM_FIRETRUCK_TO_AMBULANCE_fire_0101_seg01.wav
309,FROM_FIRETRUCK_TO_AMBULANCE_fire_0102_seg01.wav,Salah Kamar (Tertukar),FIRETRUCK,AMBULANCE,C:\Users\ASUS\Videos\DATASET\TRASH\audit_hasil_pemisahan\salah_kamar\FROM_FIRETRUCK_TO_AMBULANCE_fire_0102_seg01.wav
310,FROM_FIRETRUCK_TO_AMBULANCE_fire_0103_seg01.wav,Salah Kamar (Tertukar),FIRETRUCK,AMBULANCE,C:\Users\ASUS\Videos\DATASET\TRASH\audit_hasil_pemisahan\salah_kamar\FROM_FIRETRUCK_TO_AMBULANCE_fire_0103_seg01.wav
311,FROM_FIRETRUCK_TO_AMBULANCE_fire_0104_seg01.wav,Salah Kamar (Tertukar),FIRETRUCK,AMBULANCE,C:\Users\ASUS\Videos\DATASET\TRASH\audit_hasil_pemisahan\salah_kamar\FROM_FIRETRUCK_TO_AMBULANCE_fire_0104_seg01.wav
312,FROM_FIRETRUCK_TO_AMBULANCE_fire_0109_seg01.wav,Salah Kamar (Tertukar),FIRETRUCK,AMBULANCE,C:\Users\ASUS\Videos\DATASET\TRASH\audit_hasil_pemisahan\salah_kamar\FROM_FIRETRUCK_TO_AMBULANCE_fire_0109_seg01.wav
313,FROM_FIRETRUCK_TO_AMBULANCE_fire_0112_seg01.wav,Salah Kamar (Tertukar),FIRETRUCK,AMBULANCE,C:\Users\ASUS\Videos\DATASET\TRASH\audit_hasil_pemisahan\salah_kamar\FROM_FIRETRUCK_TO_AMBULANCE_fire_0112_seg01.wav
314,FROM_FIRETRUCK_TO_AMBULANCE_fire_0125_shift.wav,Salah Kamar (Tertukar),FIRETRUCK,AMBULANCE,C:\Users\ASUS\Videos\DATASET\TRASH\audit_hasil_pemisahan\salah_kamar\FROM_FIRETRUCK_TO_AMBULANCE_fire_0125_shift.wav
315,FROM_FIRETRUCK_TO_AMBULANCE_fire_0128_seg01.wav,Salah Kamar (Tertukar),FIRETRUCK,AMBULANCE,C:\Users\ASUS\Videos\DATASET\TRASH\audit_hasil_pemisahan\salah_kamar\FROM_FIRETRUCK_TO_AMBULANCE_fire_0128_seg01.wav
316,FROM_FIRETRUCK_TO_AMBULANCE_fire_0136_seg01.wav,Salah Kamar (Tertukar),FIRETRUCK,AMBULANCE,C:\Users\ASUS\Videos\DATASET\TRASH\audit_hasil_pemisahan\salah_kamar\FROM_FIRETRUCK_TO_AMBULANCE_fire_0136_seg01.wav
317,FROM_FIRETRUCK_TO_AMBULANCE_fire_0137_seg01.wav,Salah Kamar (Tertukar),FIRETRUCK,AMBULANCE,C:\Users\ASUS\Videos\DATASET\TRASH\audit_hasil_pemisahan\salah_kamar\FROM_FIRETRUCK_TO_AMBULANCE_fire_0137_seg01.wav
318,FROM_FIRETRUCK_TO_AMBULANCE_fire_0138_noise_light.wav,Salah Kamar (Tertukar),FIRETRUCK,AMBULANCE,C:\Users\ASUS\Videos\DATASET\TRASH\audit_hasil_pemisahan\salah_kamar\FROM_FIRETRUCK_TO_AMBULANCE_fire_0138_noise_light.wav
319,FROM_FIRETRUCK_TO_AMBULANCE_fire_0138_original.wav,Salah Kamar (Tertukar),FIRETRUCK,AMBULANCE,C:\Users\ASUS\Videos\DATASET\TRASH\audit_hasil_pemisahan\salah_kamar\FROM_FIRETRUCK_TO_AMBULANCE_fire_0138_original.wav
320,FROM_FIRETRUCK_TO_AMBULANCE_fire_0138_seg01.wav,Salah Kamar (Tertukar),FIRETRUCK,AMBULANCE,C:\Users\ASUS\Videos\DATASET\TRASH\audit_hasil_pemisahan\salah_kamar\FROM_FIRETRUCK_TO_AMBULANCE_fire_0138_seg01.wav
321,FROM_FIRETRUCK_TO_AMBULANCE_fire_0138_shift.wav,Salah Kamar (Tertukar),FIRETRUCK,AMBULANCE,C:\Users\ASUS\Videos\DATASET\TRASH\audit_hasil_pemisahan\salah_kamar\FROM_FIRETRUCK_TO_AMBULANCE_fire_0138_shift.wav
322,FROM_FIRETRUCK_TO_AMBULANCE_fire_0139_seg01.wav,Salah Kamar (Tertukar),FIRETRUCK,AMBULANCE,C:\Users\ASUS\Videos\DATASET\TRASH\audit_hasil_pemisahan\salah_kamar\FROM_FIRETRUCK_TO_AMBULANCE_fire_0139_seg01.wav
323,FROM_FIRETRUCK_TO_AMBULANCE_fire_0140_seg01.wav,Salah Kamar (Tertukar),FIRETRUCK,AMBULANCE,C:\Users\ASUS\Videos\DATASET\TRASH\audit_hasil_pemisahan\salah_kamar\FROM_FIRETRUCK_TO_AMBULANCE_fire_0140_seg01.wav
324,FROM_FIRETRUCK_TO_AMBULANCE_fire_0141_noise_light.wav,Salah Kamar (Tertukar),FIRETRUCK,AMBULANCE,C:\Users\ASUS\Videos\DATASET\TRASH\audit_hasil_pemisahan\salah_kamar\FROM_FIRETRUCK_TO_AMBULANCE_fire_0141_noise_light.wav
325,FROM_FIRETRUCK_TO_AMBULANCE_fire_0141_original.wav,Salah Kamar (Tertukar),FIRETRUCK,AMBULANCE,C:\Users\ASUS\Videos\DATASET\TRASH\audit_hasil_pemisahan\salah_kamar\FROM_FIRETRUCK_TO_AMBULANCE_fire_0141_original.wav
326,FROM_FIRETRUCK_TO_AMBULANCE_fire_0141_shift.wav,Salah Kamar (Tertukar),FIRETRUCK,AMBULANCE,C:\Users\ASUS\Videos\DATASET\TRASH\audit_hasil_pemisahan\salah_kamar\FROM_FIRETRUCK_TO_AMBULANCE_fire_0141_shift.wav
327,FROM_FIRETRUCK_TO_AMBULANCE_fire_0165_seg01.wav,Salah Kamar (Tertukar),FIRETRUCK,AMBULANCE,C:\Users\ASUS\Videos\DATASET\TRASH\audit_hasil_pemisahan\salah_kamar\FROM_FIRETRUCK_TO_AMBULANCE_fire_0165_seg01.wav
328,FROM_FIRETRUCK_TO_AMBULANCE_fire_0167_seg01.wav,Salah Kamar (Tertukar),FIRETRUCK,AMBULANCE,C:\Users\ASUS\Videos\DATASET\TRASH\audit_hasil_pemisahan\salah_kamar\FROM_FIRETRUCK_TO_AMBULANCE_fire_0167_seg01.wav
329,FROM_FIRETRUCK_TO_AMBULANCE_fire_0168_seg01.wav,Salah Kamar (Tertukar),FIRETRUCK,AMBULANCE,C:\Users\ASUS\Videos\DATASET\TRASH\audit_hasil_pemisahan\salah_kamar\FROM_FIRETRUCK_TO_AMBULANCE_fire_0168_seg01.wav
330,FROM_FIRETRUCK_TO_AMBULANCE_fire_0183_loud.wav,Salah Kamar (Tertukar),FIRETRUCK,AMBULANCE,C:\Users\ASUS\Videos\DATASET\TRASH\audit_hasil_pemisahan\salah_kamar\FROM_FIRETRUCK_TO_AMBULANCE_fire_0183_loud.wav
331,FROM_FIRETRUCK_TO_AMBULANCE_fire_0183_noise_light.wav,Salah Kamar (Tertukar),FIRETRUCK,AMBULANCE,C:\Users\ASUS\Videos\DATASET\TRASH\audit_hasil_pemisahan\salah_kamar\FROM_FIRETRUCK_TO_AMBULANCE_fire_0183_noise_light.wav
332,FROM_FIRETRUCK_TO_AMBULANCE_fire_0183_original.wav,Salah Kamar (Tertukar),FIRETRUCK,AMBULANCE,C:\Users\ASUS\Videos\DATASET\TRASH\audit_hasil_pemisahan\salah_kamar\FROM_FIRETRUCK_TO_AMBULANCE_fire_0183_original.wav
333,FROM_FIRETRUCK_TO_AMBULANCE_fire_0183_shift.wav,Salah Kamar (Tertukar),FIRETRUCK,AMBULANCE,C:\Users\ASUS\Videos\DATASET\TRASH\audit_hasil_pemisahan\salah_kamar\FROM_FIRETRUCK_TO_AMBULANCE_fire_0183_shift.wav
334,FROM_FIRETRUCK_TO_AMBULANCE_fire_0193_seg01.wav,Salah Kamar (Tertukar),FIRETRUCK,AMBULANCE,C:\Users\ASUS\Videos\DATASET\TRASH\audit_hasil_pemisahan\salah_kamar\FROM_FIRETRUCK_TO_AMBULANCE_fire_0193_seg01.wav
335,FROM_FIRETRUCK_TO_AMBULANCE_fire_0194_seg01.wav,Salah Kamar (Tertukar),FIRETRUCK,AMBULANCE,C:\Users\ASUS\Videos\DATASET\TRASH\audit_hasil_pemisahan\salah_kamar\FROM_FIRETRUCK_TO_AMBULANCE_fire_0194_seg01.wav
336,FROM_FIRETRUCK_TO_AMBULANCE_fire_0195_seg01.wav,Salah Kamar (Tertukar),FIRETRUCK,AMBULANCE,C:\Users\ASUS\Videos\DATASET\TRASH\audit_hasil_pemisahan\salah_kamar\FROM_FIRETRUCK_TO_AMBULANCE_fire_0195_seg01.wav
337,FROM_FIRETRUCK_TO_AMBULANCE_fire_0196_seg01.wav,Salah Kamar (Tertukar),FIRETRUCK,AMBULANCE,C:\Users\ASUS\Videos\DATASET\TRASH\audit_hasil_pemisahan\salah_kamar\FROM_FIRETRUCK_TO_AMBULANCE_fire_0196_seg01.wav
338,FROM_FIRETRUCK_TO_AMBULANCE_fire_0198_noise_light.wav,Salah Kamar (Tertukar),FIRETRUCK,AMBULANCE,C:\Users\ASUS\Videos\DATASET\TRASH\audit_hasil_pemisahan\salah_kamar\FROM_FIRETRUCK_TO_AMBULANCE_fire_0198_noise_light.wav
339,FROM_FIRETRUCK_TO_AMBULANCE_fire_0201_seg01.wav,Salah Kamar (Tertukar),FIRETRUCK,AMBULANCE,C:\Users\ASUS\Videos\DATASET\TRASH\audit_hasil_pemisahan\salah_kamar\FROM_FIRETRUCK_TO_AMBULANCE_fire_0201_seg01.wav
340,FROM_FIRETRUCK_TO_AMBULANCE_fire_0219_seg01.wav,Salah Kamar (Tertukar),FIRETRUCK,AMBULANCE,C:\Users\ASUS\Videos\DATASET\TRASH\audit_hasil_pemisahan\salah_kamar\FROM_FIRETRUCK_TO_AMBULANCE_fire_0219_seg01.wav
341,FROM_FIRETRUCK_TO_AMBULANCE_fire_0225_seg01.wav,Salah Kamar (Tertukar),FIRETRUCK,AMBULANCE,C:\Users\ASUS\Videos\DATASET\TRASH\audit_hasil_pemisahan\salah_kamar\FROM_FIRETRUCK_TO_AMBULANCE_fire_0225_seg01.wav
342,FROM_FIRETRUCK_TO_AMBULANCE_fire_0226_seg01.wav,Salah Kamar (Tertukar),FIRETRUCK,AMBULANCE,C:\Users\ASUS\Videos\DATASET\TRASH\audit_hasil_pemisahan\salah_kamar\FROM_FIRETRUCK_TO_AMBULANCE_fire_0226_seg01.wav
343,FROM_FIRETRUCK_TO_AMBULANCE_fire_0227_seg01.wav,Salah Kamar (Tertukar),FIRETRUCK,AMBULANCE,C:\Users\ASUS\Videos\DATASET\TRASH\audit_hasil_pemisahan\salah_kamar\FROM_FIRETRUCK_TO_AMBULANCE_fire_0227_seg01.wav
344,FROM_FIRETRUCK_TO_AMBULANCE_fire_0228_seg01.wav,Salah Kamar (Tertukar),FIRETRUCK,AMBULANCE,C:\Users\ASUS\Videos\DATASET\TRASH\audit_hasil_pemisahan\salah_kamar\FROM_FIRETRUCK_TO_AMBULANCE_fire_0228_seg01.wav
345,FROM_FIRETRUCK_TO_AMBULANCE_fire_0244_seg01.wav,Salah Kamar (Tertukar),FIRETRUCK,AMBULANCE,C:\Users\ASUS\Videos\DATASET\TRASH\audit_hasil_pemisahan\salah_kamar\FROM_FIRETRUCK_TO_AMBULANCE_fire_0244_seg01.wav
346,FROM_FIRETRUCK_TO_AMBULANCE_fire_0246_seg01.wav,Salah Kamar (Tertukar),FIRETRUCK,AMBULANCE,C:\Users\ASUS\Videos\DATASET\TRASH\audit_hasil_pemisahan\salah_kamar\FROM_FIRETRUCK_TO_AMBULANCE_fire_0246_seg01.wav
347,FROM_FIRETRUCK_TO_AMBULANCE_fire_0246_shift.wav,Salah Kamar (Tertukar),FIRETRUCK,AMBULANCE,C:\Users\ASUS\Videos\DATASET\TRASH\audit_hasil_pemisahan\salah_kamar\FROM_FIRETRUCK_TO_AMBULANCE_fire_0246_shift.wav
348,FROM_FIRETRUCK_TO_AMBULANCE_fire_0247_seg01.wav,Salah Kamar (Tertukar),FIRETRUCK,AMBULANCE,C:\Users\ASUS\Videos\DATASET\TRASH\audit_hasil_pemisahan\salah_kamar\FROM_FIRETRUCK_TO_AMBULANCE_fire_0247_seg01.wav
349,FROM_FIRETRUCK_TO_AMBULANCE_fire_0248_seg01.wav,Salah Kamar (Tertukar),FIRETRUCK,AMBULANCE,C:\Users\ASUS\Videos\DATASET\TRASH\audit_hasil_pemisahan\salah_kamar\FROM_FIRETRUCK_TO_AMBULANCE_fire_0248_seg01.wav
350,FROM_FIRETRUCK_TO_AMBULANCE_fire_0249_seg01.wav,Salah Kamar (Tertukar),FIRETRUCK,AMBULANCE,C:\Users\ASUS\Videos\DATASET\TRASH\audit_hasil_pemisahan\salah_kamar\FROM_FIRETRUCK_TO_AMBULANCE_fire_0249_seg01.wav
351,FROM_FIRETRUCK_TO_AMBULANCE_fire_0263_noise_light.wav,Salah Kamar (Tertukar),FIRETRUCK,AMBULANCE,C:\Users\ASUS\Videos\DATASET\TRASH\audit_hasil_pemisahan\salah_kamar\FROM_FIRETRUCK_TO_AMBULANCE_fire_0263_noise_light.wav
352,FROM_FIRETRUCK_TO_AMBULANCE_fire_0270_seg01.wav,Salah Kamar (Tertukar),FIRETRUCK,AMBULANCE,C:\Users\ASUS\Videos\DATASET\TRASH\audit_hasil_pemisahan\salah_kamar\FROM_FIRETRUCK_TO_AMBULANCE_fire_0270_seg01.wav
353,FROM_FIRETRUCK_TO_AMBULANCE_fire_0271_seg01.wav,Salah Kamar (Tertukar),FIRETRUCK,AMBULANCE,C:\Users\ASUS\Videos\DATASET\TRASH\audit_hasil_pemisahan\salah_kamar\FROM_FIRETRUCK_TO_AMBULANCE_fire_0271_seg01.wav
354,FROM_FIRETRUCK_TO_AMBULANCE_fire_0277_seg01.wav,Salah Kamar (Tertukar),FIRETRUCK,AMBULANCE,C:\Users\ASUS\Videos\DATASET\TRASH\audit_hasil_pemisahan\salah_kamar\FROM_FIRETRUCK_TO_AMBULANCE_fire_0277_seg01.wav
355,FROM_FIRETRUCK_TO_AMBULANCE_fire_0278_seg01.wav,Salah Kamar (Tertukar),FIRETRUCK,AMBULANCE,C:\Users\ASUS\Videos\DATASET\TRASH\audit_hasil_pemisahan\salah_kamar\FROM_FIRETRUCK_TO_AMBULANCE_fire_0278_seg01.wav
356,FROM_FIRETRUCK_TO_AMBULANCE_fire_0279_seg01.wav,Salah Kamar (Tertukar),FIRETRUCK,AMBULANCE,C:\Users\ASUS\Videos\DATASET\TRASH\audit_hasil_pemisahan\salah_kamar\FROM_FIRETRUCK_TO_AMBULANCE_fire_0279_seg01.wav
357,FROM_FIRETRUCK_TO_AMBULANCE_fire_0280_seg01.wav,Salah Kamar (Tertukar),FIRETRUCK,AMBULANCE,C:\Users\ASUS\Videos\DATASET\TRASH\audit_hasil_pemisahan\salah_kamar\FROM_FIRETRUCK_TO_AMBULANCE_fire_0280_seg01.wav
358,FROM_FIRETRUCK_TO_AMBULANCE_fire_0285_seg01.wav,Salah Kamar (Tertukar),FIRETRUCK,AMBULANCE,C:\Users\ASUS\Videos\DATASET\TRASH\audit_hasil_pemisahan\salah_kamar\FROM_FIRETRUCK_TO_AMBULANCE_fire_0285_seg01.wav
359,FROM_FIRETRUCK_TO_AMBULANCE_fire_0295_noise_light.wav,Salah Kamar (Tertukar),FIRETRUCK,AMBULANCE,C:\Users\ASUS\Videos\DATASET\TRASH\audit_hasil_pemisahan\salah_kamar\FROM_FIRETRUCK_TO_AMBULANCE_fire_0295_noise_light.wav
360,FROM_FIRETRUCK_TO_AMBULANCE_fire_0301_seg01.wav,Salah Kamar (Tertukar),FIRETRUCK,AMBULANCE,C:\Users\ASUS\Videos\DATASET\TRASH\audit_hasil_pemisahan\salah_kamar\FROM_FIRETRUCK_TO_AMBULANCE_fire_0301_seg01.wav
361,FROM_FIRETRUCK_TO_AMBULANCE_fire_0302_seg01.wav,Salah Kamar (Tertukar),FIRETRUCK,AMBULANCE,C:\Users\ASUS\Videos\DATASET\TRASH\audit_hasil_pemisahan\salah_kamar\FROM_FIRETRUCK_TO_AMBULANCE_fire_0302_seg01.wav
362,FROM_FIRETRUCK_TO_AMBULANCE_fire_0304_seg01.wav,Salah Kamar (Tertukar),FIRETRUCK,AMBULANCE,C:\Users\ASUS\Videos\DATASET\TRASH\audit_hasil_pemisahan\salah_kamar\FROM_FIRETRUCK_TO_AMBULANCE_fire_0304_seg01.wav
363,FROM_FIRETRUCK_TO_AMBULANCE_fire_0318_seg01.wav,Salah Kamar (Tertukar),FIRETRUCK,AMBULANCE,C:\Users\ASUS\Videos\DATASET\TRASH\audit_hasil_pemisahan\salah_kamar\FROM_FIRETRUCK_TO_AMBULANCE_fire_0318_seg01.wav
364,FROM_FIRETRUCK_TO_AMBULANCE_fire_0319_seg01.wav,Salah Kamar (Tertukar),FIRETRUCK,AMBULANCE,C:\Users\ASUS\Videos\DATASET\TRASH\audit_hasil_pemisahan\salah_kamar\FROM_FIRETRUCK_TO_AMBULANCE_fire_0319_seg01.wav
365,FROM_FIRETRUCK_TO_AMBULANCE_fire_0321_noise_light.wav,Salah Kamar (Tertukar),FIRETRUCK,AMBULANCE,C:\Users\ASUS\Videos\DATASET\TRASH\audit_hasil_pemisahan\salah_kamar\FROM_FIRETRUCK_TO_AMBULANCE_fire_0321_noise_light.wav
366,FROM_FIRETRUCK_TO_AMBULANCE_fire_0325_seg01.wav,Salah Kamar (Tertukar),FIRETRUCK,AMBULANCE,C:\Users\ASUS\Videos\DATASET\TRASH\audit_hasil_pemisahan\salah_kamar\FROM_FIRETRUCK_TO_AMBULANCE_fire_0325_seg01.wav
367,FROM_FIRETRUCK_TO_AMBULANCE_fire_0326_seg01.wav,Salah Kamar (Tertukar),FIRETRUCK,AMBULANCE,C:\Users\ASUS\Videos\DATASET\TRASH\audit_hasil_pemisahan\salah_kamar\FROM_FIRETRUCK_TO_AMBULANCE_fire_0326_seg01.wav
368,FROM_FIRETRUCK_TO_AMBULANCE_fire_0328_seg01.wav,Salah Kamar (Tertukar),FIRETRUCK,AMBULANCE,C:\Users\ASUS\Videos\DATASET\TRASH\audit_hasil_pemisahan\salah_kamar\FROM_FIRETRUCK_TO_AMBULANCE_fire_0328_seg01.wav
369,FROM_FIRETRUCK_TO_AMBULANCE_fire_0332_seg01.wav,Salah Kamar (Tertukar),FIRETRUCK,AMBULANCE,C:\Users\ASUS\Videos\DATASET\TRASH\audit_hasil_pemisahan\salah_kamar\FROM_FIRETRUCK_TO_AMBULANCE_fire_0332_seg01.wav
370,FROM_FIRETRUCK_TO_AMBULANCE_fire_0337_seg01.wav,Salah Kamar (Tertukar),FIRETRUCK,AMBULANCE,C:\Users\ASUS\Videos\DATASET\TRASH\audit_hasil_pemisahan\salah_kamar\FROM_FIRETRUCK_TO_AMBULANCE_fire_0337_seg01.wav
371,FROM_FIRETRUCK_TO_AMBULANCE_fire_0338_seg01.wav,Salah Kamar (Tertukar),FIRETRUCK,AMBULANCE,C:\Users\ASUS\Videos\DATASET\TRASH\audit_hasil_pemisahan\salah_kamar\FROM_FIRETRUCK_TO_AMBULANCE_fire_0338_seg01.wav
372,FROM_FIRETRUCK_TO_AMBULANCE_fire_0339_seg01.wav,Salah Kamar (Tertukar),FIRETRUCK,AMBULANCE,C:\Users\ASUS\Videos\DATASET\TRASH\audit_hasil_pemisahan\salah_kamar\FROM_FIRETRUCK_TO_AMBULANCE_fire_0339_seg01.wav
373,FROM_FIRETRUCK_TO_AMBULANCE_fire_0345_seg01.wav,Salah Kamar (Tertukar),FIRETRUCK,AMBULANCE,C:\Users\ASUS\Videos\DATASET\TRASH\audit_hasil_pemisahan\salah_kamar\FROM_FIRETRUCK_TO_AMBULANCE_fire_0345_seg01.wav
374,FROM_FIRETRUCK_TO_AMBULANCE_fire_0346_seg01.wav,Salah Kamar (Tertukar),FIRETRUCK,AMBULANCE,C:\Users\ASUS\Videos\DATASET\TRASH\audit_hasil_pemisahan\salah_kamar\FROM_FIRETRUCK_TO_AMBULANCE_fire_0346_seg01.wav
375,FROM_FIRETRUCK_TO_AMBULANCE_fire_0347_seg01.wav,Salah Kamar (Tertukar),FIRETRUCK,AMBULANCE,C:\Users\ASUS\Videos\DATASET\TRASH\audit_hasil_pemisahan\salah_kamar\FROM_FIRETRUCK_TO_AMBULANCE_fire_0347_seg01.wav
376,FROM_FIRETRUCK_TO_AMBULANCE_fire_0348_seg01.wav,Salah Kamar (Tertukar),FIRETRUCK,AMBULANCE,C:\Users\ASUS\Videos\DATASET\TRASH\audit_hasil_pemisahan\salah_kamar\FROM_FIRETRUCK_TO_AMBULANCE_fire_0348_seg01.wav
377,FROM_FIRETRUCK_TO_AMBULANCE_fire_0354_noise_light.wav,Salah Kamar (Tertukar),FIRETRUCK,AMBULANCE,C:\Users\ASUS\Videos\DATASET\TRASH\audit_hasil_pemisahan\salah_kamar\FROM_FIRETRUCK_TO_AMBULANCE_fire_0354_noise_light.wav
378,FROM_FIRETRUCK_TO_AMBULANCE_fire_0354_original.wav,Salah Kamar (Tertukar),FIRETRUCK,AMBULANCE,C:\Users\ASUS\Videos\DATASET\TRASH\audit_hasil_pemisahan\salah_kamar\FROM_FIRETRUCK_TO_AMBULANCE_fire_0354_original.wav
379,FROM_FIRETRUCK_TO_AMBULANCE_fire_0354_shift.wav,Salah Kamar (Tertukar),FIRETRUCK,AMBULANCE,C:\Users\ASUS\Videos\DATASET\TRASH\audit_hasil_pemisahan\salah_kamar\FROM_FIRETRUCK_TO_AMBULANCE_fire_0354_shift.wav
380,FROM_FIRETRUCK_TO_AMBULANCE_fire_0356_shift.wav,Salah Kamar (Tertukar),FIRETRUCK,AMBULANCE,C:\Users\ASUS\Videos\DATASET\TRASH\audit_hasil_pemisahan\salah_kamar\FROM_FIRETRUCK_TO_AMBULANCE_fire_0356_shift.wav
381,FROM_FIRETRUCK_TO_AMBULANCE_fire_0369_seg01.wav,Salah Kamar (Tertukar),FIRETRUCK,AMBULANCE,C:\Users\ASUS\Videos\DATASET\TRASH\audit_hasil_pemisahan\salah_kamar\FROM_FIRETRUCK_TO_AMBULANCE_fire_0369_seg01.wav
382,FROM_FIRETRUCK_TO_AMBULANCE_fire_0370_seg01.wav,Salah Kamar (Tertukar),FIRETRUCK,AMBULANCE,C:\Users\ASUS\Videos\DATASET\TRASH\audit_hasil_pemisahan\salah_kamar\FROM_FIRETRUCK_TO_AMBULANCE_fire_0370_seg01.wav
383,FROM_FIRETRUCK_TO_AMBULANCE_fire_0401_seg01.wav,Salah Kamar (Tertukar),FIRETRUCK,AMBULANCE,C:\Users\ASUS\Videos\DATASET\TRASH\audit_hasil_pemisahan\salah_kamar\FROM_FIRETRUCK_TO_AMBULANCE_fire_0401_seg01.wav
384,FROM_FIRETRUCK_TO_AMBULANCE_fire_0402_seg01.wav,Salah Kamar (Tertukar),FIRETRUCK,AMBULANCE,C:\Users\ASUS\Videos\DATASET\TRASH\audit_hasil_pemisahan\salah_kamar\FROM_FIRETRUCK_TO_AMBULANCE_fire_0402_seg01.wav
385,FROM_FIRETRUCK_TO_AMBULANCE_fire_0403_seg01.wav,Salah Kamar (Tertukar),FIRETRUCK,AMBULANCE,C:\Users\ASUS\Videos\DATASET\TRASH\audit_hasil_pemisahan\salah_kamar\FROM_FIRETRUCK_TO_AMBULANCE_fire_0403_seg01.wav
386,FROM_FIRETRUCK_TO_AMBULANCE_fire_0404_seg01.wav,Salah Kamar (Tertukar),FIRETRUCK,AMBULANCE,C:\Users\ASUS\Videos\DATASET\TRASH\audit_hasil_pemisahan\salah_kamar\FROM_FIRETRUCK_TO_AMBULANCE_fire_0404_seg01.wav
387,FROM_FIRETRUCK_TO_AMBULANCE_fire_0481_seg01.wav,Salah Kamar (Tertukar),FIRETRUCK,AMBULANCE,C:\Users\ASUS\Videos\DATASET\TRASH\audit_hasil_pemisahan\salah_kamar\FROM_FIRETRUCK_TO_AMBULANCE_fire_0481_seg01.wav
388,FROM_FIRETRUCK_TO_AMBULANCE_fire_0482_seg01.wav,Salah Kamar (Tertukar),FIRETRUCK,AMBULANCE,C:\Users\ASUS\Videos\DATASET\TRASH\audit_hasil_pemisahan\salah_kamar\FROM_FIRETRUCK_TO_AMBULANCE_fire_0482_seg01.wav
389,FROM_FIRETRUCK_TO_AMBULANCE_fire_0483_seg01.wav,Salah Kamar (Tertukar),FIRETRUCK,AMBULANCE,C:\Users\ASUS\Videos\DATASET\TRASH\audit_hasil_pemisahan\salah_kamar\FROM_FIRETRUCK_TO_AMBULANCE_fire_0483_seg01.wav
390,FROM_FIRETRUCK_TO_AMBULANCE_fire_0484_seg01.wav,Salah Kamar (Tertukar),FIRETRUCK,AMBULANCE,C:\Users\ASUS\Videos\DATASET\TRASH\audit_hasil_pemisahan\salah_kamar\FROM_FIRETRUCK_TO_AMBULANCE_fire_0484_seg01.wav
391,FROM_FIRETRUCK_TO_AMBULANCE_fire_0504_seg01.wav,Salah Kamar (Tertukar),FIRETRUCK,AMBULANCE,C:\Users\ASUS\Videos\DATASET\TRASH\audit_hasil_pemisahan\salah_kamar\FROM_FIRETRUCK_TO_AMBULANCE_fire_0504_seg01.wav
392,FROM_FIRETRUCK_TO_AMBULANCE_fire_0517_seg01.wav,Salah Kamar (Tertukar),FIRETRUCK,AMBULANCE,C:\Users\ASUS\Videos\DATASET\TRASH\audit_hasil_pemisahan\salah_kamar\FROM_FIRETRUCK_TO_AMBULANCE_fire_0517_seg01.wav
393,FROM_FIRETRUCK_TO_AMBULANCE_fire_0518_seg01.wav,Salah Kamar (Tertukar),FIRETRUCK,AMBULANCE,C:\Users\ASUS\Videos\DATASET\TRASH\audit_hasil_pemisahan\salah_kamar\FROM_FIRETRUCK_TO_AMBULANCE_fire_0518_seg01.wav
394,FROM_FIRETRUCK_TO_AMBULANCE_fire_0519_seg01.wav,Salah Kamar (Tertukar),FIRETRUCK,AMBULANCE,C:\Users\ASUS\Videos\DATASET\TRASH\audit_hasil_pemisahan\salah_kamar\FROM_FIRETRUCK_TO_AMBULANCE_fire_0519_seg01.wav
395,FROM_FIRETRUCK_TO_AMBULANCE_fire_0520_seg01.wav,Salah Kamar (Tertukar),FIRETRUCK,AMBULANCE,C:\Users\ASUS\Videos\DATASET\TRASH\audit_hasil_pemisahan\salah_kamar\FROM_FIRETRUCK_TO_AMBULANCE_fire_0520_seg01.wav
396,FROM_FIRETRUCK_TO_AMBULANCE_fire_0530_seg01.wav,Salah Kamar (Tertukar),FIRETRUCK,AMBULANCE,C:\Users\ASUS\Videos\DATASET\TRASH\audit_hasil_pemisahan\salah_kamar\FROM_FIRETRUCK_TO_AMBULANCE_fire_0530_seg01.wav
397,FROM_FIRETRUCK_TO_AMBULANCE_fire_0531_seg01.wav,Salah Kamar (Tertukar),FIRETRUCK,AMBULANCE,C:\Users\ASUS\Videos\DATASET\TRASH\audit_hasil_pemisahan\salah_kamar\FROM_FIRETRUCK_TO_AMBULANCE_fire_0531_seg01.wav
398,FROM_FIRETRUCK_TO_AMBULANCE_fire_0540_seg01.wav,Salah Kamar (Tertukar),FIRETRUCK,AMBULANCE,C:\Users\ASUS\Videos\DATASET\TRASH\audit_hasil_pemisahan\salah_kamar\FROM_FIRETRUCK_TO_AMBULANCE_fire_0540_seg01.wav
399,FROM_FIRETRUCK_TO_AMBULANCE_fire_0541_seg01.wav,Salah Kamar (Tertukar),FIRETRUCK,AMBULANCE,C:\Users\ASUS\Videos\DATASET\TRASH\audit_hasil_pemisahan\salah_kamar\FROM_FIRETRUCK_TO_AMBULANCE_fire_0541_seg01.wav
400,FROM_FIRETRUCK_TO_AMBULANCE_fire_0542_seg01.wav,Salah Kamar (Tertukar),FIRETRUCK,AMBULANCE,C:\Users\ASUS\Videos\DATASET\TRASH\audit_hasil_pemisahan\salah_kamar\FROM_FIRETRUCK_TO_AMBULANCE_fire_0542_seg01.wav
401,FROM_FIRETRUCK_TO_AMBULANCE_fire_0543_seg01.wav,Salah Kamar (Tertukar),FIRETRUCK,AMBULANCE,C:\Users\ASUS\Videos\DATASET\TRASH\audit_hasil_pemisahan\salah_kamar\FROM_FIRETRUCK_TO_AMBULANCE_fire_0543_seg01.wav
402,FROM_FIRETRUCK_TO_AMBULANCE_fire_0544_seg01.wav,Salah Kamar (Tertukar),FIRETRUCK,AMBULANCE,C:\Users\ASUS\Videos\DATASET\TRASH\audit_hasil_pemisahan\salah_kamar\FROM_FIRETRUCK_TO_AMBULANCE_fire_0544_seg01.wav
403,FROM_FIRETRUCK_TO_AMBULANCE_fire_0553_seg01.wav,Salah Kamar (Tertukar),FIRETRUCK,AMBULANCE,C:\Users\ASUS\Videos\DATASET\TRASH\audit_hasil_pemisahan\salah_kamar\FROM_FIRETRUCK_TO_AMBULANCE_fire_0553_seg01.wav
404,FROM_FIRETRUCK_TO_AMBULANCE_fire_0555_seg01.wav,Salah Kamar (Tertukar),FIRETRUCK,AMBULANCE,C:\Users\ASUS\Videos\DATASET\TRASH\audit_hasil_pemisahan\salah_kamar\FROM_FIRETRUCK_TO_AMBULANCE_fire_0555_seg01.wav
405,FROM_FIRETRUCK_TO_AMBULANCE_fire_0556_seg01.wav,Salah Kamar (Tertukar),FIRETRUCK,AMBULANCE,C:\Users\ASUS\Videos\DATASET\TRASH\audit_hasil_pemisahan\salah_kamar\FROM_FIRETRUCK_TO_AMBULANCE_fire_0556_seg01.wav
406,FROM_FIRETRUCK_TO_AMBULANCE_fire_0561_seg01.wav,Salah Kamar (Tertukar),FIRETRUCK,AMBULANCE,C:\Users\ASUS\Videos\DATASET\TRASH\audit_hasil_pemisahan\salah_kamar\FROM_FIRETRUCK_TO_AMBULANCE_fire_0561_seg01.wav
407,FROM_FIRETRUCK_TO_AMBULANCE_fire_0562_seg01.wav,Salah Kamar (Tertukar),FIRETRUCK,AMBULANCE,C:\Users\ASUS\Videos\DATASET\TRASH\audit_hasil_pemisahan\salah_kamar\FROM_FIRETRUCK_TO_AMBULANCE_fire_0562_seg01.wav
408,FROM_FIRETRUCK_TO_AMBULANCE_fire_0563_seg01.wav,Salah Kamar (Tertukar),FIRETRUCK,AMBULANCE,C:\Users\ASUS\Videos\DATASET\TRASH\audit_hasil_pemisahan\salah_kamar\FROM_FIRETRUCK_TO_AMBULANCE_fire_0563_seg01.wav
409,FROM_FIRETRUCK_TO_AMBULANCE_fire_0564_seg01.wav,Salah Kamar (Tertukar),FIRETRUCK,AMBULANCE,C:\Users\ASUS\Videos\DATASET\TRASH\audit_hasil_pemisahan\salah_kamar\FROM_FIRETRUCK_TO_AMBULANCE_fire_0564_seg01.wav
410,FROM_FIRETRUCK_TO_AMBULANCE_fire_0565_seg01.wav,Salah Kamar (Tertukar),FIRETRUCK,AMBULANCE,C:\Users\ASUS\Videos\DATASET\TRASH\audit_hasil_pemisahan\salah_kamar\FROM_FIRETRUCK_TO_AMBULANCE_fire_0565_seg01.wav
411,FROM_FIRETRUCK_TO_AMBULANCE_fire_0566_seg01.wav,Salah Kamar (Tertukar),FIRETRUCK,AMBULANCE,C:\Users\ASUS\Videos\DATASET\TRASH\audit_hasil_pemisahan\salah_kamar\FROM_FIRETRUCK_TO_AMBULANCE_fire_0566_seg01.wav
412,FROM_FIRETRUCK_TO_AMBULANCE_fire_0567_seg01.wav,Salah Kamar (Tertukar),FIRETRUCK,AMBULANCE,C:\Users\ASUS\Videos\DATASET\TRASH\audit_hasil_pemisahan\salah_kamar\FROM_FIRETRUCK_TO_AMBULANCE_fire_0567_seg01.wav
413,FROM_FIRETRUCK_TO_AMBULANCE_fire_0568_seg01.wav,Salah Kamar (Tertukar),FIRETRUCK,AMBULANCE,C:\Users\ASUS\Videos\DATASET\TRASH\audit_hasil_pemisahan\salah_kamar\FROM_FIRETRUCK_TO_AMBULANCE_fire_0568_seg01.wav
414,FROM_FIRETRUCK_TO_AMBULANCE_fire_0573_seg01.wav,Salah Kamar (Tertukar),FIRETRUCK,AMBULANCE,C:\Users\ASUS\Videos\DATASET\TRASH\audit_hasil_pemisahan\salah_kamar\FROM_FIRETRUCK_TO_AMBULANCE_fire_0573_seg01.wav
415,FROM_FIRETRUCK_TO_AMBULANCE_fire_0577_seg01.wav,Salah Kamar (Tertukar),FIRETRUCK,AMBULANCE,C:\Users\ASUS\Videos\DATASET\TRASH\audit_hasil_pemisahan\salah_kamar\FROM_FIRETRUCK_TO_AMBULANCE_fire_0577_seg01.wav
416,FROM_FIRETRUCK_TO_AMBULANCE_fire_0578_seg01.wav,Salah Kamar (Tertukar),FIRETRUCK,AMBULANCE,C:\Users\ASUS\Videos\DATASET\TRASH\audit_hasil_pemisahan\salah_kamar\FROM_FIRETRUCK_TO_AMBULANCE_fire_0578_seg01.wav
417,FROM_FIRETRUCK_TO_AMBULANCE_fire_0579_seg01.wav,Salah Kamar (Tertukar),FIRETRUCK,AMBULANCE,C:\Users\ASUS\Videos\DATASET\TRASH\audit_hasil_pemisahan\salah_kamar\FROM_FIRETRUCK_TO_AMBULANCE_fire_0579_seg01.wav
418,FROM_FIRETRUCK_TO_AMBULANCE_fire_0580_seg01.wav,Salah Kamar (Tertukar),FIRETRUCK,AMBULANCE,C:\Users\ASUS\Videos\DATASET\TRASH\audit_hasil_pemisahan\salah_kamar\FROM_FIRETRUCK_TO_AMBULANCE_fire_0580_seg01.wav
419,FROM_FIRETRUCK_TO_AMBULANCE_fire_0593_seg01.wav,Salah Kamar (Tertukar),FIRETRUCK,AMBULANCE,C:\Users\ASUS\Videos\DATASET\TRASH\audit_hasil_pemisahan\salah_kamar\FROM_FIRETRUCK_TO_AMBULANCE_fire_0593_seg01.wav
420,FROM_FIRETRUCK_TO_AMBULANCE_fire_0595_seg01.wav,Salah Kamar (Tertukar),FIRETRUCK,AMBULANCE,C:\Users\ASUS\Videos\DATASET\TRASH\audit_hasil_pemisahan\salah_kamar\FROM_FIRETRUCK_TO_AMBULANCE_fire_0595_seg01.wav
421,FROM_FIRETRUCK_TO_AMBULANCE_fire_0596_seg01.wav,Salah Kamar (Tertukar),FIRETRUCK,AMBULANCE,C:\Users\ASUS\Videos\DATASET\TRASH\audit_hasil_pemisahan\salah_kamar\FROM_FIRETRUCK_TO_AMBULANCE_fire_0596_seg01.wav
422,FROM_FIRETRUCK_TO_AMBULANCE_fire_0629_seg01.wav,Salah Kamar (Tertukar),FIRETRUCK,AMBULANCE,C:\Users\ASUS\Videos\DATASET\TRASH\audit_hasil_pemisahan\salah_kamar\FROM_FIRETRUCK_TO_AMBULANCE_fire_0629_seg01.wav
423,FROM_FIRETRUCK_TO_AMBULANCE_fire_0630_seg01.wav,Salah Kamar (Tertukar),FIRETRUCK,AMBULANCE,C:\Users\ASUS\Videos\DATASET\TRASH\audit_hasil_pemisahan\salah_kamar\FROM_FIRETRUCK_TO_AMBULANCE_fire_0630_seg01.wav
424,FROM_FIRETRUCK_TO_AMBULANCE_fire_0631_seg01.wav,Salah Kamar (Tertukar),FIRETRUCK,AMBULANCE,C:\Users\ASUS\Videos\DATASET\TRASH\audit_hasil_pemisahan\salah_kamar\FROM_FIRETRUCK_TO_AMBULANCE_fire_0631_seg01.wav
425,FROM_FIRETRUCK_TO_AMBULANCE_fire_0632_seg01.wav,Salah Kamar (Tertukar),FIRETRUCK,AMBULANCE,C:\Users\ASUS\Videos\DATASET\TRASH\audit_hasil_pemisahan\salah_kamar\FROM_FIRETRUCK_TO_AMBULANCE_fire_0632_seg01.wav
426,FROM_FIRETRUCK_TO_AMBULANCE_fire_0633_seg01.wav,Salah Kamar (Tertukar),FIRETRUCK,AMBULANCE,C:\Users\ASUS\Videos\DATASET\TRASH\audit_hasil_pemisahan\salah_kamar\FROM_FIRETRUCK_TO_AMBULANCE_fire_0633_seg01.wav
427,FROM_FIRETRUCK_TO_AMBULANCE_fire_0634_seg01.wav,Salah Kamar (Tertukar),FIRETRUCK,AMBULANCE,C:\Users\ASUS\Videos\DATASET\TRASH\audit_hasil_pemisahan\salah_kamar\FROM_FIRETRUCK_TO_AMBULANCE_fire_0634_seg01.wav
428,FROM_FIRETRUCK_TO_AMBULANCE_fire_0635_seg01.wav,Salah Kamar (Tertukar),FIRETRUCK,AMBULANCE,C:\Users\ASUS\Videos\DATASET\TRASH\audit_hasil_pemisahan\salah_kamar\FROM_FIRETRUCK_TO_AMBULANCE_fire_0635_seg01.wav
429,FROM_FIRETRUCK_TO_AMBULANCE_fire_0636_seg01.wav,Salah Kamar (Tertukar),FIRETRUCK,AMBULANCE,C:\Users\ASUS\Videos\DATASET\TRASH\audit_hasil_pemisahan\salah_kamar\FROM_FIRETRUCK_TO_AMBULANCE_fire_0636_seg01.wav
430,FROM_FIRETRUCK_TO_AMBULANCE_fire_0674_seg01.wav,Salah Kamar (Tertukar),FIRETRUCK,AMBULANCE,C:\Users\ASUS\Videos\DATASET\TRASH\audit_hasil_pemisahan\salah_kamar\FROM_FIRETRUCK_TO_AMBULANCE_fire_0674_seg01.wav
431,FROM_FIRETRUCK_TO_AMBULANCE_fire_0686_seg01.wav,Salah Kamar (Tertukar),FIRETRUCK,AMBULANCE,C:\Users\ASUS\Videos\DATASET\TRASH\audit_hasil_pemisahan\salah_kamar\FROM_FIRETRUCK_TO_AMBULANCE_fire_0686_seg01.wav
432,FROM_FIRETRUCK_TO_AMBULANCE_fire_0689_seg01.wav,Salah Kamar (Tertukar),FIRETRUCK,AMBULANCE,C:\Users\ASUS\Videos\DATASET\TRASH\audit_hasil_pemisahan\salah_kamar\FROM_FIRETRUCK_TO_AMBULANCE_fire_0689_seg01.wav
433,FROM_FIRETRUCK_TO_AMBULANCE_fire_0692_seg01.wav,Salah Kamar (Tertukar),FIRETRUCK,AMBULANCE,C:\Users\ASUS\Videos\DATASET\TRASH\audit_hasil_pemisahan\salah_kamar\FROM_FIRETRUCK_TO_AMBULANCE_fire_0692_seg01.wav
434,FROM_FIRETRUCK_TO_AMBULANCE_fire_0714_seg01.wav,Salah Kamar (Tertukar),FIRETRUCK,AMBULANCE,C:\Users\ASUS\Videos\DATASET\TRASH\audit_hasil_pemisahan\salah_kamar\FROM_FIRETRUCK_TO_AMBULANCE_fire_0714_seg01.wav
435,FROM_FIRETRUCK_TO_AMBULANCE_fire_0733_seg01.wav,Salah Kamar (Tertukar),FIRETRUCK,AMBULANCE,C:\Users\ASUS\Videos\DATASET\TRASH\audit_hasil_pemisahan\salah_kamar\FROM_FIRETRUCK_TO_AMBULANCE_fire_0733_seg01.wav
436,FROM_FIRETRUCK_TO_AMBULANCE_fire_0734_seg01.wav,Salah Kamar (Tertukar),FIRETRUCK,AMBULANCE,C:\Users\ASUS\Videos\DATASET\TRASH\audit_hasil_pemisahan\salah_kamar\FROM_FIRETRUCK_TO_AMBULANCE_fire_0734_seg01.wav
437,FROM_FIRETRUCK_TO_AMBULANCE_fire_0735_seg01.wav,Salah Kamar (Tertukar),FIRETRUCK,AMBULANCE,C:\Users\ASUS\Videos\DATASET\TRASH\audit_hasil_pemisahan\salah_kamar\FROM_FIRETRUCK_TO_AMBULANCE_fire_0735_seg01.wav
438,FROM_FIRETRUCK_TO_AMBULANCE_fire_0736_seg01.wav,Salah Kamar (Tertukar),FIRETRUCK,AMBULANCE,C:\Users\ASUS\Videos\DATASET\TRASH\audit_hasil_pemisahan\salah_kamar\FROM_FIRETRUCK_TO_AMBULANCE_fire_0736_seg01.wav
439,FROM_FIRETRUCK_TO_AMBULANCE_fire_0782_seg01.wav,Salah Kamar (Tertukar),FIRETRUCK,AMBULANCE,C:\Users\ASUS\Videos\DATASET\TRASH\audit_hasil_pemisahan\salah_kamar\FROM_FIRETRUCK_TO_AMBULANCE_fire_0782_seg01.wav
440,FROM_FIRETRUCK_TO_AMBULANCE_fire_0794_seg01.wav,Salah Kamar (Tertukar),FIRETRUCK,AMBULANCE,C:\Users\ASUS\Videos\DATASET\TRASH\audit_hasil_pemisahan\salah_kamar\FROM_FIRETRUCK_TO_AMBULANCE_fire_0794_seg01.wav
441,FROM_FIRETRUCK_TO_AMBULANCE_fire_0813_seg01.wav,Salah Kamar (Tertukar),FIRETRUCK,AMBULANCE,C:\Users\ASUS\Videos\DATASET\TRASH\audit_hasil_pemisahan\salah_kamar\FROM_FIRETRUCK_TO_AMBULANCE_fire_0813_seg01.wav
442,FROM_FIRETRUCK_TO_AMBULANCE_fire_0814_seg01.wav,Salah Kamar (Tertukar),FIRETRUCK,AMBULANCE,C:\Users\ASUS\Videos\DATASET\TRASH\audit_hasil_pemisahan\salah_kamar\FROM_FIRETRUCK_TO_AMBULANCE_fire_0814_seg01.wav
443,FROM_FIRETRUCK_TO_AMBULANCE_fire_0815_seg01.wav,Salah Kamar (Tertukar),FIRETRUCK,AMBULANCE,C:\Users\ASUS\Videos\DATASET\TRASH\audit_hasil_pemisahan\salah_kamar\FROM_FIRETRUCK_TO_AMBULANCE_fire_0815_seg01.wav
444,FROM_FIRETRUCK_TO_AMBULANCE_fire_0816_seg01.wav,Salah Kamar (Tertukar),FIRETRUCK,AMBULANCE,C:\Users\ASUS\Videos\DATASET\TRASH\audit_hasil_pemisahan\salah_kamar\FROM_FIRETRUCK_TO_AMBULANCE_fire_0816_seg01.wav
445,FROM_FIRETRUCK_TO_AMBULANCE_fire_0821_seg01.wav,Salah Kamar (Tertukar),FIRETRUCK,AMBULANCE,C:\Users\ASUS\Videos\DATASET\TRASH\audit_hasil_pemisahan\salah_kamar\FROM_FIRETRUCK_TO_AMBULANCE_fire_0821_seg01.wav
446,FROM_FIRETRUCK_TO_AMBULANCE_fire_0822_seg01.wav,Salah Kamar (Tertukar),FIRETRUCK,AMBULANCE,C:\Users\ASUS\Videos\DATASET\TRASH\audit_hasil_pemisahan\salah_kamar\FROM_FIRETRUCK_TO_AMBULANCE_fire_0822_seg01.wav
447,FROM_FIRETRUCK_TO_AMBULANCE_fire_0823_seg01.wav,Salah Kamar (Tertukar),FIRETRUCK,AMBULANCE,C:\Users\ASUS\Videos\DATASET\TRASH\audit_hasil_pemisahan\salah_kamar\FROM_FIRETRUCK_TO_AMBULANCE_fire_0823_seg01.wav
448,FROM_FIRETRUCK_TO_AMBULANCE_fire_0824_seg01.wav,Salah Kamar (Tertukar),FIRETRUCK,AMBULANCE,C:\Users\ASUS\Videos\DATASET\TRASH\audit_hasil_pemisahan\salah_kamar\FROM_FIRETRUCK_TO_AMBULANCE_fire_0824_seg01.wav
449,FROM_FIRETRUCK_TO_AMBULANCE_fire_0829_seg01.wav,Salah Kamar (Tertukar),FIRETRUCK,AMBULANCE,C:\Users\ASUS\Videos\DATASET\TRASH\audit_hasil_pemisahan\salah_kamar\FROM_FIRETRUCK_TO_AMBULANCE_fire_0829_seg01.wav
450,FROM_FIRETRUCK_TO_AMBULANCE_fire_0830_seg01.wav,Salah Kamar (Tertukar),FIRETRUCK,AMBULANCE,C:\Users\ASUS\Videos\DATASET\TRASH\audit_hasil_pemisahan\salah_kamar\FROM_FIRETRUCK_TO_AMBULANCE_fire_0830_seg01.wav
451,FROM_FIRETRUCK_TO_AMBULANCE_fire_0831_seg01.wav,Salah Kamar (Tertukar),FIRETRUCK,AMBULANCE,C:\Users\ASUS\Videos\DATASET\TRASH\audit_hasil_pemisahan\salah_kamar\FROM_FIRETRUCK_TO_AMBULANCE_fire_0831_seg01.wav
452,FROM_FIRETRUCK_TO_AMBULANCE_fire_0874_seg01.wav,Salah Kamar (Tertukar),FIRETRUCK,AMBULANCE,C:\Users\ASUS\Videos\DATASET\TRASH\audit_hasil_pemisahan\salah_kamar\FROM_FIRETRUCK_TO_AMBULANCE_fire_0874_seg01.wav
453,FROM_FIRETRUCK_TO_AMBULANCE_fire_0905_seg01.wav,Salah Kamar (Tertukar),FIRETRUCK,AMBULANCE,C:\Users\ASUS\Videos\DATASET\TRASH\audit_hasil_pemisahan\salah_kamar\FROM_FIRETRUCK_TO_AMBULANCE_fire_0905_seg01.wav
454,FROM_FIRETRUCK_TO_AMBULANCE_fire_0908_seg01.wav,Salah Kamar (Tertukar),FIRETRUCK,AMBULANCE,C:\Users\ASUS\Videos\DATASET\TRASH\audit_hasil_pemisahan\salah_kamar\FROM_FIRETRUCK_TO_AMBULANCE_fire_0908_seg01.wav
455,FROM_FIRETRUCK_TO_AMBULANCE_fire_0929_seg01.wav,Salah Kamar (Tertukar),FIRETRUCK,AMBULANCE,C:\Users\ASUS\Videos\DATASET\TRASH\audit_hasil_pemisahan\salah_kamar\FROM_FIRETRUCK_TO_AMBULANCE_fire_0929_seg01.wav
456,FROM_FIRETRUCK_TO_AMBULANCE_fire_0930_seg01.wav,Salah Kamar (Tertukar),FIRETRUCK,AMBULANCE,C:\Users\ASUS\Videos\DATASET\TRASH\audit_hasil_pemisahan\salah_kamar\FROM_FIRETRUCK_TO_AMBULANCE_fire_0930_seg01.wav
457,FROM_FIRETRUCK_TO_AMBULANCE_fire_0931_seg01.wav,Salah Kamar (Tertukar),FIRETRUCK,AMBULANCE,C:\Users\ASUS\Videos\DATASET\TRASH\audit_hasil_pemisahan\salah_kamar\FROM_FIRETRUCK_TO_AMBULANCE_fire_0931_seg01.wav
458,FROM_FIRETRUCK_TO_AMBULANCE_fire_0932_seg01.wav,Salah Kamar (Tertukar),FIRETRUCK,AMBULANCE,C:\Users\ASUS\Videos\DATASET\TRASH\audit_hasil_pemisahan\salah_kamar\FROM_FIRETRUCK_TO_AMBULANCE_fire_0932_seg01.wav
459,FROM_FIRETRUCK_TO_AMBULANCE_fire_0947_seg01.wav,Salah Kamar (Tertukar),FIRETRUCK,AMBULANCE,C:\Users\ASUS\Videos\DATASET\TRASH\audit_hasil_pemisahan\salah_kamar\FROM_FIRETRUCK_TO_AMBULANCE_fire_0947_seg01.wav
460,FROM_FIRETRUCK_TO_AMBULANCE_fire_0988_seg01.wav,Salah Kamar (Tertukar),FIRETRUCK,AMBULANCE,C:\Users\ASUS\Videos\DATASET\TRASH\audit_hasil_pemisahan\salah_kamar\FROM_FIRETRUCK_TO_AMBULANCE_fire_0988_seg01.wav
461,FROM_FIRETRUCK_TO_AMBULANCE_fire_1016_seg01.wav,Salah Kamar (Tertukar),FIRETRUCK,AMBULANCE,C:\Users\ASUS\Videos\DATASET\TRASH\audit_hasil_pemisahan\salah_kamar\FROM_FIRETRUCK_TO_AMBULANCE_fire_1016_seg01.wav
462,FROM_FIRETRUCK_TO_AMBULANCE_fire_1041_seg01.wav,Salah Kamar (Tertukar),FIRETRUCK,AMBULANCE,C:\Users\ASUS\Videos\DATASET\TRASH\audit_hasil_pemisahan\salah_kamar\FROM_FIRETRUCK_TO_AMBULANCE_fire_1041_seg01.wav
463,FROM_FIRETRUCK_TO_AMBULANCE_fire_1042_seg01.wav,Salah Kamar (Tertukar),FIRETRUCK,AMBULANCE,C:\Users\ASUS\Videos\DATASET\TRASH\audit_hasil_pemisahan\salah_kamar\FROM_FIRETRUCK_TO_AMBULANCE_fire_1042_seg01.wav
464,FROM_FIRETRUCK_TO_AMBULANCE_fire_1044_seg01.wav,Salah Kamar (Tertukar),FIRETRUCK,AMBULANCE,C:\Users\ASUS\Videos\DATASET\TRASH\audit_hasil_pemisahan\salah_kamar\FROM_FIRETRUCK_TO_AMBULANCE_fire_1044_seg01.wav
465,FROM_FIRETRUCK_TO_AMBULANCE_fire_1054_seg01.wav,Salah Kamar (Tertukar),FIRETRUCK,AMBULANCE,C:\Users\ASUS\Videos\DATASET\TRASH\audit_hasil_pemisahan\salah_kamar\FROM_FIRETRUCK_TO_AMBULANCE_fire_1054_seg01.wav
466,FROM_FIRETRUCK_TO_AMBULANCE_fire_1101_seg01.wav,Salah Kamar (Tertukar),FIRETRUCK,AMBULANCE,C:\Users\ASUS\Videos\DATASET\TRASH\audit_hasil_pemisahan\salah_kamar\FROM_FIRETRUCK_TO_AMBULANCE_fire_1101_seg01.wav
467,FROM_FIRETRUCK_TO_AMBULANCE_fire_1130_seg01.wav,Salah Kamar (Tertukar),FIRETRUCK,AMBULANCE,C:\Users\ASUS\Videos\DATASET\TRASH\audit_hasil_pemisahan\salah_kamar\FROM_FIRETRUCK_TO_AMBULANCE_fire_1130_seg01.wav
468,FROM_FIRETRUCK_TO_AMBULANCE_fire_1133_seg01.wav,Salah Kamar (Tertukar),FIRETRUCK,AMBULANCE,C:\Users\ASUS\Videos\DATASET\TRASH\audit_hasil_pemisahan\salah_kamar\FROM_FIRETRUCK_TO_AMBULANCE_fire_1133_seg01.wav
469,FROM_FIRETRUCK_TO_AMBULANCE_fire_1134_seg01.wav,Salah Kamar (Tertukar),FIRETRUCK,AMBULANCE,C:\Users\ASUS\Videos\DATASET\TRASH\audit_hasil_pemisahan\salah_kamar\FROM_FIRETRUCK_TO_AMBULANCE_fire_1134_seg01.wav
470,FROM_FIRETRUCK_TO_AMBULANCE_fire_1135_seg01.wav,Salah Kamar (Tertukar),FIRETRUCK,AMBULANCE,C:\Users\ASUS\Videos\DATASET\TRASH\audit_hasil_pemisahan\salah_kamar\FROM_FIRETRUCK_TO_AMBULANCE_fire_1135_seg01.wav
471,FROM_FIRETRUCK_TO_AMBULANCE_fire_1136_seg01.wav,Salah Kamar (Tertukar),FIRETRUCK,AMBULANCE,C:\Users\ASUS\Videos\DATASET\TRASH\audit_hasil_pemisahan\salah_kamar\FROM_FIRETRUCK_TO_AMBULANCE_fire_1136_seg01.wav
472,FROM_FIRETRUCK_TO_AMBULANCE_fire_1145_seg01.wav,Salah Kamar (Tertukar),FIRETRUCK,AMBULANCE,C:\Users\ASUS\Videos\DATASET\TRASH\audit_hasil_pemisahan\salah_kamar\FROM_FIRETRUCK_TO_AMBULANCE_fire_1145_seg01.wav
473,FROM_FIRETRUCK_TO_AMBULANCE_fire_1147_seg01.wav,Salah Kamar (Tertukar),FIRETRUCK,AMBULANCE,C:\Users\ASUS\Videos\DATASET\TRASH\audit_hasil_pemisahan\salah_kamar\FROM_FIRETRUCK_TO_AMBULANCE_fire_1147_seg01.wav
474,FROM_FIRETRUCK_TO_AMBULANCE_fire_1148_seg01.wav,Salah Kamar (Tertukar),FIRETRUCK,AMBULANCE,C:\Users\ASUS\Videos\DATASET\TRASH\audit_hasil_pemisahan\salah_kamar\FROM_FIRETRUCK_TO_AMBULANCE_fire_1148_seg01.wav
475,FROM_FIRETRUCK_TO_AMBULANCE_fire_1152_seg01.wav,Salah Kamar (Tertukar),FIRETRUCK,AMBULANCE,C:\Users\ASUS\Videos\DATASET\TRASH\audit_hasil_pemisahan\salah_kamar\FROM_FIRETRUCK_TO_AMBULANCE_fire_1152_seg01.wav
476,FROM_FIRETRUCK_TO_AMBULANCE_fire_1182_seg01.wav,Salah Kamar (Tertukar),FIRETRUCK,AMBULANCE,C:\Users\ASUS\Videos\DATASET\TRASH\audit_hasil_pemisahan\salah_kamar\FROM_FIRETRUCK_TO_AMBULANCE_fire_1182_seg01.wav
477,FROM_FIRETRUCK_TO_AMBULANCE_fire_1228_seg01.wav,Salah Kamar (Tertukar),FIRETRUCK,AMBULANCE,C:\Users\ASUS\Videos\DATASET\TRASH\audit_hasil_pemisahan\salah_kamar\FROM_FIRETRUCK_TO_AMBULANCE_fire_1228_seg01.wav
478,FROM_FIRETRUCK_TO_AMBULANCE_fire_1234_seg01.wav,Salah Kamar (Tertukar),FIRETRUCK,AMBULANCE,C:\Users\ASUS\Videos\DATASET\TRASH\audit_hasil_pemisahan\salah_kamar\FROM_FIRETRUCK_TO_AMBULANCE_fire_1234_seg01.wav
479,FROM_FIRETRUCK_TO_AMBULANCE_fire_1241_seg01.wav,Salah Kamar (Tertukar),FIRETRUCK,AMBULANCE,C:\Users\ASUS\Videos\DATASET\TRASH\audit_hasil_pemisahan\salah_kamar\FROM_FIRETRUCK_TO_AMBULANCE_fire_1241_seg01.wav
480,FROM_FIRETRUCK_TO_AMBULANCE_fire_1242_seg01.wav,Salah Kamar (Tertukar),FIRETRUCK,AMBULANCE,C:\Users\ASUS\Videos\DATASET\TRASH\audit_hasil_pemisahan\salah_kamar\FROM_FIRETRUCK_TO_AMBULANCE_fire_1242_seg01.wav
481,FROM_FIRETRUCK_TO_AMBULANCE_fire_1243_seg01.wav,Salah Kamar (Tertukar),FIRETRUCK,AMBULANCE,C:\Users\ASUS\Videos\DATASET\TRASH\audit_hasil_pemisahan\salah_kamar\FROM_FIRETRUCK_TO_AMBULANCE_fire_1243_seg01.wav
482,FROM_FIRETRUCK_TO_AMBULANCE_fire_1244_seg01.wav,Salah Kamar (Tertukar),FIRETRUCK,AMBULANCE,C:\Users\ASUS\Videos\DATASET\TRASH\audit_hasil_pemisahan\salah_kamar\FROM_FIRETRUCK_TO_AMBULANCE_fire_1244_seg01.wav
483,FROM_FIRETRUCK_TO_AMBULANCE_fire_1249_seg01.wav,Salah Kamar (Tertukar),FIRETRUCK,AMBULANCE,C:\Users\ASUS\Videos\DATASET\TRASH\audit_hasil_pemisahan\salah_kamar\FROM_FIRETRUCK_TO_AMBULANCE_fire_1249_seg01.wav
484,FROM_FIRETRUCK_TO_AMBULANCE_fire_1250_seg01.wav,Salah Kamar (Tertukar),FIRETRUCK,AMBULANCE,C:\Users\ASUS\Videos\DATASET\TRASH\audit_hasil_pemisahan\salah_kamar\FROM_FIRETRUCK_TO_AMBULANCE_fire_1250_seg01.wav
485,FROM_FIRETRUCK_TO_AMBULANCE_fire_1251_seg01.wav,Salah Kamar (Tertukar),FIRETRUCK,AMBULANCE,C:\Users\ASUS\Videos\DATASET\TRASH\audit_hasil_pemisahan\salah_kamar\FROM_FIRETRUCK_TO_AMBULANCE_fire_1251_seg01.wav
486,FROM_FIRETRUCK_TO_AMBULANCE_fire_1252_seg01.wav,Salah Kamar (Tertukar),FIRETRUCK,AMBULANCE,C:\Users\ASUS\Videos\DATASET\TRASH\audit_hasil_pemisahan\salah_kamar\FROM_FIRETRUCK_TO_AMBULANCE_fire_1252_seg01.wav
487,FROM_FIRETRUCK_TO_AMBULANCE_fire_1262_seg01.wav,Salah Kamar (Tertukar),FIRETRUCK,AMBULANCE,C:\Users\ASUS\Videos\DATASET\TRASH\audit_hasil_pemisahan\salah_kamar\FROM_FIRETRUCK_TO_AMBULANCE_fire_1262_seg01.wav
488,FROM_FIRETRUCK_TO_AMBULANCE_fire_1263_seg01.wav,Salah Kamar (Tertukar),FIRETRUCK,AMBULANCE,C:\Users\ASUS\Videos\DATASET\TRASH\audit_hasil_pemisahan\salah_kamar\FROM_FIRETRUCK_TO_AMBULANCE_fire_1263_seg01.wav
489,FROM_FIRETRUCK_TO_AMBULANCE_fire_1264_seg01.wav,Salah Kamar (Tertukar),FIRETRUCK,AMBULANCE,C:\Users\ASUS\Videos\DATASET\TRASH\audit_hasil_pemisahan\salah_kamar\FROM_FIRETRUCK_TO_AMBULANCE_fire_1264_seg01.wav
490,FROM_FIRETRUCK_TO_AMBULANCE_fire_1286_seg01.wav,Salah Kamar (Tertukar),FIRETRUCK,AMBULANCE,C:\Users\ASUS\Videos\DATASET\TRASH\audit_hasil_pemisahan\salah_kamar\FROM_FIRETRUCK_TO_AMBULANCE_fire_1286_seg01.wav
491,FROM_FIRETRUCK_TO_AMBULANCE_fire_1306_seg01.wav,Salah Kamar (Tertukar),FIRETRUCK,AMBULANCE,C:\Users\ASUS\Videos\DATASET\TRASH\audit_hasil_pemisahan\salah_kamar\FROM_FIRETRUCK_TO_AMBULANCE_fire_1306_seg01.wav
492,FROM_FIRETRUCK_TO_AMBULANCE_fire_1333_seg01.wav,Salah Kamar (Tertukar),FIRETRUCK,AMBULANCE,C:\Users\ASUS\Videos\DATASET\TRASH\audit_hasil_pemisahan\salah_kamar\FROM_FIRETRUCK_TO_AMBULANCE_fire_1333_seg01.wav
493,FROM_FIRETRUCK_TO_AMBULANCE_fire_1334_seg01.wav,Salah Kamar (Tertukar),FIRETRUCK,AMBULANCE,C:\Users\ASUS\Videos\DATASET\TRASH\audit_hasil_pemisahan\salah_kamar\FROM_FIRETRUCK_TO_AMBULANCE_fire_1334_seg01.wav
494,FROM_FIRETRUCK_TO_AMBULANCE_fire_1335_seg01.wav,Salah Kamar (Tertukar),FIRETRUCK,AMBULANCE,C:\Users\ASUS\Videos\DATASET\TRASH\audit_hasil_pemisahan\salah_kamar\FROM_FIRETRUCK_TO_AMBULANCE_fire_1335_seg01.wav
495,FROM_FIRETRUCK_TO_AMBULANCE_fire_1336_seg01.wav,Salah Kamar (Tertukar),FIRETRUCK,AMBULANCE,C:\Users\ASUS\Videos\DATASET\TRASH\audit_hasil_pemisahan\salah_kamar\FROM_FIRETRUCK_TO_AMBULANCE_fire_1336_seg01.wav
496,FROM_FIRETRUCK_TO_AMBULANCE_fire_1357_seg01.wav,Salah Kamar (Tertukar),FIRETRUCK,AMBULANCE,C:\Users\ASUS\Videos\DATASET\TRASH\audit_hasil_pemisahan\salah_kamar\FROM_FIRETRUCK_TO_AMBULANCE_fire_1357_seg01.wav
497,FROM_FIRETRUCK_TO_AMBULANCE_fire_1358_seg01.wav,Salah Kamar (Tertukar),FIRETRUCK,AMBULANCE,C:\Users\ASUS\Videos\DATASET\TRASH\audit_hasil_pemisahan\salah_kamar\FROM_FIRETRUCK_TO_AMBULANCE_fire_1358_seg01.wav
498,FROM_FIRETRUCK_TO_AMBULANCE_fire_1360_seg01.wav,Salah Kamar (Tertukar),FIRETRUCK,AMBULANCE,C:\Users\ASUS\Videos\DATASET\TRASH\audit_hasil_pemisahan\salah_kamar\FROM_FIRETRUCK_TO_AMBULANCE_fire_1360_seg01.wav
499,FROM_FIRETRUCK_TO_AMBULANCE_fire_1378_seg01.wav,Salah Kamar (Tertukar),FIRETRUCK,AMBULANCE,C:\Users\ASUS\Videos\DATASET\TRASH\audit_hasil_pemisahan\salah_kamar\FROM_FIRETRUCK_TO_AMBULANCE_fire_1378_seg01.wav
500,FROM_FIRETRUCK_TO_AMBULANCE_fire_1401_seg01.wav,Salah Kamar (Tertukar),FIRETRUCK,AMBULANCE,C:\Users\ASUS\Videos\DATASET\TRASH\audit_hasil_pemisahan\salah_kamar\FROM_FIRETRUCK_TO_AMBULANCE_fire_1401_seg01.wav
501,FROM_FIRETRUCK_TO_AMBULANCE_fire_1402_seg01.wav,Salah Kamar (Tertukar),FIRETRUCK,AMBULANCE,C:\Users\ASUS\Videos\DATASET\TRASH\audit_hasil_pemisahan\salah_kamar\FROM_FIRETRUCK_TO_AMBULANCE_fire_1402_seg01.wav
502,FROM_FIRETRUCK_TO_AMBULANCE_fire_1403_seg01.wav,Salah Kamar (Tertukar),FIRETRUCK,AMBULANCE,C:\Users\ASUS\Videos\DATASET\TRASH\audit_hasil_pemisahan\salah_kamar\FROM_FIRETRUCK_TO_AMBULANCE_fire_1403_seg01.wav
503,FROM_FIRETRUCK_TO_AMBULANCE_fire_1404_seg01.wav,Salah Kamar (Tertukar),FIRETRUCK,AMBULANCE,C:\Users\ASUS\Videos\DATASET\TRASH\audit_hasil_pemisahan\salah_kamar\FROM_FIRETRUCK_TO_AMBULANCE_fire_1404_seg01.wav
504,FROM_FIRETRUCK_TO_AMBULANCE_fire_1409_seg01.wav,Salah Kamar (Tertukar),FIRETRUCK,AMBULANCE,C:\Users\ASUS\Videos\DATASET\TRASH\audit_hasil_pemisahan\salah_kamar\FROM_FIRETRUCK_TO_AMBULANCE_fire_1409_seg01.wav
505,FROM_FIRETRUCK_TO_AMBULANCE_fire_1410_seg01.wav,Salah Kamar (Tertukar),FIRETRUCK,AMBULANCE,C:\Users\ASUS\Videos\DATASET\TRASH\audit_hasil_pemisahan\salah_kamar\FROM_FIRETRUCK_TO_AMBULANCE_fire_1410_seg01.wav
506,FROM_FIRETRUCK_TO_AMBULANCE_fire_1411_seg01.wav,Salah Kamar (Tertukar),FIRETRUCK,AMBULANCE,C:\Users\ASUS\Videos\DATASET\TRASH\audit_hasil_pemisahan\salah_kamar\FROM_FIRETRUCK_TO_AMBULANCE_fire_1411_seg01.wav
507,FROM_FIRETRUCK_TO_AMBULANCE_fire_1412_seg01.wav,Salah Kamar (Tertukar),FIRETRUCK,AMBULANCE,C:\Users\ASUS\Videos\DATASET\TRASH\audit_hasil_pemisahan\salah_kamar\FROM_FIRETRUCK_TO_AMBULANCE_fire_1412_seg01.wav
508,FROM_FIRETRUCK_TO_AMBULANCE_fire_1417_seg01.wav,Salah Kamar (Tertukar),FIRETRUCK,AMBULANCE,C:\Users\ASUS\Videos\DATASET\TRASH\audit_hasil_pemisahan\salah_kamar\FROM_FIRETRUCK_TO_AMBULANCE_fire_1417_seg01.wav
509,FROM_FIRETRUCK_TO_AMBULANCE_fire_1418_seg01.wav,Salah Kamar (Tertukar),FIRETRUCK,AMBULANCE,C:\Users\ASUS\Videos\DATASET\TRASH\audit_hasil_pemisahan\salah_kamar\FROM_FIRETRUCK_TO_AMBULANCE_fire_1418_seg01.wav
510,FROM_FIRETRUCK_TO_AMBULANCE_fire_1419_seg01.wav,Salah Kamar (Tertukar),FIRETRUCK,AMBULANCE,C:\Users\ASUS\Videos\DATASET\TRASH\audit_hasil_pemisahan\salah_kamar\FROM_FIRETRUCK_TO_AMBULANCE_fire_1419_seg01.wav
511,FROM_FIRETRUCK_TO_AMBULANCE_fire_1420_seg01.wav,Salah Kamar (Tertukar),FIRETRUCK,AMBULANCE,C:\Users\ASUS\Videos\DATASET\TRASH\audit_hasil_pemisahan\salah_kamar\FROM_FIRETRUCK_TO_AMBULANCE_fire_1420_seg01.wav
512,FROM_FIRETRUCK_TO_AMBULANCE_fire_1421_seg01.wav,Salah Kamar (Tertukar),FIRETRUCK,AMBULANCE,C:\Users\ASUS\Videos\DATASET\TRASH\audit_hasil_pemisahan\salah_kamar\FROM_FIRETRUCK_TO_AMBULANCE_fire_1421_seg01.wav
513,FROM_FIRETRUCK_TO_AMBULANCE_fire_1424_seg01.wav,Salah Kamar (Tertukar),FIRETRUCK,AMBULANCE,C:\Users\ASUS\Videos\DATASET\TRASH\audit_hasil_pemisahan\salah_kamar\FROM_FIRETRUCK_TO_AMBULANCE_fire_1424_seg01.wav
514,FROM_FIRETRUCK_TO_AMBULANCE_fire_1425_seg01.wav,Salah Kamar (Tertukar),FIRETRUCK,AMBULANCE,C:\Users\ASUS\Videos\DATASET\TRASH\audit_hasil_pemisahan\salah_kamar\FROM_FIRETRUCK_TO_AMBULANCE_fire_1425_seg01.wav
515,FROM_FIRETRUCK_TO_AMBULANCE_fire_1428_seg01.wav,Salah Kamar (Tertukar),FIRETRUCK,AMBULANCE,C:\Users\ASUS\Videos\DATASET\TRASH\audit_hasil_pemisahan\salah_kamar\FROM_FIRETRUCK_TO_AMBULANCE_fire_1428_seg01.wav
516,FROM_FIRETRUCK_TO_AMBULANCE_fire_1465_seg01.wav,Salah Kamar (Tertukar),FIRETRUCK,AMBULANCE,C:\Users\ASUS\Videos\DATASET\TRASH\audit_hasil_pemisahan\salah_kamar\FROM_FIRETRUCK_TO_AMBULANCE_fire_1465_seg01.wav
517,FROM_FIRETRUCK_TO_AMBULANCE_fire_1466_seg01.wav,Salah Kamar (Tertukar),FIRETRUCK,AMBULANCE,C:\Users\ASUS\Videos\DATASET\TRASH\audit_hasil_pemisahan\salah_kamar\FROM_FIRETRUCK_TO_AMBULANCE_fire_1466_seg01.wav
518,FROM_FIRETRUCK_TO_AMBULANCE_fire_1467_seg01.wav,Salah Kamar (Tertukar),FIRETRUCK,AMBULANCE,C:\Users\ASUS\Videos\DATASET\TRASH\audit_hasil_pemisahan\salah_kamar\FROM_FIRETRUCK_TO_AMBULANCE_fire_1467_seg01.wav
519,FROM_FIRETRUCK_TO_AMBULANCE_fire_1468_seg01.wav,Salah Kamar (Tertukar),FIRETRUCK,AMBULANCE,C:\Users\ASUS\Videos\DATASET\TRASH\audit_hasil_pemisahan\salah_kamar\FROM_FIRETRUCK_TO_AMBULANCE_fire_1468_seg01.wav
520,FROM_FIRETRUCK_TO_AMBULANCE_fire_1493_seg01.wav,Salah Kamar (Tertukar),FIRETRUCK,AMBULANCE,C:\Users\ASUS\Videos\DATASET\TRASH\audit_hasil_pemisahan\salah_kamar\FROM_FIRETRUCK_TO_AMBULANCE_fire_1493_seg01.wav
521,FROM_FIRETRUCK_TO_AMBULANCE_fire_1494_seg01.wav,Salah Kamar (Tertukar),FIRETRUCK,AMBULANCE,C:\Users\ASUS\Videos\DATASET\TRASH\audit_hasil_pemisahan\salah_kamar\FROM_FIRETRUCK_TO_AMBULANCE_fire_1494_seg01.wav
522,FROM_FIRETRUCK_TO_AMBULANCE_fire_1495_seg01.wav,Salah Kamar (Tertukar),FIRETRUCK,AMBULANCE,C:\Users\ASUS\Videos\DATASET\TRASH\audit_hasil_pemisahan\salah_kamar\FROM_FIRETRUCK_TO_AMBULANCE_fire_1495_seg01.wav
523,FROM_FIRETRUCK_TO_AMBULANCE_fire_1496_seg01.wav,Salah Kamar (Tertukar),FIRETRUCK,AMBULANCE,C:\Users\ASUS\Videos\DATASET\TRASH\audit_hasil_pemisahan\salah_kamar\FROM_FIRETRUCK_TO_AMBULANCE_fire_1496_seg01.wav
524,FROM_FIRETRUCK_TO_AMBULANCE_fire_1508_seg01.wav,Salah Kamar (Tertukar),FIRETRUCK,AMBULANCE,C:\Users\ASUS\Videos\DATASET\TRASH\audit_hasil_pemisahan\salah_kamar\FROM_FIRETRUCK_TO_AMBULANCE_fire_1508_seg01.wav
525,FROM_FIRETRUCK_TO_AMBULANCE_fire_1509_seg01.wav,Salah Kamar (Tertukar),FIRETRUCK,AMBULANCE,C:\Users\ASUS\Videos\DATASET\TRASH\audit_hasil_pemisahan\salah_kamar\FROM_FIRETRUCK_TO_AMBULANCE_fire_1509_seg01.wav
526,FROM_FIRETRUCK_TO_AMBULANCE_fire_1510_seg01.wav,Salah Kamar (Tertukar),FIRETRUCK,AMBULANCE,C:\Users\ASUS\Videos\DATASET\TRASH\audit_hasil_pemisahan\salah_kamar\FROM_FIRETRUCK_TO_AMBULANCE_fire_1510_seg01.wav
527,FROM_FIRETRUCK_TO_AMBULANCE_fire_1511_seg01.wav,Salah Kamar (Tertukar),FIRETRUCK,AMBULANCE,C:\Users\ASUS\Videos\DATASET\TRASH\audit_hasil_pemisahan\salah_kamar\FROM_FIRETRUCK_TO_AMBULANCE_fire_1511_seg01.wav
528,FROM_FIRETRUCK_TO_AMBULANCE_fire_1517_seg01.wav,Salah Kamar (Tertukar),FIRETRUCK,AMBULANCE,C:\Users\ASUS\Videos\DATASET\TRASH\audit_hasil_pemisahan\salah_kamar\FROM_FIRETRUCK_TO_AMBULANCE_fire_1517_seg01.wav
529,FROM_FIRETRUCK_TO_AMBULANCE_fire_1519_seg01.wav,Salah Kamar (Tertukar),FIRETRUCK,AMBULANCE,C:\Users\ASUS\Videos\DATASET\TRASH\audit_hasil_pemisahan\salah_kamar\FROM_FIRETRUCK_TO_AMBULANCE_fire_1519_seg01.wav
530,FROM_FIRETRUCK_TO_AMBULANCE_fire_1520_seg01.wav,Salah Kamar (Tertukar),FIRETRUCK,AMBULANCE,C:\Users\ASUS\Videos\DATASET\TRASH\audit_hasil_pemisahan\salah_kamar\FROM_FIRETRUCK_TO_AMBULANCE_fire_1520_seg01.wav
531,FROM_FIRETRUCK_TO_AMBULANCE_fire_1532_seg01.wav,Salah Kamar (Tertukar),FIRETRUCK,AMBULANCE,C:\Users\ASUS\Videos\DATASET\TRASH\audit_hasil_pemisahan\salah_kamar\FROM_FIRETRUCK_TO_AMBULANCE_fire_1532_seg01.wav
532,FROM_FIRETRUCK_TO_AMBULANCE_fire_1544_seg01.wav,Salah Kamar (Tertukar),FIRETRUCK,AMBULANCE,C:\Users\ASUS\Videos\DATASET\TRASH\audit_hasil_pemisahan\salah_kamar\FROM_FIRETRUCK_TO_AMBULANCE_fire_1544_seg01.wav
533,FROM_FIRETRUCK_TO_AMBULANCE_fire_1553_seg01.wav,Salah Kamar (Tertukar),FIRETRUCK,AMBULANCE,C:\Users\ASUS\Videos\DATASET\TRASH\audit_hasil_pemisahan\salah_kamar\FROM_FIRETRUCK_TO_AMBULANCE_fire_1553_seg01.wav
534,FROM_FIRETRUCK_TO_AMBULANCE_fire_1554_seg01.wav,Salah Kamar (Tertukar),FIRETRUCK,AMBULANCE,C:\Users\ASUS\Videos\DATASET\TRASH\audit_hasil_pemisahan\salah_kamar\FROM_FIRETRUCK_TO_AMBULANCE_fire_1554_seg01.wav
535,FROM_FIRETRUCK_TO_AMBULANCE_fire_1555_seg01.wav,Salah Kamar (Tertukar),FIRETRUCK,AMBULANCE,C:\Users\ASUS\Videos\DATASET\TRASH\audit_hasil_pemisahan\salah_kamar\FROM_FIRETRUCK_TO_AMBULANCE_fire_1555_seg01.wav
536,FROM_FIRETRUCK_TO_AMBULANCE_fire_1556_seg01.wav,Salah Kamar (Tertukar),FIRETRUCK,AMBULANCE,C:\Users\ASUS\Videos\DATASET\TRASH\audit_hasil_pemisahan\salah_kamar\FROM_FIRETRUCK_TO_AMBULANCE_fire_1556_seg01.wav
537,FROM_FIRETRUCK_TO_AMBULANCE_fire_1574_seg01.wav,Salah Kamar (Tertukar),FIRETRUCK,AMBULANCE,C:\Users\ASUS\Videos\DATASET\TRASH\audit_hasil_pemisahan\salah_kamar\FROM_FIRETRUCK_TO_AMBULANCE_fire_1574_seg01.wav
538,FROM_FIRETRUCK_TO_AMBULANCE_fire_1575_seg01.wav,Salah Kamar (Tertukar),FIRETRUCK,AMBULANCE,C:\Users\ASUS\Videos\DATASET\TRASH\audit_hasil_pemisahan\salah_kamar\FROM_FIRETRUCK_TO_AMBULANCE_fire_1575_seg01.wav
539,FROM_FIRETRUCK_TO_AMBULANCE_fire_1577_seg01.wav,Salah Kamar (Tertukar),FIRETRUCK,AMBULANCE,C:\Users\ASUS\Videos\DATASET\TRASH\audit_hasil_pemisahan\salah_kamar\FROM_FIRETRUCK_TO_AMBULANCE_fire_1577_seg01.wav
540,FROM_FIRETRUCK_TO_AMBULANCE_fire_1578_seg01.wav,Salah Kamar (Tertukar),FIRETRUCK,AMBULANCE,C:\Users\ASUS\Videos\DATASET\TRASH\audit_hasil_pemisahan\salah_kamar\FROM_FIRETRUCK_TO_AMBULANCE_fire_1578_seg01.wav
541,FROM_FIRETRUCK_TO_AMBULANCE_fire_1579_seg01.wav,Salah Kamar (Tertukar),FIRETRUCK,AMBULANCE,C:\Users\ASUS\Videos\DATASET\TRASH\audit_hasil_pemisahan\salah_kamar\FROM_FIRETRUCK_TO_AMBULANCE_fire_1579_seg01.wav
542,FROM_FIRETRUCK_TO_AMBULANCE_fire_1593_seg01.wav,Salah Kamar (Tertukar),FIRETRUCK,AMBULANCE,C:\Users\ASUS\Videos\DATASET\TRASH\audit_hasil_pemisahan\salah_kamar\FROM_FIRETRUCK_TO_AMBULANCE_fire_1593_seg01.wav
543,FROM_FIRETRUCK_TO_AMBULANCE_fire_1594_seg01.wav,Salah Kamar (Tertukar),FIRETRUCK,AMBULANCE,C:\Users\ASUS\Videos\DATASET\TRASH\audit_hasil_pemisahan\salah_kamar\FROM_FIRETRUCK_TO_AMBULANCE_fire_1594_seg01.wav
544,FROM_FIRETRUCK_TO_AMBULANCE_fire_1595_seg01.wav,Salah Kamar (Tertukar),FIRETRUCK,AMBULANCE,C:\Users\ASUS\Videos\DATASET\TRASH\audit_hasil_pemisahan\salah_kamar\FROM_FIRETRUCK_TO_AMBULANCE_fire_1595_seg01.wav
545,FROM_FIRETRUCK_TO_AMBULANCE_fire_1601_seg01.wav,Salah Kamar (Tertukar),FIRETRUCK,AMBULANCE,C:\Users\ASUS\Videos\DATASET\TRASH\audit_hasil_pemisahan\salah_kamar\FROM_FIRETRUCK_TO_AMBULANCE_fire_1601_seg01.wav
546,FROM_FIRETRUCK_TO_AMBULANCE_fire_1602_seg01.wav,Salah Kamar (Tertukar),FIRETRUCK,AMBULANCE,C:\Users\ASUS\Videos\DATASET\TRASH\audit_hasil_pemisahan\salah_kamar\FROM_FIRETRUCK_TO_AMBULANCE_fire_1602_seg01.wav
547,FROM_FIRETRUCK_TO_AMBULANCE_fire_1603_seg01.wav,Salah Kamar (Tertukar),FIRETRUCK,AMBULANCE,C:\Users\ASUS\Videos\DATASET\TRASH\audit_hasil_pemisahan\salah_kamar\FROM_FIRETRUCK_TO_AMBULANCE_fire_1603_seg01.wav
548,FROM_FIRETRUCK_TO_AMBULANCE_fire_1604_seg01.wav,Salah Kamar (Tertukar),FIRETRUCK,AMBULANCE,C:\Users\ASUS\Videos\DATASET\TRASH\audit_hasil_pemisahan\salah_kamar\FROM_FIRETRUCK_TO_AMBULANCE_fire_1604_seg01.wav
549,FROM_FIRETRUCK_TO_AMBULANCE_fire_1617_seg01.wav,Salah Kamar (Tertukar),FIRETRUCK,AMBULANCE,C:\Users\ASUS\Videos\DATASET\TRASH\audit_hasil_pemisahan\salah_kamar\FROM_FIRETRUCK_TO_AMBULANCE_fire_1617_seg01.wav
550,FROM_FIRETRUCK_TO_AMBULANCE_fire_1618_seg01.wav,Salah Kamar (Tertukar),FIRETRUCK,AMBULANCE,C:\Users\ASUS\Videos\DATASET\TRASH\audit_hasil_pemisahan\salah_kamar\FROM_FIRETRUCK_TO_AMBULANCE_fire_1618_seg01.wav
551,FROM_FIRETRUCK_TO_AMBULANCE_fire_1619_seg01.wav,Salah Kamar (Tertukar),FIRETRUCK,AMBULANCE,C:\Users\ASUS\Videos\DATASET\TRASH\audit_hasil_pemisahan\salah_kamar\FROM_FIRETRUCK_TO_AMBULANCE_fire_1619_seg01.wav
552,FROM_FIRETRUCK_TO_AMBULANCE_fire_1620_seg01.wav,Salah Kamar (Tertukar),FIRETRUCK,AMBULANCE,C:\Users\ASUS\Videos\DATASET\TRASH\audit_hasil_pemisahan\salah_kamar\FROM_FIRETRUCK_TO_AMBULANCE_fire_1620_seg01.wav
553,FROM_FIRETRUCK_TO_AMBULANCE_fire_1624_seg01.wav,Salah Kamar (Tertukar),FIRETRUCK,AMBULANCE,C:\Users\ASUS\Videos\DATASET\TRASH\audit_hasil_pemisahan\salah_kamar\FROM_FIRETRUCK_TO_AMBULANCE_fire_1624_seg01.wav
554,FROM_FIRETRUCK_TO_AMBULANCE_fire_1645_seg01.wav,Salah Kamar (Tertukar),FIRETRUCK,AMBULANCE,C:\Users\ASUS\Videos\DATASET\TRASH\audit_hasil_pemisahan\salah_kamar\FROM_FIRETRUCK_TO_AMBULANCE_fire_1645_seg01.wav
555,FROM_FIRETRUCK_TO_AMBULANCE_fire_1646_seg01.wav,Salah Kamar (Tertukar),FIRETRUCK,AMBULANCE,C:\Users\ASUS\Videos\DATASET\TRASH\audit_hasil_pemisahan\salah_kamar\FROM_FIRETRUCK_TO_AMBULANCE_fire_1646_seg01.wav
556,FROM_FIRETRUCK_TO_AMBULANCE_fire_1647_seg01.wav,Salah Kamar (Tertukar),FIRETRUCK,AMBULANCE,C:\Users\ASUS\Videos\DATASET\TRASH\audit_hasil_pemisahan\salah_kamar\FROM_FIRETRUCK_TO_AMBULANCE_fire_1647_seg01.wav
557,FROM_FIRETRUCK_TO_AMBULANCE_fire_1648_seg01.wav,Salah Kamar (Tertukar),FIRETRUCK,AMBULANCE,C:\Users\ASUS\Videos\DATASET\TRASH\audit_hasil_pemisahan\salah_kamar\FROM_FIRETRUCK_TO_AMBULANCE_fire_1648_seg01.wav
558,FROM_FIRETRUCK_TO_AMBULANCE_fire_1653_seg01.wav,Salah Kamar (Tertukar),FIRETRUCK,AMBULANCE,C:\Users\ASUS\Videos\DATASET\TRASH\audit_hasil_pemisahan\salah_kamar\FROM_FIRETRUCK_TO_AMBULANCE_fire_1653_seg01.wav
559,FROM_FIRETRUCK_TO_AMBULANCE_fire_1654_seg01.wav,Salah Kamar (Tertukar),FIRETRUCK,AMBULANCE,C:\Users\ASUS\Videos\DATASET\TRASH\audit_hasil_pemisahan\salah_kamar\FROM_FIRETRUCK_TO_AMBULANCE_fire_1654_seg01.wav
560,FROM_FIRETRUCK_TO_AMBULANCE_fire_1655_seg01.wav,Salah Kamar (Tertukar),FIRETRUCK,AMBULANCE,C:\Users\ASUS\Videos\DATASET\TRASH\audit_hasil_pemisahan\salah_kamar\FROM_FIRETRUCK_TO_AMBULANCE_fire_1655_seg01.wav
561,FROM_FIRETRUCK_TO_AMBULANCE_fire_1661_seg01.wav,Salah Kamar (Tertukar),FIRETRUCK,AMBULANCE,C:\Users\ASUS\Videos\DATASET\TRASH\audit_hasil_pemisahan\salah_kamar\FROM_FIRETRUCK_TO_AMBULANCE_fire_1661_seg01.wav
562,FROM_FIRETRUCK_TO_AMBULANCE_fire_1662_seg01.wav,Salah Kamar (Tertukar),FIRETRUCK,AMBULANCE,C:\Users\ASUS\Videos\DATASET\TRASH\audit_hasil_pemisahan\salah_kamar\FROM_FIRETRUCK_TO_AMBULANCE_fire_1662_seg01.wav
563,FROM_FIRETRUCK_TO_AMBULANCE_fire_1663_seg01.wav,Salah Kamar (Tertukar),FIRETRUCK,AMBULANCE,C:\Users\ASUS\Videos\DATASET\TRASH\audit_hasil_pemisahan\salah_kamar\FROM_FIRETRUCK_TO_AMBULANCE_fire_1663_seg01.wav
564,FROM_FIRETRUCK_TO_AMBULANCE_fire_1664_seg01.wav,Salah Kamar (Tertukar),FIRETRUCK,AMBULANCE,C:\Users\ASUS\Videos\DATASET\TRASH\audit_hasil_pemisahan\salah_kamar\FROM_FIRETRUCK_TO_AMBULANCE_fire_1664_seg01.wav
565,FROM_FIRETRUCK_TO_AMBULANCE_fire_1669_seg01.wav,Salah Kamar (Tertukar),FIRETRUCK,AMBULANCE,C:\Users\ASUS\Videos\DATASET\TRASH\audit_hasil_pemisahan\salah_kamar\FROM_FIRETRUCK_TO_AMBULANCE_fire_1669_seg01.wav
566,FROM_FIRETRUCK_TO_AMBULANCE_fire_1670_seg01.wav,Salah Kamar (Tertukar),FIRETRUCK,AMBULANCE,C:\Users\ASUS\Videos\DATASET\TRASH\audit_hasil_pemisahan\salah_kamar\FROM_FIRETRUCK_TO_AMBULANCE_fire_1670_seg01.wav
567,FROM_FIRETRUCK_TO_AMBULANCE_fire_1672_seg01.wav,Salah Kamar (Tertukar),FIRETRUCK,AMBULANCE,C:\Users\ASUS\Videos\DATASET\TRASH\audit_hasil_pemisahan\salah_kamar\FROM_FIRETRUCK_TO_AMBULANCE_fire_1672_seg01.wav
568,FROM_FIRETRUCK_TO_AMBULANCE_fire_1681_seg03.wav,Salah Kamar (Tertukar),FIRETRUCK,AMBULANCE,C:\Users\ASUS\Videos\DATASET\TRASH\audit_hasil_pemisahan\salah_kamar\FROM_FIRETRUCK_TO_AMBULANCE_fire_1681_seg03.wav
569,FROM_FIRETRUCK_TO_AMBULANCE_fire_1682_seg01.wav,Salah Kamar (Tertukar),FIRETRUCK,AMBULANCE,C:\Users\ASUS\Videos\DATASET\TRASH\audit_hasil_pemisahan\salah_kamar\FROM_FIRETRUCK_TO_AMBULANCE_fire_1682_seg01.wav
570,FROM_FIRETRUCK_TO_AMBULANCE_fire_1683_seg01.wav,Salah Kamar (Tertukar),FIRETRUCK,AMBULANCE,C:\Users\ASUS\Videos\DATASET\TRASH\audit_hasil_pemisahan\salah_kamar\FROM_FIRETRUCK_TO_AMBULANCE_fire_1683_seg01.wav
571,FROM_FIRETRUCK_TO_AMBULANCE_fire_1684_seg01.wav,Salah Kamar (Tertukar),FIRETRUCK,AMBULANCE,C:\Users\ASUS\Videos\DATASET\TRASH\audit_hasil_pemisahan\salah_kamar\FROM_FIRETRUCK_TO_AMBULANCE_fire_1684_seg01.wav
572,FROM_FIRETRUCK_TO_AMBULANCE_fire_1686_seg01.wav,Salah Kamar (Tertukar),FIRETRUCK,AMBULANCE,C:\Users\ASUS\Videos\DATASET\TRASH\audit_hasil_pemisahan\salah_kamar\FROM_FIRETRUCK_TO_AMBULANCE_fire_1686_seg01.wav
573,FROM_FIRETRUCK_TO_AMBULANCE_fire_1688_seg01.wav,Salah Kamar (Tertukar),FIRETRUCK,AMBULANCE,C:\Users\ASUS\Videos\DATASET\TRASH\audit_hasil_pemisahan\salah_kamar\FROM_FIRETRUCK_TO_AMBULANCE_fire_1688_seg01.wav
574,FROM_FIRETRUCK_TO_AMBULANCE_fire_1693_seg01.wav,Salah Kamar (Tertukar),FIRETRUCK,AMBULANCE,C:\Users\ASUS\Videos\DATASET\TRASH\audit_hasil_pemisahan\salah_kamar\FROM_FIRETRUCK_TO_AMBULANCE_fire_1693_seg01.wav
575,FROM_FIRETRUCK_TO_AMBULANCE_fire_1701_seg01.wav,Salah Kamar (Tertukar),FIRETRUCK,AMBULANCE,C:\Users\ASUS\Videos\DATASET\TRASH\audit_hasil_pemisahan\salah_kamar\FROM_FIRETRUCK_TO_AMBULANCE_fire_1701_seg01.wav
576,FROM_FIRETRUCK_TO_AMBULANCE_fire_1706_seg01.wav,Salah Kamar (Tertukar),FIRETRUCK,AMBULANCE,C:\Users\ASUS\Videos\DATASET\TRASH\audit_hasil_pemisahan\salah_kamar\FROM_FIRETRUCK_TO_AMBULANCE_fire_1706_seg01.wav
577,FROM_FIRETRUCK_TO_AMBULANCE_fire_1708_seg01.wav,Salah Kamar (Tertukar),FIRETRUCK,AMBULANCE,C:\Users\ASUS\Videos\DATASET\TRASH\audit_hasil_pemisahan\salah_kamar\FROM_FIRETRUCK_TO_AMBULANCE_fire_1708_seg01.wav
578,FROM_FIRETRUCK_TO_AMBULANCE_fire_1710_seg01.wav,Salah Kamar (Tertukar),FIRETRUCK,AMBULANCE,C:\Users\ASUS\Videos\DATASET\TRASH\audit_hasil_pemisahan\salah_kamar\FROM_FIRETRUCK_TO_AMBULANCE_fire_1710_seg01.wav
579,FROM_FIRETRUCK_TO_AMBULANCE_fire_1711_seg01.wav,Salah Kamar (Tertukar),FIRETRUCK,AMBULANCE,C:\Users\ASUS\Videos\DATASET\TRASH\audit_hasil_pemisahan\salah_kamar\FROM_FIRETRUCK_TO_AMBULANCE_fire_1711_seg01.wav
580,FROM_FIRETRUCK_TO_AMBULANCE_fire_1712_seg01.wav,Salah Kamar (Tertukar),FIRETRUCK,AMBULANCE,C:\Users\ASUS\Videos\DATASET\TRASH\audit_hasil_pemisahan\salah_kamar\FROM_FIRETRUCK_TO_AMBULANCE_fire_1712_seg01.wav
581,FROM_FIRETRUCK_TO_AMBULANCE_fire_1717_seg01.wav,Salah Kamar (Tertukar),FIRETRUCK,AMBULANCE,C:\Users\ASUS\Videos\DATASET\TRASH\audit_hasil_pemisahan\salah_kamar\FROM_FIRETRUCK_TO_AMBULANCE_fire_1717_seg01.wav
582,FROM_FIRETRUCK_TO_AMBULANCE_fire_1757_seg01.wav,Salah Kamar (Tertukar),FIRETRUCK,AMBULANCE,C:\Users\ASUS\Videos\DATASET\TRASH\audit_hasil_pemisahan\salah_kamar\FROM_FIRETRUCK_TO_AMBULANCE_fire_1757_seg01.wav
583,FROM_FIRETRUCK_TO_AMBULANCE_fire_1758_seg01.wav,Salah Kamar (Tertukar),FIRETRUCK,AMBULANCE,C:\Users\ASUS\Videos\DATASET\TRASH\audit_hasil_pemisahan\salah_kamar\FROM_FIRETRUCK_TO_AMBULANCE_fire_1758_seg01.wav
584,FROM_FIRETRUCK_TO_AMBULANCE_fire_1772_seg01.wav,Salah Kamar (Tertukar),FIRETRUCK,AMBULANCE,C:\Users\ASUS\Videos\DATASET\TRASH\audit_hasil_pemisahan\salah_kamar\FROM_FIRETRUCK_TO_AMBULANCE_fire_1772_seg01.wav
585,FROM_FIRETRUCK_TO_AMBULANCE_fire_1776_seg01.wav,Salah Kamar (Tertukar),FIRETRUCK,AMBULANCE,C:\Users\ASUS\Videos\DATASET\TRASH\audit_hasil_pemisahan\salah_kamar\FROM_FIRETRUCK_TO_AMBULANCE_fire_1776_seg01.wav
586,FROM_FIRETRUCK_TO_AMBULANCE_fire_1777_seg01.wav,Salah Kamar (Tertukar),FIRETRUCK,AMBULANCE,C:\Users\ASUS\Videos\DATASET\TRASH\audit_hasil_pemisahan\salah_kamar\FROM_FIRETRUCK_TO_AMBULANCE_fire_1777_seg01.wav
587,FROM_FIRETRUCK_TO_AMBULANCE_fire_1778_seg01.wav,Salah Kamar (Tertukar),FIRETRUCK,AMBULANCE,C:\Users\ASUS\Videos\DATASET\TRASH\audit_hasil_pemisahan\salah_kamar\FROM_FIRETRUCK_TO_AMBULANCE_fire_1778_seg01.wav
588,FROM_FIRETRUCK_TO_AMBULANCE_fire_1779_seg01.wav,Salah Kamar (Tertukar),FIRETRUCK,AMBULANCE,C:\Users\ASUS\Videos\DATASET\TRASH\audit_hasil_pemisahan\salah_kamar\FROM_FIRETRUCK_TO_AMBULANCE_fire_1779_seg01.wav
589,FROM_FIRETRUCK_TO_AMBULANCE_fire_1786_seg01.wav,Salah Kamar (Tertukar),FIRETRUCK,AMBULANCE,C:\Users\ASUS\Videos\DATASET\TRASH\audit_hasil_pemisahan\salah_kamar\FROM_FIRETRUCK_TO_AMBULANCE_fire_1786_seg01.wav
590,FROM_FIRETRUCK_TO_AMBULANCE_fire_1787_seg01.wav,Salah Kamar (Tertukar),FIRETRUCK,AMBULANCE,C:\Users\ASUS\Videos\DATASET\TRASH\audit_hasil_pemisahan\salah_kamar\FROM_FIRETRUCK_TO_AMBULANCE_fire_1787_seg01.wav
591,FROM_FIRETRUCK_TO_AMBULANCE_fire_1789_seg01.wav,Salah Kamar (Tertukar),FIRETRUCK,AMBULANCE,C:\Users\ASUS\Videos\DATASET\TRASH\audit_hasil_pemisahan\salah_kamar\FROM_FIRETRUCK_TO_AMBULANCE_fire_1789_seg01.wav
592,FROM_FIRETRUCK_TO_AMBULANCE_fire_1815_seg01.wav,Salah Kamar (Tertukar),FIRETRUCK,AMBULANCE,C:\Users\ASUS\Videos\DATASET\TRASH\audit_hasil_pemisahan\salah_kamar\FROM_FIRETRUCK_TO_AMBULANCE_fire_1815_seg01.wav
593,FROM_FIRETRUCK_TO_AMBULANCE_fire_1831_seg01.wav,Salah Kamar (Tertukar),FIRETRUCK,AMBULANCE,C:\Users\ASUS\Videos\DATASET\TRASH\audit_hasil_pemisahan\salah_kamar\FROM_FIRETRUCK_TO_AMBULANCE_fire_1831_seg01.wav
594,FROM_FIRETRUCK_TO_AMBULANCE_fire_1832_seg01.wav,Salah Kamar (Tertukar),FIRETRUCK,AMBULANCE,C:\Users\ASUS\Videos\DATASET\TRASH\audit_hasil_pemisahan\salah_kamar\FROM_FIRETRUCK_TO_AMBULANCE_fire_1832_seg01.wav
595,FROM_FIRETRUCK_TO_AMBULANCE_fire_1846_seg01.wav,Salah Kamar (Tertukar),FIRETRUCK,AMBULANCE,C:\Users\ASUS\Videos\DATASET\TRASH\audit_hasil_pemisahan\salah_kamar\FROM_FIRETRUCK_TO_AMBULANCE_fire_1846_seg01.wav
596,FROM_FIRETRUCK_TO_AMBULANCE_fire_1853_seg01.wav,Salah Kamar (Tertukar),FIRETRUCK,AMBULANCE,C:\Users\ASUS\Videos\DATASET\TRASH\audit_hasil_pemisahan\salah_kamar\FROM_FIRETRUCK_TO_AMBULANCE_fire_1853_seg01.wav
597,FROM_FIRETRUCK_TO_AMBULANCE_fire_1869_seg01.wav,Salah Kamar (Tertukar),FIRETRUCK,AMBULANCE,C:\Users\ASUS\Videos\DATASET\TRASH\audit_hasil_pemisahan\salah_kamar\FROM_FIRETRUCK_TO_AMBULANCE_fire_1869_seg01.wav
598,FROM_FIRETRUCK_TO_AMBULANCE_fire_1871_seg01.wav,Salah Kamar (Tertukar),FIRETRUCK,AMBULANCE,C:\Users\ASUS\Videos\DATASET\TRASH\audit_hasil_pemisahan\salah_kamar\FROM_FIRETRUCK_TO_AMBULANCE_fire_1871_seg01.wav
599,FROM_FIRETRUCK_TO_AMBULANCE_fire_1875_seg01.wav,Salah Kamar (Tertukar),FIRETRUCK,AMBULANCE,C:\Users\ASUS\Videos\DATASET\TRASH\audit_hasil_pemisahan\salah_kamar\FROM_FIRETRUCK_TO_AMBULANCE_fire_1875_seg01.wav
600,FROM_FIRETRUCK_TO_AMBULANCE_fire_1890_seg01.wav,Salah Kamar (Tertukar),FIRETRUCK,AMBULANCE,C:\Users\ASUS\Videos\DATASET\TRASH\audit_hasil_pemisahan\salah_kamar\FROM_FIRETRUCK_TO_AMBULANCE_fire_1890_seg01.wav
601,FROM_FIRETRUCK_TO_AMBULANCE_fire_1891_seg01.wav,Salah Kamar (Tertukar),FIRETRUCK,AMBULANCE,C:\Users\ASUS\Videos\DATASET\TRASH\audit_hasil_pemisahan\salah_kamar\FROM_FIRETRUCK_TO_AMBULANCE_fire_1891_seg01.wav
602,FROM_FIRETRUCK_TO_AMBULANCE_fire_1892_seg01.wav,Salah Kamar (Tertukar),FIRETRUCK,AMBULANCE,C:\Users\ASUS\Videos\DATASET\TRASH\audit_hasil_pemisahan\salah_kamar\FROM_FIRETRUCK_TO_AMBULANCE_fire_1892_seg01.wav
603,FROM_FIRETRUCK_TO_AMBULANCE_fire_1905_seg01.wav,Salah Kamar (Tertukar),FIRETRUCK,AMBULANCE,C:\Users\ASUS\Videos\DATASET\TRASH\audit_hasil_pemisahan\salah_kamar\FROM_FIRETRUCK_TO_AMBULANCE_fire_1905_seg01.wav
604,FROM_FIRETRUCK_TO_AMBULANCE_fire_1910_seg01.wav,Salah Kamar (Tertukar),FIRETRUCK,AMBULANCE,C:\Users\ASUS\Videos\DATASET\TRASH\audit_hasil_pemisahan\salah_kamar\FROM_FIRETRUCK_TO_AMBULANCE_fire_1910_seg01.wav
605,FROM_FIRETRUCK_TO_AMBULANCE_fire_1911_seg01.wav,Salah Kamar (Tertukar),FIRETRUCK,AMBULANCE,C:\Users\ASUS\Videos\DATASET\TRASH\audit_hasil_pemisahan\salah_kamar\FROM_FIRETRUCK_TO_AMBULANCE_fire_1911_seg01.wav
606,FROM_FIRETRUCK_TO_AMBULANCE_fire_1912_seg01.wav,Salah Kamar (Tertukar),FIRETRUCK,AMBULANCE,C:\Users\ASUS\Videos\DATASET\TRASH\audit_hasil_pemisahan\salah_kamar\FROM_FIRETRUCK_TO_AMBULANCE_fire_1912_seg01.wav
607,FROM_FIRETRUCK_TO_AMBULANCE_fire_1913_seg01.wav,Salah Kamar (Tertukar),FIRETRUCK,AMBULANCE,C:\Users\ASUS\Videos\DATASET\TRASH\audit_hasil_pemisahan\salah_kamar\FROM_FIRETRUCK_TO_AMBULANCE_fire_1913_seg01.wav
608,FROM_FIRETRUCK_TO_AMBULANCE_fire_1915_seg01.wav,Salah Kamar (Tertukar),FIRETRUCK,AMBULANCE,C:\Users\ASUS\Videos\DATASET\TRASH\audit_hasil_pemisahan\salah_kamar\FROM_FIRETRUCK_TO_AMBULANCE_fire_1915_seg01.wav
609,FROM_FIRETRUCK_TO_AMBULANCE_fire_1922_seg01.wav,Salah Kamar (Tertukar),FIRETRUCK,AMBULANCE,C:\Users\ASUS\Videos\DATASET\TRASH\audit_hasil_pemisahan\salah_kamar\FROM_FIRETRUCK_TO_AMBULANCE_fire_1922_seg01.wav
610,FROM_FIRETRUCK_TO_AMBULANCE_fire_1923_seg01.wav,Salah Kamar (Tertukar),FIRETRUCK,AMBULANCE,C:\Users\ASUS\Videos\DATASET\TRASH\audit_hasil_pemisahan\salah_kamar\FROM_FIRETRUCK_TO_AMBULANCE_fire_1923_seg01.wav
611,FROM_FIRETRUCK_TO_AMBULANCE_fire_1925_seg01.wav,Salah Kamar (Tertukar),FIRETRUCK,AMBULANCE,C:\Users\ASUS\Videos\DATASET\TRASH\audit_hasil_pemisahan\salah_kamar\FROM_FIRETRUCK_TO_AMBULANCE_fire_1925_seg01.wav
612,FROM_FIRETRUCK_TO_AMBULANCE_fire_1926_seg01.wav,Salah Kamar (Tertukar),FIRETRUCK,AMBULANCE,C:\Users\ASUS\Videos\DATASET\TRASH\audit_hasil_pemisahan\salah_kamar\FROM_FIRETRUCK_TO_AMBULANCE_fire_1926_seg01.wav
613,FROM_FIRETRUCK_TO_AMBULANCE_fire_1933_seg01.wav,Salah Kamar (Tertukar),FIRETRUCK,AMBULANCE,C:\Users\ASUS\Videos\DATASET\TRASH\audit_hasil_pemisahan\salah_kamar\FROM_FIRETRUCK_TO_AMBULANCE_fire_1933_seg01.wav
614,FROM_FIRETRUCK_TO_AMBULANCE_fire_1936_seg01.wav,Salah Kamar (Tertukar),FIRETRUCK,AMBULANCE,C:\Users\ASUS\Videos\DATASET\TRASH\audit_hasil_pemisahan\salah_kamar\FROM_FIRETRUCK_TO_AMBULANCE_fire_1936_seg01.wav
615,FROM_FIRETRUCK_TO_AMBULANCE_fire_1937_seg01.wav,Salah Kamar (Tertukar),FIRETRUCK,AMBULANCE,C:\Users\ASUS\Videos\DATASET\TRASH\audit_hasil_pemisahan\salah_kamar\FROM_FIRETRUCK_TO_AMBULANCE_fire_1937_seg01.wav
616,FROM_FIRETRUCK_TO_AMBULANCE_fire_1940_seg01.wav,Salah Kamar (Tertukar),FIRETRUCK,AMBULANCE,C:\Users\ASUS\Videos\DATASET\TRASH\audit_hasil_pemisahan\salah_kamar\FROM_FIRETRUCK_TO_AMBULANCE_fire_1940_seg01.wav
617,FROM_FIRETRUCK_TO_AMBULANCE_fire_1945_seg01.wav,Salah Kamar (Tertukar),FIRETRUCK,AMBULANCE,C:\Users\ASUS\Videos\DATASET\TRASH\audit_hasil_pemisahan\salah_kamar\FROM_FIRETRUCK_TO_AMBULANCE_fire_1945_seg01.wav
618,FROM_FIRETRUCK_TO_AMBULANCE_fire_1970_seg01.wav,Salah Kamar (Tertukar),FIRETRUCK,AMBULANCE,C:\Users\ASUS\Videos\DATASET\TRASH\audit_hasil_pemisahan\salah_kamar\FROM_FIRETRUCK_TO_AMBULANCE_fire_1970_seg01.wav
619,FROM_FIRETRUCK_TO_AMBULANCE_fire_1971_seg01.wav,Salah Kamar (Tertukar),FIRETRUCK,AMBULANCE,C:\Users\ASUS\Videos\DATASET\TRASH\audit_hasil_pemisahan\salah_kamar\FROM_FIRETRUCK_TO_AMBULANCE_fire_1971_seg01.wav
620,FROM_FIRETRUCK_TO_AMBULANCE_fire_1972_seg01.wav,Salah Kamar (Tertukar),FIRETRUCK,AMBULANCE,C:\Users\ASUS\Videos\DATASET\TRASH\audit_hasil_pemisahan\salah_kamar\FROM_FIRETRUCK_TO_AMBULANCE_fire_1972_seg01.wav
621,FROM_FIRETRUCK_TO_AMBULANCE_fire_1980_seg01.wav,Salah Kamar (Tertukar),FIRETRUCK,AMBULANCE,C:\Users\ASUS\Videos\DATASET\TRASH\audit_hasil_pemisahan\salah_kamar\FROM_FIRETRUCK_TO_AMBULANCE_fire_1980_seg01.wav
622,FROM_FIRETRUCK_TO_AMBULANCE_fire_2012_seg01.wav,Salah Kamar (Tertukar),FIRETRUCK,AMBULANCE,C:\Users\ASUS\Videos\DATASET\TRASH\audit_hasil_pemisahan\salah_kamar\FROM_FIRETRUCK_TO_AMBULANCE_fire_2012_seg01.wav
623,FROM_FIRETRUCK_TO_AMBULANCE_fire_2013_seg01.wav,Salah Kamar (Tertukar),FIRETRUCK,AMBULANCE,C:\Users\ASUS\Videos\DATASET\TRASH\audit_hasil_pemisahan\salah_kamar\FROM_FIRETRUCK_TO_AMBULANCE_fire_2013_seg01.wav
624,FROM_FIRETRUCK_TO_AMBULANCE_fire_2014_seg01.wav,Salah Kamar (Tertukar),FIRETRUCK,AMBULANCE,C:\Users\ASUS\Videos\DATASET\TRASH\audit_hasil_pemisahan\salah_kamar\FROM_FIRETRUCK_TO_AMBULANCE_fire_2014_seg01.wav
625,FROM_FIRETRUCK_TO_AMBULANCE_fire_2015_seg01.wav,Salah Kamar (Tertukar),FIRETRUCK,AMBULANCE,C:\Users\ASUS\Videos\DATASET\TRASH\audit_hasil_pemisahan\salah_kamar\FROM_FIRETRUCK_TO_AMBULANCE_fire_2015_seg01.wav
626,FROM_FIRETRUCK_TO_AMBULANCE_fire_2018_seg01.wav,Salah Kamar (Tertukar),FIRETRUCK,AMBULANCE,C:\Users\ASUS\Videos\DATASET\TRASH\audit_hasil_pemisahan\salah_kamar\FROM_FIRETRUCK_TO_AMBULANCE_fire_2018_seg01.wav
627,FROM_FIRETRUCK_TO_AMBULANCE_fire_2019_seg01.wav,Salah Kamar (Tertukar),FIRETRUCK,AMBULANCE,C:\Users\ASUS\Videos\DATASET\TRASH\audit_hasil_pemisahan\salah_kamar\FROM_FIRETRUCK_TO_AMBULANCE_fire_2019_seg01.wav
628,FROM_FIRETRUCK_TO_AMBULANCE_fire_2033_seg01.wav,Salah Kamar (Tertukar),FIRETRUCK,AMBULANCE,C:\Users\ASUS\Videos\DATASET\TRASH\audit_hasil_pemisahan\salah_kamar\FROM_FIRETRUCK_TO_AMBULANCE_fire_2033_seg01.wav
629,FROM_FIRETRUCK_TO_AMBULANCE_fire_2040_seg01.wav,Salah Kamar (Tertukar),FIRETRUCK,AMBULANCE,C:\Users\ASUS\Videos\DATASET\TRASH\audit_hasil_pemisahan\salah_kamar\FROM_FIRETRUCK_TO_AMBULANCE_fire_2040_seg01.wav
630,FROM_FIRETRUCK_TO_AMBULANCE_fire_2041_seg01.wav,Salah Kamar (Tertukar),FIRETRUCK,AMBULANCE,C:\Users\ASUS\Videos\DATASET\TRASH\audit_hasil_pemisahan\salah_kamar\FROM_FIRETRUCK_TO_AMBULANCE_fire_2041_seg01.wav
631,FROM_FIRETRUCK_TO_AMBULANCE_fire_2043_seg01.wav,Salah Kamar (Tertukar),FIRETRUCK,AMBULANCE,C:\Users\ASUS\Videos\DATASET\TRASH\audit_hasil_pemisahan\salah_kamar\FROM_FIRETRUCK_TO_AMBULANCE_fire_2043_seg01.wav
632,FROM_FIRETRUCK_TO_AMBULANCE_fire_2050_seg01.wav,Salah Kamar (Tertukar),FIRETRUCK,AMBULANCE,C:\Users\ASUS\Videos\DATASET\TRASH\audit_hasil_pemisahan\salah_kamar\FROM_FIRETRUCK_TO_AMBULANCE_fire_2050_seg01.wav
633,FROM_FIRETRUCK_TO_AMBULANCE_fire_2051_seg01.wav,Salah Kamar (Tertukar),FIRETRUCK,AMBULANCE,C:\Users\ASUS\Videos\DATASET\TRASH\audit_hasil_pemisahan\salah_kamar\FROM_FIRETRUCK_TO_AMBULANCE_fire_2051_seg01.wav
634,FROM_FIRETRUCK_TO_AMBULANCE_fire_2052_seg01.wav,Salah Kamar (Tertukar),FIRETRUCK,AMBULANCE,C:\Users\ASUS\Videos\DATASET\TRASH\audit_hasil_pemisahan\salah_kamar\FROM_FIRETRUCK_TO_AMBULANCE_fire_2052_seg01.wav
635,FROM_FIRETRUCK_TO_AMBULANCE_fire_2053_seg01.wav,Salah Kamar (Tertukar),FIRETRUCK,AMBULANCE,C:\Users\ASUS\Videos\DATASET\TRASH\audit_hasil_pemisahan\salah_kamar\FROM_FIRETRUCK_TO_AMBULANCE_fire_2053_seg01.wav
636,FROM_FIRETRUCK_TO_AMBULANCE_fire_2059_seg01.wav,Salah Kamar (Tertukar),FIRETRUCK,AMBULANCE,C:\Users\ASUS\Videos\DATASET\TRASH\audit_hasil_pemisahan\salah_kamar\FROM_FIRETRUCK_TO_AMBULANCE_fire_2059_seg01.wav
637,FROM_FIRETRUCK_TO_AMBULANCE_fire_2070_seg01.wav,Salah Kamar (Tertukar),FIRETRUCK,AMBULANCE,C:\Users\ASUS\Videos\DATASET\TRASH\audit_hasil_pemisahan\salah_kamar\FROM_FIRETRUCK_TO_AMBULANCE_fire_2070_seg01.wav
638,FROM_FIRETRUCK_TO_AMBULANCE_fire_2071_seg01.wav,Salah Kamar (Tertukar),FIRETRUCK,AMBULANCE,C:\Users\ASUS\Videos\DATASET\TRASH\audit_hasil_pemisahan\salah_kamar\FROM_FIRETRUCK_TO_AMBULANCE_fire_2071_seg01.wav
639,FROM_FIRETRUCK_TO_AMBULANCE_fire_2072_seg01.wav,Salah Kamar (Tertukar),FIRETRUCK,AMBULANCE,C:\Users\ASUS\Videos\DATASET\TRASH\audit_hasil_pemisahan\salah_kamar\FROM_FIRETRUCK_TO_AMBULANCE_fire_2072_seg01.wav
640,FROM_FIRETRUCK_TO_AMBULANCE_fire_2073_seg01.wav,Salah Kamar (Tertukar),FIRETRUCK,AMBULANCE,C:\Users\ASUS\Videos\DATASET\TRASH\audit_hasil_pemisahan\salah_kamar\FROM_FIRETRUCK_TO_AMBULANCE_fire_2073_seg01.wav
641,FROM_FIRETRUCK_TO_AMBULANCE_fire_2074_seg01.wav,Salah Kamar (Tertukar),FIRETRUCK,AMBULANCE,C:\Users\ASUS\Videos\DATASET\TRASH\audit_hasil_pemisahan\salah_kamar\FROM_FIRETRUCK_TO_AMBULANCE_fire_2074_seg01.wav
642,FROM_FIRETRUCK_TO_AMBULANCE_guru_firetruck_1780558335887.wav,Salah Kamar (Tertukar),FIRETRUCK,AMBULANCE,C:\Users\ASUS\Videos\DATASET\TRASH\audit_hasil_pemisahan\salah_kamar\FROM_FIRETRUCK_TO_AMBULANCE_guru_firetruck_1780558335887.wav
643,FROM_FIRETRUCK_TO_AMBULANCE_guru_firetruck_1780558368315.wav,Salah Kamar (Tertukar),FIRETRUCK,AMBULANCE,C:\Users\ASUS\Videos\DATASET\TRASH\audit_hasil_pemisahan\salah_kamar\FROM_FIRETRUCK_TO_AMBULANCE_guru_firetruck_1780558368315.wav
644,FROM_FIRETRUCK_TO_AMBULANCE_guru_firetruck_1780558389602.wav,Salah Kamar (Tertukar),FIRETRUCK,AMBULANCE,C:\Users\ASUS\Videos\DATASET\TRASH\audit_hasil_pemisahan\salah_kamar\FROM_FIRETRUCK_TO_AMBULANCE_guru_firetruck_1780558389602.wav
645,FROM_FIRETRUCK_TO_AMBULANCE_guru_firetruck_1780558490621.wav,Salah Kamar (Tertukar),FIRETRUCK,AMBULANCE,C:\Users\ASUS\Videos\DATASET\TRASH\audit_hasil_pemisahan\salah_kamar\FROM_FIRETRUCK_TO_AMBULANCE_guru_firetruck_1780558490621.wav
646,FROM_FIRETRUCK_TO_AMBULANCE_guru_firetruck_1780558704099.wav,Salah Kamar (Tertukar),FIRETRUCK,AMBULANCE,C:\Users\ASUS\Videos\DATASET\TRASH\audit_hasil_pemisahan\salah_kamar\FROM_FIRETRUCK_TO_AMBULANCE_guru_firetruck_1780558704099.wav
647,FROM_FIRETRUCK_TO_AMBULANCE_SYNTH_fire_0.wav,Salah Kamar (Tertukar),FIRETRUCK,AMBULANCE,C:\Users\ASUS\Videos\DATASET\TRASH\audit_hasil_pemisahan\salah_kamar\FROM_FIRETRUCK_TO_AMBULANCE_SYNTH_fire_0.wav
648,FROM_FIRETRUCK_TO_AMBULANCE_SYNTH_fire_1.wav,Salah Kamar (Tertukar),FIRETRUCK,AMBULANCE,C:\Users\ASUS\Videos\DATASET\TRASH\audit_hasil_pemisahan\salah_kamar\FROM_FIRETRUCK_TO_AMBULANCE_SYNTH_fire_1.wav
649,FROM_FIRETRUCK_TO_AMBULANCE_SYNTH_fire_12.wav,Salah Kamar (Tertukar),FIRETRUCK,AMBULANCE,C:\Users\ASUS\Videos\DATASET\TRASH\audit_hasil_pemisahan\salah_kamar\FROM_FIRETRUCK_TO_AMBULANCE_SYNTH_fire_12.wav
650,FROM_FIRETRUCK_TO_AMBULANCE_SYNTH_fire_13.wav,Salah Kamar (Tertukar),FIRETRUCK,AMBULANCE,C:\Users\ASUS\Videos\DATASET\TRASH\audit_hasil_pemisahan\salah_kamar\FROM_FIRETRUCK_TO_AMBULANCE_SYNTH_fire_13.wav
651,FROM_FIRETRUCK_TO_AMBULANCE_SYNTH_fire_14.wav,Salah Kamar (Tertukar),FIRETRUCK,AMBULANCE,C:\Users\ASUS\Videos\DATASET\TRASH\audit_hasil_pemisahan\salah_kamar\FROM_FIRETRUCK_TO_AMBULANCE_SYNTH_fire_14.wav
652,FROM_FIRETRUCK_TO_AMBULANCE_SYNTH_fire_15.wav,Salah Kamar (Tertukar),FIRETRUCK,AMBULANCE,C:\Users\ASUS\Videos\DATASET\TRASH\audit_hasil_pemisahan\salah_kamar\FROM_FIRETRUCK_TO_AMBULANCE_SYNTH_fire_15.wav
653,FROM_FIRETRUCK_TO_AMBULANCE_SYNTH_fire_16.wav,Salah Kamar (Tertukar),FIRETRUCK,AMBULANCE,C:\Users\ASUS\Videos\DATASET\TRASH\audit_hasil_pemisahan\salah_kamar\FROM_FIRETRUCK_TO_AMBULANCE_SYNTH_fire_16.wav
654,FROM_FIRETRUCK_TO_AMBULANCE_SYNTH_fire_18.wav,Salah Kamar (Tertukar),FIRETRUCK,AMBULANCE,C:\Users\ASUS\Videos\DATASET\TRASH\audit_hasil_pemisahan\salah_kamar\FROM_FIRETRUCK_TO_AMBULANCE_SYNTH_fire_18.wav
655,FROM_FIRETRUCK_TO_AMBULANCE_SYNTH_fire_2.wav,Salah Kamar (Tertukar),FIRETRUCK,AMBULANCE,C:\Users\ASUS\Videos\DATASET\TRASH\audit_hasil_pemisahan\salah_kamar\FROM_FIRETRUCK_TO_AMBULANCE_SYNTH_fire_2.wav
656,FROM_FIRETRUCK_TO_AMBULANCE_SYNTH_fire_3.wav,Salah Kamar (Tertukar),FIRETRUCK,AMBULANCE,C:\Users\ASUS\Videos\DATASET\TRASH\audit_hasil_pemisahan\salah_kamar\FROM_FIRETRUCK_TO_AMBULANCE_SYNTH_fire_3.wav
657,FROM_FIRETRUCK_TO_AMBULANCE_SYNTH_fire_4.wav,Salah Kamar (Tertukar),FIRETRUCK,AMBULANCE,C:\Users\ASUS\Videos\DATASET\TRASH\audit_hasil_pemisahan\salah_kamar\FROM_FIRETRUCK_TO_AMBULANCE_SYNTH_fire_4.wav
658,FROM_FIRETRUCK_TO_AMBULANCE_SYNTH_fire_5.wav,Salah Kamar (Tertukar),FIRETRUCK,AMBULANCE,C:\Users\ASUS\Videos\DATASET\TRASH\audit_hasil_pemisahan\salah_kamar\FROM_FIRETRUCK_TO_AMBULANCE_SYNTH_fire_5.wav
659,FROM_FIRETRUCK_TO_AMBULANCE_SYNTH_fire_9.wav,Salah Kamar (Tertukar),FIRETRUCK,AMBULANCE,C:\Users\ASUS\Videos\DATASET\TRASH\audit_hasil_pemisahan\salah_kamar\FROM_FIRETRUCK_TO_AMBULANCE_SYNTH_fire_9.wav
660,FROM_POLICE_TO_AMBULANCE_aug_noise_1017_police_0316_seg01.wav,Salah Kamar (Tertukar),POLICE,AMBULANCE,C:\Users\ASUS\Videos\DATASET\TRASH\audit_hasil_pemisahan\salah_kamar\FROM_POLICE_TO_AMBULANCE_aug_noise_1017_police_0316_seg01.wav
661,FROM_POLICE_TO_AMBULANCE_aug_noise_1085_police_0001_seg46.wav,Salah Kamar (Tertukar),POLICE,AMBULANCE,C:\Users\ASUS\Videos\DATASET\TRASH\audit_hasil_pemisahan\salah_kamar\FROM_POLICE_TO_AMBULANCE_aug_noise_1085_police_0001_seg46.wav
662,FROM_POLICE_TO_AMBULANCE_aug_noise_1239_police_0227_noise_light.wav,Salah Kamar (Tertukar),POLICE,AMBULANCE,C:\Users\ASUS\Videos\DATASET\TRASH\audit_hasil_pemisahan\salah_kamar\FROM_POLICE_TO_AMBULANCE_aug_noise_1239_police_0227_noise_light.wav
663,FROM_POLICE_TO_AMBULANCE_aug_noise_1394_police_0233_seg01.wav,Salah Kamar (Tertukar),POLICE,AMBULANCE,C:\Users\ASUS\Videos\DATASET\TRASH\audit_hasil_pemisahan\salah_kamar\FROM_POLICE_TO_AMBULANCE_aug_noise_1394_police_0233_seg01.wav
664,FROM_POLICE_TO_AMBULANCE_aug_noise_1585_police_0094_shift.wav,Salah Kamar (Tertukar),POLICE,AMBULANCE,C:\Users\ASUS\Videos\DATASET\TRASH\audit_hasil_pemisahan\salah_kamar\FROM_POLICE_TO_AMBULANCE_aug_noise_1585_police_0094_shift.wav
665,FROM_POLICE_TO_AMBULANCE_aug_noise_1712_sound_619.wav,Salah Kamar (Tertukar),POLICE,AMBULANCE,C:\Users\ASUS\Videos\DATASET\TRASH\audit_hasil_pemisahan\salah_kamar\FROM_POLICE_TO_AMBULANCE_aug_noise_1712_sound_619.wav
666,FROM_POLICE_TO_AMBULANCE_aug_noise_1826_police_0294_seg01.wav,Salah Kamar (Tertukar),POLICE,AMBULANCE,C:\Users\ASUS\Videos\DATASET\TRASH\audit_hasil_pemisahan\salah_kamar\FROM_POLICE_TO_AMBULANCE_aug_noise_1826_police_0294_seg01.wav
667,FROM_POLICE_TO_AMBULANCE_aug_noise_2102_police_0422_seg01.wav,Salah Kamar (Tertukar),POLICE,AMBULANCE,C:\Users\ASUS\Videos\DATASET\TRASH\audit_hasil_pemisahan\salah_kamar\FROM_POLICE_TO_AMBULANCE_aug_noise_2102_police_0422_seg01.wav
668,FROM_POLICE_TO_AMBULANCE_aug_noise_2384_police_0128_seg01.wav,Salah Kamar (Tertukar),POLICE,AMBULANCE,C:\Users\ASUS\Videos\DATASET\TRASH\audit_hasil_pemisahan\salah_kamar\FROM_POLICE_TO_AMBULANCE_aug_noise_2384_police_0128_seg01.wav
669,FROM_POLICE_TO_AMBULANCE_aug_noise_2482_police_0442_seg01.wav,Salah Kamar (Tertukar),POLICE,AMBULANCE,C:\Users\ASUS\Videos\DATASET\TRASH\audit_hasil_pemisahan\salah_kamar\FROM_POLICE_TO_AMBULANCE_aug_noise_2482_police_0442_seg01.wav
670,FROM_POLICE_TO_AMBULANCE_aug_noise_2757_police_0407_seg01.wav,Salah Kamar (Tertukar),POLICE,AMBULANCE,C:\Users\ASUS\Videos\DATASET\TRASH\audit_hasil_pemisahan\salah_kamar\FROM_POLICE_TO_AMBULANCE_aug_noise_2757_police_0407_seg01.wav
671,FROM_POLICE_TO_AMBULANCE_aug_noise_2841_police_0352_seg01.wav,Salah Kamar (Tertukar),POLICE,AMBULANCE,C:\Users\ASUS\Videos\DATASET\TRASH\audit_hasil_pemisahan\salah_kamar\FROM_POLICE_TO_AMBULANCE_aug_noise_2841_police_0352_seg01.wav
672,FROM_POLICE_TO_AMBULANCE_aug_noise_3159_police_0119_seg01.wav,Salah Kamar (Tertukar),POLICE,AMBULANCE,C:\Users\ASUS\Videos\DATASET\TRASH\audit_hasil_pemisahan\salah_kamar\FROM_POLICE_TO_AMBULANCE_aug_noise_3159_police_0119_seg01.wav
673,FROM_POLICE_TO_AMBULANCE_aug_noise_3181_police_0001_seg36.wav,Salah Kamar (Tertukar),POLICE,AMBULANCE,C:\Users\ASUS\Videos\DATASET\TRASH\audit_hasil_pemisahan\salah_kamar\FROM_POLICE_TO_AMBULANCE_aug_noise_3181_police_0001_seg36.wav
674,FROM_POLICE_TO_AMBULANCE_aug_noise_3203_sound_622.wav,Salah Kamar (Tertukar),POLICE,AMBULANCE,C:\Users\ASUS\Videos\DATASET\TRASH\audit_hasil_pemisahan\salah_kamar\FROM_POLICE_TO_AMBULANCE_aug_noise_3203_sound_622.wav
675,FROM_POLICE_TO_AMBULANCE_aug_noise_3338_police_0004_shift.wav,Salah Kamar (Tertukar),POLICE,AMBULANCE,C:\Users\ASUS\Videos\DATASET\TRASH\audit_hasil_pemisahan\salah_kamar\FROM_POLICE_TO_AMBULANCE_aug_noise_3338_police_0004_shift.wav
676,FROM_POLICE_TO_AMBULANCE_aug_noise_3349_police_0283_seg01.wav,Salah Kamar (Tertukar),POLICE,AMBULANCE,C:\Users\ASUS\Videos\DATASET\TRASH\audit_hasil_pemisahan\salah_kamar\FROM_POLICE_TO_AMBULANCE_aug_noise_3349_police_0283_seg01.wav
677,FROM_POLICE_TO_AMBULANCE_aug_noise_3416_police_0024_seg01.wav,Salah Kamar (Tertukar),POLICE,AMBULANCE,C:\Users\ASUS\Videos\DATASET\TRASH\audit_hasil_pemisahan\salah_kamar\FROM_POLICE_TO_AMBULANCE_aug_noise_3416_police_0024_seg01.wav
678,FROM_POLICE_TO_AMBULANCE_aug_noise_3602_police_0001_seg40.wav,Salah Kamar (Tertukar),POLICE,AMBULANCE,C:\Users\ASUS\Videos\DATASET\TRASH\audit_hasil_pemisahan\salah_kamar\FROM_POLICE_TO_AMBULANCE_aug_noise_3602_police_0001_seg40.wav
679,FROM_POLICE_TO_AMBULANCE_aug_noise_3612_police_0267_original.wav,Salah Kamar (Tertukar),POLICE,AMBULANCE,C:\Users\ASUS\Videos\DATASET\TRASH\audit_hasil_pemisahan\salah_kamar\FROM_POLICE_TO_AMBULANCE_aug_noise_3612_police_0267_original.wav
680,FROM_POLICE_TO_AMBULANCE_aug_noise_3638_police_0066_seg01.wav,Salah Kamar (Tertukar),POLICE,AMBULANCE,C:\Users\ASUS\Videos\DATASET\TRASH\audit_hasil_pemisahan\salah_kamar\FROM_POLICE_TO_AMBULANCE_aug_noise_3638_police_0066_seg01.wav
681,FROM_POLICE_TO_AMBULANCE_aug_noise_3648_police_0001_seg55.wav,Salah Kamar (Tertukar),POLICE,AMBULANCE,C:\Users\ASUS\Videos\DATASET\TRASH\audit_hasil_pemisahan\salah_kamar\FROM_POLICE_TO_AMBULANCE_aug_noise_3648_police_0001_seg55.wav
682,FROM_POLICE_TO_AMBULANCE_aug_noise_3794_police_0349_seg01.wav,Salah Kamar (Tertukar),POLICE,AMBULANCE,C:\Users\ASUS\Videos\DATASET\TRASH\audit_hasil_pemisahan\salah_kamar\FROM_POLICE_TO_AMBULANCE_aug_noise_3794_police_0349_seg01.wav
683,FROM_POLICE_TO_AMBULANCE_aug_noise_3990_sound_2018.wav,Salah Kamar (Tertukar),POLICE,AMBULANCE,C:\Users\ASUS\Videos\DATASET\TRASH\audit_hasil_pemisahan\salah_kamar\FROM_POLICE_TO_AMBULANCE_aug_noise_3990_sound_2018.wav
684,FROM_POLICE_TO_AMBULANCE_aug_noise_4187_police_0242_seg01.wav,Salah Kamar (Tertukar),POLICE,AMBULANCE,C:\Users\ASUS\Videos\DATASET\TRASH\audit_hasil_pemisahan\salah_kamar\FROM_POLICE_TO_AMBULANCE_aug_noise_4187_police_0242_seg01.wav
685,FROM_POLICE_TO_AMBULANCE_aug_noise_4254_police_0018_seg01.wav,Salah Kamar (Tertukar),POLICE,AMBULANCE,C:\Users\ASUS\Videos\DATASET\TRASH\audit_hasil_pemisahan\salah_kamar\FROM_POLICE_TO_AMBULANCE_aug_noise_4254_police_0018_seg01.wav
686,FROM_POLICE_TO_AMBULANCE_aug_noise_4270_police_0113_original.wav,Salah Kamar (Tertukar),POLICE,AMBULANCE,C:\Users\ASUS\Videos\DATASET\TRASH\audit_hasil_pemisahan\salah_kamar\FROM_POLICE_TO_AMBULANCE_aug_noise_4270_police_0113_original.wav
687,FROM_POLICE_TO_AMBULANCE_aug_noise_4444_police_0215_seg01.wav,Salah Kamar (Tertukar),POLICE,AMBULANCE,C:\Users\ASUS\Videos\DATASET\TRASH\audit_hasil_pemisahan\salah_kamar\FROM_POLICE_TO_AMBULANCE_aug_noise_4444_police_0215_seg01.wav
688,FROM_POLICE_TO_AMBULANCE_aug_noise_4449_police_0035_seg01.wav,Salah Kamar (Tertukar),POLICE,AMBULANCE,C:\Users\ASUS\Videos\DATASET\TRASH\audit_hasil_pemisahan\salah_kamar\FROM_POLICE_TO_AMBULANCE_aug_noise_4449_police_0035_seg01.wav
689,FROM_POLICE_TO_AMBULANCE_aug_noise_4511_police_0072_seg01.wav,Salah Kamar (Tertukar),POLICE,AMBULANCE,C:\Users\ASUS\Videos\DATASET\TRASH\audit_hasil_pemisahan\salah_kamar\FROM_POLICE_TO_AMBULANCE_aug_noise_4511_police_0072_seg01.wav
690,FROM_POLICE_TO_AMBULANCE_aug_noise_4734_police_0369_seg01.wav,Salah Kamar (Tertukar),POLICE,AMBULANCE,C:\Users\ASUS\Videos\DATASET\TRASH\audit_hasil_pemisahan\salah_kamar\FROM_POLICE_TO_AMBULANCE_aug_noise_4734_police_0369_seg01.wav
691,FROM_POLICE_TO_AMBULANCE_aug_noise_4761_police_0001_seg52.wav,Salah Kamar (Tertukar),POLICE,AMBULANCE,C:\Users\ASUS\Videos\DATASET\TRASH\audit_hasil_pemisahan\salah_kamar\FROM_POLICE_TO_AMBULANCE_aug_noise_4761_police_0001_seg52.wav
692,FROM_POLICE_TO_AMBULANCE_aug_noise_5140_police_0249_seg01.wav,Salah Kamar (Tertukar),POLICE,AMBULANCE,C:\Users\ASUS\Videos\DATASET\TRASH\audit_hasil_pemisahan\salah_kamar\FROM_POLICE_TO_AMBULANCE_aug_noise_5140_police_0249_seg01.wav
693,FROM_POLICE_TO_AMBULANCE_aug_noise_5177_police_0001_seg06.wav,Salah Kamar (Tertukar),POLICE,AMBULANCE,C:\Users\ASUS\Videos\DATASET\TRASH\audit_hasil_pemisahan\salah_kamar\FROM_POLICE_TO_AMBULANCE_aug_noise_5177_police_0001_seg06.wav
694,FROM_POLICE_TO_AMBULANCE_aug_noise_5281_police_0395_seg01.wav,Salah Kamar (Tertukar),POLICE,AMBULANCE,C:\Users\ASUS\Videos\DATASET\TRASH\audit_hasil_pemisahan\salah_kamar\FROM_POLICE_TO_AMBULANCE_aug_noise_5281_police_0395_seg01.wav
695,FROM_POLICE_TO_AMBULANCE_aug_noise_5298_police_0098_seg01.wav,Salah Kamar (Tertukar),POLICE,AMBULANCE,C:\Users\ASUS\Videos\DATASET\TRASH\audit_hasil_pemisahan\salah_kamar\FROM_POLICE_TO_AMBULANCE_aug_noise_5298_police_0098_seg01.wav
696,FROM_POLICE_TO_AMBULANCE_aug_noise_5630_police_0001_seg17.wav,Salah Kamar (Tertukar),POLICE,AMBULANCE,C:\Users\ASUS\Videos\DATASET\TRASH\audit_hasil_pemisahan\salah_kamar\FROM_POLICE_TO_AMBULANCE_aug_noise_5630_police_0001_seg17.wav
697,FROM_POLICE_TO_AMBULANCE_aug_noise_5810_sound_637.wav,Salah Kamar (Tertukar),POLICE,AMBULANCE,C:\Users\ASUS\Videos\DATASET\TRASH\audit_hasil_pemisahan\salah_kamar\FROM_POLICE_TO_AMBULANCE_aug_noise_5810_sound_637.wav
698,FROM_POLICE_TO_AMBULANCE_aug_noise_5862_police_0001_seg47.wav,Salah Kamar (Tertukar),POLICE,AMBULANCE,C:\Users\ASUS\Videos\DATASET\TRASH\audit_hasil_pemisahan\salah_kamar\FROM_POLICE_TO_AMBULANCE_aug_noise_5862_police_0001_seg47.wav
699,FROM_POLICE_TO_AMBULANCE_aug_noise_5868_sound_621.wav,Salah Kamar (Tertukar),POLICE,AMBULANCE,C:\Users\ASUS\Videos\DATASET\TRASH\audit_hasil_pemisahan\salah_kamar\FROM_POLICE_TO_AMBULANCE_aug_noise_5868_sound_621.wav
700,FROM_POLICE_TO_AMBULANCE_aug_noise_6680_police_0040_seg01.wav,Salah Kamar (Tertukar),POLICE,AMBULANCE,C:\Users\ASUS\Videos\DATASET\TRASH\audit_hasil_pemisahan\salah_kamar\FROM_POLICE_TO_AMBULANCE_aug_noise_6680_police_0040_seg01.wav
701,FROM_POLICE_TO_AMBULANCE_aug_noise_6748_police_0438_seg01.wav,Salah Kamar (Tertukar),POLICE,AMBULANCE,C:\Users\ASUS\Videos\DATASET\TRASH\audit_hasil_pemisahan\salah_kamar\FROM_POLICE_TO_AMBULANCE_aug_noise_6748_police_0438_seg01.wav
702,FROM_POLICE_TO_AMBULANCE_aug_noise_6781_police_0340_seg01.wav,Salah Kamar (Tertukar),POLICE,AMBULANCE,C:\Users\ASUS\Videos\DATASET\TRASH\audit_hasil_pemisahan\salah_kamar\FROM_POLICE_TO_AMBULANCE_aug_noise_6781_police_0340_seg01.wav
703,FROM_POLICE_TO_AMBULANCE_aug_noise_6794_police_0263_noise_light.wav,Salah Kamar (Tertukar),POLICE,AMBULANCE,C:\Users\ASUS\Videos\DATASET\TRASH\audit_hasil_pemisahan\salah_kamar\FROM_POLICE_TO_AMBULANCE_aug_noise_6794_police_0263_noise_light.wav
704,FROM_POLICE_TO_AMBULANCE_aug_noise_6932_police_0001_seg12.wav,Salah Kamar (Tertukar),POLICE,AMBULANCE,C:\Users\ASUS\Videos\DATASET\TRASH\audit_hasil_pemisahan\salah_kamar\FROM_POLICE_TO_AMBULANCE_aug_noise_6932_police_0001_seg12.wav
705,FROM_POLICE_TO_AMBULANCE_aug_noise_7114_police_0391_seg01.wav,Salah Kamar (Tertukar),POLICE,AMBULANCE,C:\Users\ASUS\Videos\DATASET\TRASH\audit_hasil_pemisahan\salah_kamar\FROM_POLICE_TO_AMBULANCE_aug_noise_7114_police_0391_seg01.wav
706,FROM_POLICE_TO_AMBULANCE_aug_noise_7171_sound_809.wav,Salah Kamar (Tertukar),POLICE,AMBULANCE,C:\Users\ASUS\Videos\DATASET\TRASH\audit_hasil_pemisahan\salah_kamar\FROM_POLICE_TO_AMBULANCE_aug_noise_7171_sound_809.wav
707,FROM_POLICE_TO_AMBULANCE_aug_noise_7291_police_0200_seg01.wav,Salah Kamar (Tertukar),POLICE,AMBULANCE,C:\Users\ASUS\Videos\DATASET\TRASH\audit_hasil_pemisahan\salah_kamar\FROM_POLICE_TO_AMBULANCE_aug_noise_7291_police_0200_seg01.wav
708,FROM_POLICE_TO_AMBULANCE_aug_noise_7373_sound_615.wav,Salah Kamar (Tertukar),POLICE,AMBULANCE,C:\Users\ASUS\Videos\DATASET\TRASH\audit_hasil_pemisahan\salah_kamar\FROM_POLICE_TO_AMBULANCE_aug_noise_7373_sound_615.wav
709,FROM_POLICE_TO_AMBULANCE_aug_noise_7402_police_0348_noise_light.wav,Salah Kamar (Tertukar),POLICE,AMBULANCE,C:\Users\ASUS\Videos\DATASET\TRASH\audit_hasil_pemisahan\salah_kamar\FROM_POLICE_TO_AMBULANCE_aug_noise_7402_police_0348_noise_light.wav
710,FROM_POLICE_TO_AMBULANCE_aug_noise_7491_police_0216_seg01.wav,Salah Kamar (Tertukar),POLICE,AMBULANCE,C:\Users\ASUS\Videos\DATASET\TRASH\audit_hasil_pemisahan\salah_kamar\FROM_POLICE_TO_AMBULANCE_aug_noise_7491_police_0216_seg01.wav
711,FROM_POLICE_TO_AMBULANCE_aug_noise_7580_police_0381_seg01.wav,Salah Kamar (Tertukar),POLICE,AMBULANCE,C:\Users\ASUS\Videos\DATASET\TRASH\audit_hasil_pemisahan\salah_kamar\FROM_POLICE_TO_AMBULANCE_aug_noise_7580_police_0381_seg01.wav
712,FROM_POLICE_TO_AMBULANCE_aug_noise_7600_police_0001_seg10.wav,Salah Kamar (Tertukar),POLICE,AMBULANCE,C:\Users\ASUS\Videos\DATASET\TRASH\audit_hasil_pemisahan\salah_kamar\FROM_POLICE_TO_AMBULANCE_aug_noise_7600_police_0001_seg10.wav
713,FROM_POLICE_TO_AMBULANCE_aug_noise_8199_police_0009_seg01.wav,Salah Kamar (Tertukar),POLICE,AMBULANCE,C:\Users\ASUS\Videos\DATASET\TRASH\audit_hasil_pemisahan\salah_kamar\FROM_POLICE_TO_AMBULANCE_aug_noise_8199_police_0009_seg01.wav
714,FROM_POLICE_TO_AMBULANCE_aug_noise_8471_police_0001_seg53.wav,Salah Kamar (Tertukar),POLICE,AMBULANCE,C:\Users\ASUS\Videos\DATASET\TRASH\audit_hasil_pemisahan\salah_kamar\FROM_POLICE_TO_AMBULANCE_aug_noise_8471_police_0001_seg53.wav
715,FROM_POLICE_TO_AMBULANCE_aug_noise_9075_police_0248_seg01.wav,Salah Kamar (Tertukar),POLICE,AMBULANCE,C:\Users\ASUS\Videos\DATASET\TRASH\audit_hasil_pemisahan\salah_kamar\FROM_POLICE_TO_AMBULANCE_aug_noise_9075_police_0248_seg01.wav
716,FROM_POLICE_TO_AMBULANCE_aug_noise_9170_police_0429_seg01.wav,Salah Kamar (Tertukar),POLICE,AMBULANCE,C:\Users\ASUS\Videos\DATASET\TRASH\audit_hasil_pemisahan\salah_kamar\FROM_POLICE_TO_AMBULANCE_aug_noise_9170_police_0429_seg01.wav
717,FROM_POLICE_TO_AMBULANCE_aug_noise_9210_police_0001_seg25.wav,Salah Kamar (Tertukar),POLICE,AMBULANCE,C:\Users\ASUS\Videos\DATASET\TRASH\audit_hasil_pemisahan\salah_kamar\FROM_POLICE_TO_AMBULANCE_aug_noise_9210_police_0001_seg25.wav
718,FROM_POLICE_TO_AMBULANCE_aug_noise_9366_police_0001_seg48.wav,Salah Kamar (Tertukar),POLICE,AMBULANCE,C:\Users\ASUS\Videos\DATASET\TRASH\audit_hasil_pemisahan\salah_kamar\FROM_POLICE_TO_AMBULANCE_aug_noise_9366_police_0001_seg48.wav
719,FROM_POLICE_TO_AMBULANCE_aug_noise_9501_police_0016_seg01.wav,Salah Kamar (Tertukar),POLICE,AMBULANCE,C:\Users\ASUS\Videos\DATASET\TRASH\audit_hasil_pemisahan\salah_kamar\FROM_POLICE_TO_AMBULANCE_aug_noise_9501_police_0016_seg01.wav
720,FROM_POLICE_TO_AMBULANCE_aug_noise_9583_police_0267_shift.wav,Salah Kamar (Tertukar),POLICE,AMBULANCE,C:\Users\ASUS\Videos\DATASET\TRASH\audit_hasil_pemisahan\salah_kamar\FROM_POLICE_TO_AMBULANCE_aug_noise_9583_police_0267_shift.wav
721,FROM_POLICE_TO_AMBULANCE_aug_noise_9591_police_0434_seg01.wav,Salah Kamar (Tertukar),POLICE,AMBULANCE,C:\Users\ASUS\Videos\DATASET\TRASH\audit_hasil_pemisahan\salah_kamar\FROM_POLICE_TO_AMBULANCE_aug_noise_9591_police_0434_seg01.wav
722,FROM_POLICE_TO_AMBULANCE_aug_noise_9830_police_0206_seg01.wav,Salah Kamar (Tertukar),POLICE,AMBULANCE,C:\Users\ASUS\Videos\DATASET\TRASH\audit_hasil_pemisahan\salah_kamar\FROM_POLICE_TO_AMBULANCE_aug_noise_9830_police_0206_seg01.wav
723,FROM_POLICE_TO_AMBULANCE_aug_noise_sound_2018.wav,Salah Kamar (Tertukar),POLICE,AMBULANCE,C:\Users\ASUS\Videos\DATASET\TRASH\audit_hasil_pemisahan\salah_kamar\FROM_POLICE_TO_AMBULANCE_aug_noise_sound_2018.wav
724,FROM_POLICE_TO_AMBULANCE_aug_pitch_1029_sound_727.wav,Salah Kamar (Tertukar),POLICE,AMBULANCE,C:\Users\ASUS\Videos\DATASET\TRASH\audit_hasil_pemisahan\salah_kamar\FROM_POLICE_TO_AMBULANCE_aug_pitch_1029_sound_727.wav
725,FROM_POLICE_TO_AMBULANCE_aug_pitch_1075_police_0045_shift.wav,Salah Kamar (Tertukar),POLICE,AMBULANCE,C:\Users\ASUS\Videos\DATASET\TRASH\audit_hasil_pemisahan\salah_kamar\FROM_POLICE_TO_AMBULANCE_aug_pitch_1075_police_0045_shift.wav
726,FROM_POLICE_TO_AMBULANCE_aug_pitch_1078_police_0081_original.wav,Salah Kamar (Tertukar),POLICE,AMBULANCE,C:\Users\ASUS\Videos\DATASET\TRASH\audit_hasil_pemisahan\salah_kamar\FROM_POLICE_TO_AMBULANCE_aug_pitch_1078_police_0081_original.wav
727,FROM_POLICE_TO_AMBULANCE_aug_pitch_1507_police_0114_noise_light.wav,Salah Kamar (Tertukar),POLICE,AMBULANCE,C:\Users\ASUS\Videos\DATASET\TRASH\audit_hasil_pemisahan\salah_kamar\FROM_POLICE_TO_AMBULANCE_aug_pitch_1507_police_0114_noise_light.wav
728,FROM_POLICE_TO_AMBULANCE_aug_pitch_1601_sound_619_1.wav,Salah Kamar (Tertukar),POLICE,AMBULANCE,C:\Users\ASUS\Videos\DATASET\TRASH\audit_hasil_pemisahan\salah_kamar\FROM_POLICE_TO_AMBULANCE_aug_pitch_1601_sound_619_1.wav
729,FROM_POLICE_TO_AMBULANCE_aug_pitch_1635_police_0423_noise_light.wav,Salah Kamar (Tertukar),POLICE,AMBULANCE,C:\Users\ASUS\Videos\DATASET\TRASH\audit_hasil_pemisahan\salah_kamar\FROM_POLICE_TO_AMBULANCE_aug_pitch_1635_police_0423_noise_light.wav
730,FROM_POLICE_TO_AMBULANCE_aug_pitch_1678_police_0141_original.wav,Salah Kamar (Tertukar),POLICE,AMBULANCE,C:\Users\ASUS\Videos\DATASET\TRASH\audit_hasil_pemisahan\salah_kamar\FROM_POLICE_TO_AMBULANCE_aug_pitch_1678_police_0141_original.wav
731,FROM_POLICE_TO_AMBULANCE_aug_pitch_1687_police_0084_shift.wav,Salah Kamar (Tertukar),POLICE,AMBULANCE,C:\Users\ASUS\Videos\DATASET\TRASH\audit_hasil_pemisahan\salah_kamar\FROM_POLICE_TO_AMBULANCE_aug_pitch_1687_police_0084_shift.wav
732,FROM_POLICE_TO_AMBULANCE_aug_pitch_1803_police_0111_noise_light.wav,Salah Kamar (Tertukar),POLICE,AMBULANCE,C:\Users\ASUS\Videos\DATASET\TRASH\audit_hasil_pemisahan\salah_kamar\FROM_POLICE_TO_AMBULANCE_aug_pitch_1803_police_0111_noise_light.wav
733,FROM_POLICE_TO_AMBULANCE_aug_pitch_1850_police_0001_seg36.wav,Salah Kamar (Tertukar),POLICE,AMBULANCE,C:\Users\ASUS\Videos\DATASET\TRASH\audit_hasil_pemisahan\salah_kamar\FROM_POLICE_TO_AMBULANCE_aug_pitch_1850_police_0001_seg36.wav
734,FROM_POLICE_TO_AMBULANCE_aug_pitch_1873_police_0214_loud.wav,Salah Kamar (Tertukar),POLICE,AMBULANCE,C:\Users\ASUS\Videos\DATASET\TRASH\audit_hasil_pemisahan\salah_kamar\FROM_POLICE_TO_AMBULANCE_aug_pitch_1873_police_0214_loud.wav
735,FROM_POLICE_TO_AMBULANCE_aug_pitch_2032_police_0118_shift.wav,Salah Kamar (Tertukar),POLICE,AMBULANCE,C:\Users\ASUS\Videos\DATASET\TRASH\audit_hasil_pemisahan\salah_kamar\FROM_POLICE_TO_AMBULANCE_aug_pitch_2032_police_0118_shift.wav
736,FROM_POLICE_TO_AMBULANCE_aug_pitch_2041_sound_606.wav,Salah Kamar (Tertukar),POLICE,AMBULANCE,C:\Users\ASUS\Videos\DATASET\TRASH\audit_hasil_pemisahan\salah_kamar\FROM_POLICE_TO_AMBULANCE_aug_pitch_2041_sound_606.wav
737,FROM_POLICE_TO_AMBULANCE_aug_pitch_2138_police_0307_seg01.wav,Salah Kamar (Tertukar),POLICE,AMBULANCE,C:\Users\ASUS\Videos\DATASET\TRASH\audit_hasil_pemisahan\salah_kamar\FROM_POLICE_TO_AMBULANCE_aug_pitch_2138_police_0307_seg01.wav
738,FROM_POLICE_TO_AMBULANCE_aug_pitch_2178_police_0001_seg07.wav,Salah Kamar (Tertukar),POLICE,AMBULANCE,C:\Users\ASUS\Videos\DATASET\TRASH\audit_hasil_pemisahan\salah_kamar\FROM_POLICE_TO_AMBULANCE_aug_pitch_2178_police_0001_seg07.wav
739,FROM_POLICE_TO_AMBULANCE_aug_pitch_2190_police_0125_original.wav,Salah Kamar (Tertukar),POLICE,AMBULANCE,C:\Users\ASUS\Videos\DATASET\TRASH\audit_hasil_pemisahan\salah_kamar\FROM_POLICE_TO_AMBULANCE_aug_pitch_2190_police_0125_original.wav
740,FROM_POLICE_TO_AMBULANCE_aug_pitch_2289_police_0003_seg05.wav,Salah Kamar (Tertukar),POLICE,AMBULANCE,C:\Users\ASUS\Videos\DATASET\TRASH\audit_hasil_pemisahan\salah_kamar\FROM_POLICE_TO_AMBULANCE_aug_pitch_2289_police_0003_seg05.wav
741,FROM_POLICE_TO_AMBULANCE_aug_pitch_2395_police_0060_seg01.wav,Salah Kamar (Tertukar),POLICE,AMBULANCE,C:\Users\ASUS\Videos\DATASET\TRASH\audit_hasil_pemisahan\salah_kamar\FROM_POLICE_TO_AMBULANCE_aug_pitch_2395_police_0060_seg01.wav
742,FROM_POLICE_TO_AMBULANCE_aug_pitch_2483_police_0003_seg08.wav,Salah Kamar (Tertukar),POLICE,AMBULANCE,C:\Users\ASUS\Videos\DATASET\TRASH\audit_hasil_pemisahan\salah_kamar\FROM_POLICE_TO_AMBULANCE_aug_pitch_2483_police_0003_seg08.wav
743,FROM_POLICE_TO_AMBULANCE_aug_pitch_2512_police_0208_seg01.wav,Salah Kamar (Tertukar),POLICE,AMBULANCE,C:\Users\ASUS\Videos\DATASET\TRASH\audit_hasil_pemisahan\salah_kamar\FROM_POLICE_TO_AMBULANCE_aug_pitch_2512_police_0208_seg01.wav
744,FROM_POLICE_TO_AMBULANCE_aug_pitch_2521_police_0222_noise_light.wav,Salah Kamar (Tertukar),POLICE,AMBULANCE,C:\Users\ASUS\Videos\DATASET\TRASH\audit_hasil_pemisahan\salah_kamar\FROM_POLICE_TO_AMBULANCE_aug_pitch_2521_police_0222_noise_light.wav
745,FROM_POLICE_TO_AMBULANCE_aug_pitch_2539_police_0298_original.wav,Salah Kamar (Tertukar),POLICE,AMBULANCE,C:\Users\ASUS\Videos\DATASET\TRASH\audit_hasil_pemisahan\salah_kamar\FROM_POLICE_TO_AMBULANCE_aug_pitch_2539_police_0298_original.wav
746,FROM_POLICE_TO_AMBULANCE_aug_pitch_2546_police_0113_noise_light.wav,Salah Kamar (Tertukar),POLICE,AMBULANCE,C:\Users\ASUS\Videos\DATASET\TRASH\audit_hasil_pemisahan\salah_kamar\FROM_POLICE_TO_AMBULANCE_aug_pitch_2546_police_0113_noise_light.wav
747,FROM_POLICE_TO_AMBULANCE_aug_pitch_2568_police_0036_seg01.wav,Salah Kamar (Tertukar),POLICE,AMBULANCE,C:\Users\ASUS\Videos\DATASET\TRASH\audit_hasil_pemisahan\salah_kamar\FROM_POLICE_TO_AMBULANCE_aug_pitch_2568_police_0036_seg01.wav
748,FROM_POLICE_TO_AMBULANCE_aug_pitch_2951_sound_631.wav,Salah Kamar (Tertukar),POLICE,AMBULANCE,C:\Users\ASUS\Videos\DATASET\TRASH\audit_hasil_pemisahan\salah_kamar\FROM_POLICE_TO_AMBULANCE_aug_pitch_2951_sound_631.wav
749,FROM_POLICE_TO_AMBULANCE_aug_pitch_3070_sound_733.wav,Salah Kamar (Tertukar),POLICE,AMBULANCE,C:\Users\ASUS\Videos\DATASET\TRASH\audit_hasil_pemisahan\salah_kamar\FROM_POLICE_TO_AMBULANCE_aug_pitch_3070_sound_733.wav
750,FROM_POLICE_TO_AMBULANCE_aug_pitch_3086_police_0290_noise_light.wav,Salah Kamar (Tertukar),POLICE,AMBULANCE,C:\Users\ASUS\Videos\DATASET\TRASH\audit_hasil_pemisahan\salah_kamar\FROM_POLICE_TO_AMBULANCE_aug_pitch_3086_police_0290_noise_light.wav
751,FROM_POLICE_TO_AMBULANCE_aug_pitch_3135_police_0111_seg01.wav,Salah Kamar (Tertukar),POLICE,AMBULANCE,C:\Users\ASUS\Videos\DATASET\TRASH\audit_hasil_pemisahan\salah_kamar\FROM_POLICE_TO_AMBULANCE_aug_pitch_3135_police_0111_seg01.wav
752,FROM_POLICE_TO_AMBULANCE_aug_pitch_3179_police_0166_noise_light.wav,Salah Kamar (Tertukar),POLICE,AMBULANCE,C:\Users\ASUS\Videos\DATASET\TRASH\audit_hasil_pemisahan\salah_kamar\FROM_POLICE_TO_AMBULANCE_aug_pitch_3179_police_0166_noise_light.wav
753,FROM_POLICE_TO_AMBULANCE_aug_pitch_3346_police_0421_seg01.wav,Salah Kamar (Tertukar),POLICE,AMBULANCE,C:\Users\ASUS\Videos\DATASET\TRASH\audit_hasil_pemisahan\salah_kamar\FROM_POLICE_TO_AMBULANCE_aug_pitch_3346_police_0421_seg01.wav
754,FROM_POLICE_TO_AMBULANCE_aug_pitch_3464_police_0433_seg01.wav,Salah Kamar (Tertukar),POLICE,AMBULANCE,C:\Users\ASUS\Videos\DATASET\TRASH\audit_hasil_pemisahan\salah_kamar\FROM_POLICE_TO_AMBULANCE_aug_pitch_3464_police_0433_seg01.wav
755,FROM_POLICE_TO_AMBULANCE_aug_pitch_3583_police_0251_noise_light.wav,Salah Kamar (Tertukar),POLICE,AMBULANCE,C:\Users\ASUS\Videos\DATASET\TRASH\audit_hasil_pemisahan\salah_kamar\FROM_POLICE_TO_AMBULANCE_aug_pitch_3583_police_0251_noise_light.wav
756,FROM_POLICE_TO_AMBULANCE_aug_pitch_3675_police_0395_seg01.wav,Salah Kamar (Tertukar),POLICE,AMBULANCE,C:\Users\ASUS\Videos\DATASET\TRASH\audit_hasil_pemisahan\salah_kamar\FROM_POLICE_TO_AMBULANCE_aug_pitch_3675_police_0395_seg01.wav
757,FROM_POLICE_TO_AMBULANCE_aug_pitch_3739_police_0324_noise_light.wav,Salah Kamar (Tertukar),POLICE,AMBULANCE,C:\Users\ASUS\Videos\DATASET\TRASH\audit_hasil_pemisahan\salah_kamar\FROM_POLICE_TO_AMBULANCE_aug_pitch_3739_police_0324_noise_light.wav
758,FROM_POLICE_TO_AMBULANCE_aug_pitch_3753_police_0001_seg25.wav,Salah Kamar (Tertukar),POLICE,AMBULANCE,C:\Users\ASUS\Videos\DATASET\TRASH\audit_hasil_pemisahan\salah_kamar\FROM_POLICE_TO_AMBULANCE_aug_pitch_3753_police_0001_seg25.wav
759,FROM_POLICE_TO_AMBULANCE_aug_pitch_3849_police_0404_seg01.wav,Salah Kamar (Tertukar),POLICE,AMBULANCE,C:\Users\ASUS\Videos\DATASET\TRASH\audit_hasil_pemisahan\salah_kamar\FROM_POLICE_TO_AMBULANCE_aug_pitch_3849_police_0404_seg01.wav
760,FROM_POLICE_TO_AMBULANCE_aug_pitch_3886_police_0251_original.wav,Salah Kamar (Tertukar),POLICE,AMBULANCE,C:\Users\ASUS\Videos\DATASET\TRASH\audit_hasil_pemisahan\salah_kamar\FROM_POLICE_TO_AMBULANCE_aug_pitch_3886_police_0251_original.wav
761,FROM_POLICE_TO_AMBULANCE_aug_pitch_4083_police_0001_seg59.wav,Salah Kamar (Tertukar),POLICE,AMBULANCE,C:\Users\ASUS\Videos\DATASET\TRASH\audit_hasil_pemisahan\salah_kamar\FROM_POLICE_TO_AMBULANCE_aug_pitch_4083_police_0001_seg59.wav
762,FROM_POLICE_TO_AMBULANCE_aug_pitch_4088_police_0284_noise_light.wav,Salah Kamar (Tertukar),POLICE,AMBULANCE,C:\Users\ASUS\Videos\DATASET\TRASH\audit_hasil_pemisahan\salah_kamar\FROM_POLICE_TO_AMBULANCE_aug_pitch_4088_police_0284_noise_light.wav
763,FROM_POLICE_TO_AMBULANCE_aug_pitch_4165_police_0182_noise_light.wav,Salah Kamar (Tertukar),POLICE,AMBULANCE,C:\Users\ASUS\Videos\DATASET\TRASH\audit_hasil_pemisahan\salah_kamar\FROM_POLICE_TO_AMBULANCE_aug_pitch_4165_police_0182_noise_light.wav
764,FROM_POLICE_TO_AMBULANCE_aug_pitch_4275_sound_747_1.wav,Salah Kamar (Tertukar),POLICE,AMBULANCE,C:\Users\ASUS\Videos\DATASET\TRASH\audit_hasil_pemisahan\salah_kamar\FROM_POLICE_TO_AMBULANCE_aug_pitch_4275_sound_747_1.wav
765,FROM_POLICE_TO_AMBULANCE_aug_pitch_4395_police_0374_shift.wav,Salah Kamar (Tertukar),POLICE,AMBULANCE,C:\Users\ASUS\Videos\DATASET\TRASH\audit_hasil_pemisahan\salah_kamar\FROM_POLICE_TO_AMBULANCE_aug_pitch_4395_police_0374_shift.wav
766,FROM_POLICE_TO_AMBULANCE_aug_pitch_4424_police_0115_seg01.wav,Salah Kamar (Tertukar),POLICE,AMBULANCE,C:\Users\ASUS\Videos\DATASET\TRASH\audit_hasil_pemisahan\salah_kamar\FROM_POLICE_TO_AMBULANCE_aug_pitch_4424_police_0115_seg01.wav
767,FROM_POLICE_TO_AMBULANCE_aug_pitch_4433_police_0386_seg01.wav,Salah Kamar (Tertukar),POLICE,AMBULANCE,C:\Users\ASUS\Videos\DATASET\TRASH\audit_hasil_pemisahan\salah_kamar\FROM_POLICE_TO_AMBULANCE_aug_pitch_4433_police_0386_seg01.wav
768,FROM_POLICE_TO_AMBULANCE_aug_pitch_4571_police_0017_shift.wav,Salah Kamar (Tertukar),POLICE,AMBULANCE,C:\Users\ASUS\Videos\DATASET\TRASH\audit_hasil_pemisahan\salah_kamar\FROM_POLICE_TO_AMBULANCE_aug_pitch_4571_police_0017_shift.wav
769,FROM_POLICE_TO_AMBULANCE_aug_pitch_4597_police_0332_loud.wav,Salah Kamar (Tertukar),POLICE,AMBULANCE,C:\Users\ASUS\Videos\DATASET\TRASH\audit_hasil_pemisahan\salah_kamar\FROM_POLICE_TO_AMBULANCE_aug_pitch_4597_police_0332_loud.wav
770,FROM_POLICE_TO_AMBULANCE_aug_pitch_4629_police_0308_seg01.wav,Salah Kamar (Tertukar),POLICE,AMBULANCE,C:\Users\ASUS\Videos\DATASET\TRASH\audit_hasil_pemisahan\salah_kamar\FROM_POLICE_TO_AMBULANCE_aug_pitch_4629_police_0308_seg01.wav
771,FROM_POLICE_TO_AMBULANCE_aug_pitch_4853_sound_729_1.wav,Salah Kamar (Tertukar),POLICE,AMBULANCE,C:\Users\ASUS\Videos\DATASET\TRASH\audit_hasil_pemisahan\salah_kamar\FROM_POLICE_TO_AMBULANCE_aug_pitch_4853_sound_729_1.wav
772,FROM_POLICE_TO_AMBULANCE_aug_pitch_4994_police_0047_original.wav,Salah Kamar (Tertukar),POLICE,AMBULANCE,C:\Users\ASUS\Videos\DATASET\TRASH\audit_hasil_pemisahan\salah_kamar\FROM_POLICE_TO_AMBULANCE_aug_pitch_4994_police_0047_original.wav
773,FROM_POLICE_TO_AMBULANCE_aug_pitch_4995_police_0004_noise_light.wav,Salah Kamar (Tertukar),POLICE,AMBULANCE,C:\Users\ASUS\Videos\DATASET\TRASH\audit_hasil_pemisahan\salah_kamar\FROM_POLICE_TO_AMBULANCE_aug_pitch_4995_police_0004_noise_light.wav
774,FROM_POLICE_TO_AMBULANCE_aug_pitch_5135_police_0174_seg01.wav,Salah Kamar (Tertukar),POLICE,AMBULANCE,C:\Users\ASUS\Videos\DATASET\TRASH\audit_hasil_pemisahan\salah_kamar\FROM_POLICE_TO_AMBULANCE_aug_pitch_5135_police_0174_seg01.wav
775,FROM_POLICE_TO_AMBULANCE_aug_pitch_5145_police_0271_original.wav,Salah Kamar (Tertukar),POLICE,AMBULANCE,C:\Users\ASUS\Videos\DATASET\TRASH\audit_hasil_pemisahan\salah_kamar\FROM_POLICE_TO_AMBULANCE_aug_pitch_5145_police_0271_original.wav
776,FROM_POLICE_TO_AMBULANCE_aug_pitch_5168_police_0048_seg01.wav,Salah Kamar (Tertukar),POLICE,AMBULANCE,C:\Users\ASUS\Videos\DATASET\TRASH\audit_hasil_pemisahan\salah_kamar\FROM_POLICE_TO_AMBULANCE_aug_pitch_5168_police_0048_seg01.wav
777,FROM_POLICE_TO_AMBULANCE_aug_pitch_5326_police_0202_seg01.wav,Salah Kamar (Tertukar),POLICE,AMBULANCE,C:\Users\ASUS\Videos\DATASET\TRASH\audit_hasil_pemisahan\salah_kamar\FROM_POLICE_TO_AMBULANCE_aug_pitch_5326_police_0202_seg01.wav
778,FROM_POLICE_TO_AMBULANCE_aug_pitch_5329_police_0027_noise_light.wav,Salah Kamar (Tertukar),POLICE,AMBULANCE,C:\Users\ASUS\Videos\DATASET\TRASH\audit_hasil_pemisahan\salah_kamar\FROM_POLICE_TO_AMBULANCE_aug_pitch_5329_police_0027_noise_light.wav
779,FROM_POLICE_TO_AMBULANCE_aug_pitch_5460_police_0192_seg01.wav,Salah Kamar (Tertukar),POLICE,AMBULANCE,C:\Users\ASUS\Videos\DATASET\TRASH\audit_hasil_pemisahan\salah_kamar\FROM_POLICE_TO_AMBULANCE_aug_pitch_5460_police_0192_seg01.wav
780,FROM_POLICE_TO_AMBULANCE_aug_pitch_5464_sound_2014.wav,Salah Kamar (Tertukar),POLICE,AMBULANCE,C:\Users\ASUS\Videos\DATASET\TRASH\audit_hasil_pemisahan\salah_kamar\FROM_POLICE_TO_AMBULANCE_aug_pitch_5464_sound_2014.wav
781,FROM_POLICE_TO_AMBULANCE_aug_pitch_5495_police_0097_seg01.wav,Salah Kamar (Tertukar),POLICE,AMBULANCE,C:\Users\ASUS\Videos\DATASET\TRASH\audit_hasil_pemisahan\salah_kamar\FROM_POLICE_TO_AMBULANCE_aug_pitch_5495_police_0097_seg01.wav
782,FROM_POLICE_TO_AMBULANCE_aug_pitch_5512_police_0227_loud.wav,Salah Kamar (Tertukar),POLICE,AMBULANCE,C:\Users\ASUS\Videos\DATASET\TRASH\audit_hasil_pemisahan\salah_kamar\FROM_POLICE_TO_AMBULANCE_aug_pitch_5512_police_0227_loud.wav
783,FROM_POLICE_TO_AMBULANCE_aug_pitch_5551_police_0196_seg01.wav,Salah Kamar (Tertukar),POLICE,AMBULANCE,C:\Users\ASUS\Videos\DATASET\TRASH\audit_hasil_pemisahan\salah_kamar\FROM_POLICE_TO_AMBULANCE_aug_pitch_5551_police_0196_seg01.wav
784,FROM_POLICE_TO_AMBULANCE_aug_pitch_5708_police_0394_original.wav,Salah Kamar (Tertukar),POLICE,AMBULANCE,C:\Users\ASUS\Videos\DATASET\TRASH\audit_hasil_pemisahan\salah_kamar\FROM_POLICE_TO_AMBULANCE_aug_pitch_5708_police_0394_original.wav
785,FROM_POLICE_TO_AMBULANCE_aug_pitch_5770_police_0114_shift.wav,Salah Kamar (Tertukar),POLICE,AMBULANCE,C:\Users\ASUS\Videos\DATASET\TRASH\audit_hasil_pemisahan\salah_kamar\FROM_POLICE_TO_AMBULANCE_aug_pitch_5770_police_0114_shift.wav
786,FROM_POLICE_TO_AMBULANCE_aug_pitch_5782_sound_601_1.wav,Salah Kamar (Tertukar),POLICE,AMBULANCE,C:\Users\ASUS\Videos\DATASET\TRASH\audit_hasil_pemisahan\salah_kamar\FROM_POLICE_TO_AMBULANCE_aug_pitch_5782_sound_601_1.wav
787,FROM_POLICE_TO_AMBULANCE_aug_pitch_5853_sound_602.wav,Salah Kamar (Tertukar),POLICE,AMBULANCE,C:\Users\ASUS\Videos\DATASET\TRASH\audit_hasil_pemisahan\salah_kamar\FROM_POLICE_TO_AMBULANCE_aug_pitch_5853_sound_602.wav
788,FROM_POLICE_TO_AMBULANCE_aug_pitch_5868_sound_704.wav,Salah Kamar (Tertukar),POLICE,AMBULANCE,C:\Users\ASUS\Videos\DATASET\TRASH\audit_hasil_pemisahan\salah_kamar\FROM_POLICE_TO_AMBULANCE_aug_pitch_5868_sound_704.wav
789,FROM_POLICE_TO_AMBULANCE_aug_pitch_5950_police_0054_shift.wav,Salah Kamar (Tertukar),POLICE,AMBULANCE,C:\Users\ASUS\Videos\DATASET\TRASH\audit_hasil_pemisahan\salah_kamar\FROM_POLICE_TO_AMBULANCE_aug_pitch_5950_police_0054_shift.wav
790,FROM_POLICE_TO_AMBULANCE_aug_pitch_5968_police_0050_shift.wav,Salah Kamar (Tertukar),POLICE,AMBULANCE,C:\Users\ASUS\Videos\DATASET\TRASH\audit_hasil_pemisahan\salah_kamar\FROM_POLICE_TO_AMBULANCE_aug_pitch_5968_police_0050_shift.wav
791,FROM_POLICE_TO_AMBULANCE_aug_pitch_6046_police_0001_seg22.wav,Salah Kamar (Tertukar),POLICE,AMBULANCE,C:\Users\ASUS\Videos\DATASET\TRASH\audit_hasil_pemisahan\salah_kamar\FROM_POLICE_TO_AMBULANCE_aug_pitch_6046_police_0001_seg22.wav
792,FROM_POLICE_TO_AMBULANCE_aug_pitch_6145_police_0029_original.wav,Salah Kamar (Tertukar),POLICE,AMBULANCE,C:\Users\ASUS\Videos\DATASET\TRASH\audit_hasil_pemisahan\salah_kamar\FROM_POLICE_TO_AMBULANCE_aug_pitch_6145_police_0029_original.wav
793,FROM_POLICE_TO_AMBULANCE_aug_pitch_6201_police_0439_shift.wav,Salah Kamar (Tertukar),POLICE,AMBULANCE,C:\Users\ASUS\Videos\DATASET\TRASH\audit_hasil_pemisahan\salah_kamar\FROM_POLICE_TO_AMBULANCE_aug_pitch_6201_police_0439_shift.wav
794,FROM_POLICE_TO_AMBULANCE_aug_pitch_6270_police_0001_seg36.wav,Salah Kamar (Tertukar),POLICE,AMBULANCE,C:\Users\ASUS\Videos\DATASET\TRASH\audit_hasil_pemisahan\salah_kamar\FROM_POLICE_TO_AMBULANCE_aug_pitch_6270_police_0001_seg36.wav
795,FROM_POLICE_TO_AMBULANCE_aug_pitch_6290_police_0141_original.wav,Salah Kamar (Tertukar),POLICE,AMBULANCE,C:\Users\ASUS\Videos\DATASET\TRASH\audit_hasil_pemisahan\salah_kamar\FROM_POLICE_TO_AMBULANCE_aug_pitch_6290_police_0141_original.wav
796,FROM_POLICE_TO_AMBULANCE_aug_pitch_6401_police_0015_shift.wav,Salah Kamar (Tertukar),POLICE,AMBULANCE,C:\Users\ASUS\Videos\DATASET\TRASH\audit_hasil_pemisahan\salah_kamar\FROM_POLICE_TO_AMBULANCE_aug_pitch_6401_police_0015_shift.wav
797,FROM_POLICE_TO_AMBULANCE_aug_pitch_6481_police_0223_original.wav,Salah Kamar (Tertukar),POLICE,AMBULANCE,C:\Users\ASUS\Videos\DATASET\TRASH\audit_hasil_pemisahan\salah_kamar\FROM_POLICE_TO_AMBULANCE_aug_pitch_6481_police_0223_original.wav
798,FROM_POLICE_TO_AMBULANCE_aug_pitch_6630_sound_792.wav,Salah Kamar (Tertukar),POLICE,AMBULANCE,C:\Users\ASUS\Videos\DATASET\TRASH\audit_hasil_pemisahan\salah_kamar\FROM_POLICE_TO_AMBULANCE_aug_pitch_6630_sound_792.wav
799,FROM_POLICE_TO_AMBULANCE_aug_pitch_6698_police_0235_shift.wav,Salah Kamar (Tertukar),POLICE,AMBULANCE,C:\Users\ASUS\Videos\DATASET\TRASH\audit_hasil_pemisahan\salah_kamar\FROM_POLICE_TO_AMBULANCE_aug_pitch_6698_police_0235_shift.wav
800,FROM_POLICE_TO_AMBULANCE_aug_pitch_6770_police_0238_shift.wav,Salah Kamar (Tertukar),POLICE,AMBULANCE,C:\Users\ASUS\Videos\DATASET\TRASH\audit_hasil_pemisahan\salah_kamar\FROM_POLICE_TO_AMBULANCE_aug_pitch_6770_police_0238_shift.wav
801,FROM_POLICE_TO_AMBULANCE_aug_pitch_6784_police_0287_shift.wav,Salah Kamar (Tertukar),POLICE,AMBULANCE,C:\Users\ASUS\Videos\DATASET\TRASH\audit_hasil_pemisahan\salah_kamar\FROM_POLICE_TO_AMBULANCE_aug_pitch_6784_police_0287_shift.wav
802,FROM_POLICE_TO_AMBULANCE_aug_pitch_6941_police_0203_noise_light.wav,Salah Kamar (Tertukar),POLICE,AMBULANCE,C:\Users\ASUS\Videos\DATASET\TRASH\audit_hasil_pemisahan\salah_kamar\FROM_POLICE_TO_AMBULANCE_aug_pitch_6941_police_0203_noise_light.wav
803,FROM_POLICE_TO_AMBULANCE_aug_pitch_6962_police_0387_seg01.wav,Salah Kamar (Tertukar),POLICE,AMBULANCE,C:\Users\ASUS\Videos\DATASET\TRASH\audit_hasil_pemisahan\salah_kamar\FROM_POLICE_TO_AMBULANCE_aug_pitch_6962_police_0387_seg01.wav
804,FROM_POLICE_TO_AMBULANCE_aug_pitch_6995_police_0262_seg01.wav,Salah Kamar (Tertukar),POLICE,AMBULANCE,C:\Users\ASUS\Videos\DATASET\TRASH\audit_hasil_pemisahan\salah_kamar\FROM_POLICE_TO_AMBULANCE_aug_pitch_6995_police_0262_seg01.wav
805,FROM_POLICE_TO_AMBULANCE_aug_pitch_7126_sound_2011.wav,Salah Kamar (Tertukar),POLICE,AMBULANCE,C:\Users\ASUS\Videos\DATASET\TRASH\audit_hasil_pemisahan\salah_kamar\FROM_POLICE_TO_AMBULANCE_aug_pitch_7126_sound_2011.wav
806,FROM_POLICE_TO_AMBULANCE_aug_pitch_7129_police_0437_seg01.wav,Salah Kamar (Tertukar),POLICE,AMBULANCE,C:\Users\ASUS\Videos\DATASET\TRASH\audit_hasil_pemisahan\salah_kamar\FROM_POLICE_TO_AMBULANCE_aug_pitch_7129_police_0437_seg01.wav
807,FROM_POLICE_TO_AMBULANCE_aug_pitch_7173_police_0140_original.wav,Salah Kamar (Tertukar),POLICE,AMBULANCE,C:\Users\ASUS\Videos\DATASET\TRASH\audit_hasil_pemisahan\salah_kamar\FROM_POLICE_TO_AMBULANCE_aug_pitch_7173_police_0140_original.wav
808,FROM_POLICE_TO_AMBULANCE_aug_pitch_7259_police_0007_noise_light.wav,Salah Kamar (Tertukar),POLICE,AMBULANCE,C:\Users\ASUS\Videos\DATASET\TRASH\audit_hasil_pemisahan\salah_kamar\FROM_POLICE_TO_AMBULANCE_aug_pitch_7259_police_0007_noise_light.wav
809,FROM_POLICE_TO_AMBULANCE_aug_pitch_7298_police_0003_seg11.wav,Salah Kamar (Tertukar),POLICE,AMBULANCE,C:\Users\ASUS\Videos\DATASET\TRASH\audit_hasil_pemisahan\salah_kamar\FROM_POLICE_TO_AMBULANCE_aug_pitch_7298_police_0003_seg11.wav
810,FROM_POLICE_TO_AMBULANCE_aug_pitch_7327_police_0016_seg01.wav,Salah Kamar (Tertukar),POLICE,AMBULANCE,C:\Users\ASUS\Videos\DATASET\TRASH\audit_hasil_pemisahan\salah_kamar\FROM_POLICE_TO_AMBULANCE_aug_pitch_7327_police_0016_seg01.wav
811,FROM_POLICE_TO_AMBULANCE_aug_pitch_7713_police_0113_original.wav,Salah Kamar (Tertukar),POLICE,AMBULANCE,C:\Users\ASUS\Videos\DATASET\TRASH\audit_hasil_pemisahan\salah_kamar\FROM_POLICE_TO_AMBULANCE_aug_pitch_7713_police_0113_original.wav
812,FROM_POLICE_TO_AMBULANCE_aug_pitch_7726_police_0092_original.wav,Salah Kamar (Tertukar),POLICE,AMBULANCE,C:\Users\ASUS\Videos\DATASET\TRASH\audit_hasil_pemisahan\salah_kamar\FROM_POLICE_TO_AMBULANCE_aug_pitch_7726_police_0092_original.wav
813,FROM_POLICE_TO_AMBULANCE_aug_pitch_7804_police_0182_original.wav,Salah Kamar (Tertukar),POLICE,AMBULANCE,C:\Users\ASUS\Videos\DATASET\TRASH\audit_hasil_pemisahan\salah_kamar\FROM_POLICE_TO_AMBULANCE_aug_pitch_7804_police_0182_original.wav
814,FROM_POLICE_TO_AMBULANCE_aug_pitch_7930_police_0037_noise_light.wav,Salah Kamar (Tertukar),POLICE,AMBULANCE,C:\Users\ASUS\Videos\DATASET\TRASH\audit_hasil_pemisahan\salah_kamar\FROM_POLICE_TO_AMBULANCE_aug_pitch_7930_police_0037_noise_light.wav
815,FROM_POLICE_TO_AMBULANCE_aug_pitch_8023_police_0085_seg01.wav,Salah Kamar (Tertukar),POLICE,AMBULANCE,C:\Users\ASUS\Videos\DATASET\TRASH\audit_hasil_pemisahan\salah_kamar\FROM_POLICE_TO_AMBULANCE_aug_pitch_8023_police_0085_seg01.wav
816,FROM_POLICE_TO_AMBULANCE_aug_pitch_8034_sound_791_1.wav,Salah Kamar (Tertukar),POLICE,AMBULANCE,C:\Users\ASUS\Videos\DATASET\TRASH\audit_hasil_pemisahan\salah_kamar\FROM_POLICE_TO_AMBULANCE_aug_pitch_8034_sound_791_1.wav
817,FROM_POLICE_TO_AMBULANCE_aug_pitch_8139_police_0001_seg37.wav,Salah Kamar (Tertukar),POLICE,AMBULANCE,C:\Users\ASUS\Videos\DATASET\TRASH\audit_hasil_pemisahan\salah_kamar\FROM_POLICE_TO_AMBULANCE_aug_pitch_8139_police_0001_seg37.wav
818,FROM_POLICE_TO_AMBULANCE_aug_pitch_8197_sound_628.wav,Salah Kamar (Tertukar),POLICE,AMBULANCE,C:\Users\ASUS\Videos\DATASET\TRASH\audit_hasil_pemisahan\salah_kamar\FROM_POLICE_TO_AMBULANCE_aug_pitch_8197_sound_628.wav
819,FROM_POLICE_TO_AMBULANCE_aug_pitch_8250_police_0041_original.wav,Salah Kamar (Tertukar),POLICE,AMBULANCE,C:\Users\ASUS\Videos\DATASET\TRASH\audit_hasil_pemisahan\salah_kamar\FROM_POLICE_TO_AMBULANCE_aug_pitch_8250_police_0041_original.wav
820,FROM_POLICE_TO_AMBULANCE_aug_pitch_8265_police_0001_seg02.wav,Salah Kamar (Tertukar),POLICE,AMBULANCE,C:\Users\ASUS\Videos\DATASET\TRASH\audit_hasil_pemisahan\salah_kamar\FROM_POLICE_TO_AMBULANCE_aug_pitch_8265_police_0001_seg02.wav
821,FROM_POLICE_TO_AMBULANCE_aug_pitch_8371_police_0030_seg01.wav,Salah Kamar (Tertukar),POLICE,AMBULANCE,C:\Users\ASUS\Videos\DATASET\TRASH\audit_hasil_pemisahan\salah_kamar\FROM_POLICE_TO_AMBULANCE_aug_pitch_8371_police_0030_seg01.wav
822,FROM_POLICE_TO_AMBULANCE_aug_pitch_8427_police_0094_noise_light.wav,Salah Kamar (Tertukar),POLICE,AMBULANCE,C:\Users\ASUS\Videos\DATASET\TRASH\audit_hasil_pemisahan\salah_kamar\FROM_POLICE_TO_AMBULANCE_aug_pitch_8427_police_0094_noise_light.wav
823,FROM_POLICE_TO_AMBULANCE_aug_pitch_8680_police_0096_seg01.wav,Salah Kamar (Tertukar),POLICE,AMBULANCE,C:\Users\ASUS\Videos\DATASET\TRASH\audit_hasil_pemisahan\salah_kamar\FROM_POLICE_TO_AMBULANCE_aug_pitch_8680_police_0096_seg01.wav
824,FROM_POLICE_TO_AMBULANCE_aug_pitch_8738_police_0445_noise_light.wav,Salah Kamar (Tertukar),POLICE,AMBULANCE,C:\Users\ASUS\Videos\DATASET\TRASH\audit_hasil_pemisahan\salah_kamar\FROM_POLICE_TO_AMBULANCE_aug_pitch_8738_police_0445_noise_light.wav
825,FROM_POLICE_TO_AMBULANCE_aug_pitch_8850_police_0416_noise_light.wav,Salah Kamar (Tertukar),POLICE,AMBULANCE,C:\Users\ASUS\Videos\DATASET\TRASH\audit_hasil_pemisahan\salah_kamar\FROM_POLICE_TO_AMBULANCE_aug_pitch_8850_police_0416_noise_light.wav
826,FROM_POLICE_TO_AMBULANCE_aug_pitch_8926_police_0001_seg38.wav,Salah Kamar (Tertukar),POLICE,AMBULANCE,C:\Users\ASUS\Videos\DATASET\TRASH\audit_hasil_pemisahan\salah_kamar\FROM_POLICE_TO_AMBULANCE_aug_pitch_8926_police_0001_seg38.wav
827,FROM_POLICE_TO_AMBULANCE_aug_pitch_8969_police_0007_seg01.wav,Salah Kamar (Tertukar),POLICE,AMBULANCE,C:\Users\ASUS\Videos\DATASET\TRASH\audit_hasil_pemisahan\salah_kamar\FROM_POLICE_TO_AMBULANCE_aug_pitch_8969_police_0007_seg01.wav
828,FROM_POLICE_TO_AMBULANCE_aug_pitch_9117_police_0003_seg19.wav,Salah Kamar (Tertukar),POLICE,AMBULANCE,C:\Users\ASUS\Videos\DATASET\TRASH\audit_hasil_pemisahan\salah_kamar\FROM_POLICE_TO_AMBULANCE_aug_pitch_9117_police_0003_seg19.wav
829,FROM_POLICE_TO_AMBULANCE_aug_pitch_9175_police_0201_shift.wav,Salah Kamar (Tertukar),POLICE,AMBULANCE,C:\Users\ASUS\Videos\DATASET\TRASH\audit_hasil_pemisahan\salah_kamar\FROM_POLICE_TO_AMBULANCE_aug_pitch_9175_police_0201_shift.wav
830,FROM_POLICE_TO_AMBULANCE_aug_pitch_9208_police_0001_seg28.wav,Salah Kamar (Tertukar),POLICE,AMBULANCE,C:\Users\ASUS\Videos\DATASET\TRASH\audit_hasil_pemisahan\salah_kamar\FROM_POLICE_TO_AMBULANCE_aug_pitch_9208_police_0001_seg28.wav
831,FROM_POLICE_TO_AMBULANCE_aug_pitch_9325_police_0349_seg01.wav,Salah Kamar (Tertukar),POLICE,AMBULANCE,C:\Users\ASUS\Videos\DATASET\TRASH\audit_hasil_pemisahan\salah_kamar\FROM_POLICE_TO_AMBULANCE_aug_pitch_9325_police_0349_seg01.wav
832,FROM_POLICE_TO_AMBULANCE_aug_pitch_9434_police_0437_seg01.wav,Salah Kamar (Tertukar),POLICE,AMBULANCE,C:\Users\ASUS\Videos\DATASET\TRASH\audit_hasil_pemisahan\salah_kamar\FROM_POLICE_TO_AMBULANCE_aug_pitch_9434_police_0437_seg01.wav
833,FROM_POLICE_TO_AMBULANCE_aug_pitch_9451_police_0183_original.wav,Salah Kamar (Tertukar),POLICE,AMBULANCE,C:\Users\ASUS\Videos\DATASET\TRASH\audit_hasil_pemisahan\salah_kamar\FROM_POLICE_TO_AMBULANCE_aug_pitch_9451_police_0183_original.wav
834,FROM_POLICE_TO_AMBULANCE_aug_pitch_9577_police_0226_shift.wav,Salah Kamar (Tertukar),POLICE,AMBULANCE,C:\Users\ASUS\Videos\DATASET\TRASH\audit_hasil_pemisahan\salah_kamar\FROM_POLICE_TO_AMBULANCE_aug_pitch_9577_police_0226_shift.wav
835,FROM_POLICE_TO_AMBULANCE_aug_pitch_9602_police_0079_seg01.wav,Salah Kamar (Tertukar),POLICE,AMBULANCE,C:\Users\ASUS\Videos\DATASET\TRASH\audit_hasil_pemisahan\salah_kamar\FROM_POLICE_TO_AMBULANCE_aug_pitch_9602_police_0079_seg01.wav
836,FROM_POLICE_TO_AMBULANCE_aug_pitch_9715_police_0016_seg01.wav,Salah Kamar (Tertukar),POLICE,AMBULANCE,C:\Users\ASUS\Videos\DATASET\TRASH\audit_hasil_pemisahan\salah_kamar\FROM_POLICE_TO_AMBULANCE_aug_pitch_9715_police_0016_seg01.wav
837,FROM_POLICE_TO_AMBULANCE_aug_pitch_9856_sound_750.wav,Salah Kamar (Tertukar),POLICE,AMBULANCE,C:\Users\ASUS\Videos\DATASET\TRASH\audit_hasil_pemisahan\salah_kamar\FROM_POLICE_TO_AMBULANCE_aug_pitch_9856_sound_750.wav
838,FROM_POLICE_TO_AMBULANCE_aug_pitch_9922_police_0014_noise_light.wav,Salah Kamar (Tertukar),POLICE,AMBULANCE,C:\Users\ASUS\Videos\DATASET\TRASH\audit_hasil_pemisahan\salah_kamar\FROM_POLICE_TO_AMBULANCE_aug_pitch_9922_police_0014_noise_light.wav
839,FROM_POLICE_TO_AMBULANCE_aug_pitch_sound_206.wav,Salah Kamar (Tertukar),POLICE,AMBULANCE,C:\Users\ASUS\Videos\DATASET\TRASH\audit_hasil_pemisahan\salah_kamar\FROM_POLICE_TO_AMBULANCE_aug_pitch_sound_206.wav
840,FROM_POLICE_TO_AMBULANCE_aug_stretch_1002_police_0428_noise_light.wav,Salah Kamar (Tertukar),POLICE,AMBULANCE,C:\Users\ASUS\Videos\DATASET\TRASH\audit_hasil_pemisahan\salah_kamar\FROM_POLICE_TO_AMBULANCE_aug_stretch_1002_police_0428_noise_light.wav
841,FROM_POLICE_TO_AMBULANCE_aug_stretch_1018_police_0027_noise_light.wav,Salah Kamar (Tertukar),POLICE,AMBULANCE,C:\Users\ASUS\Videos\DATASET\TRASH\audit_hasil_pemisahan\salah_kamar\FROM_POLICE_TO_AMBULANCE_aug_stretch_1018_police_0027_noise_light.wav
842,FROM_POLICE_TO_AMBULANCE_aug_stretch_1054_sound_624.wav,Salah Kamar (Tertukar),POLICE,AMBULANCE,C:\Users\ASUS\Videos\DATASET\TRASH\audit_hasil_pemisahan\salah_kamar\FROM_POLICE_TO_AMBULANCE_aug_stretch_1054_sound_624.wav
843,FROM_POLICE_TO_AMBULANCE_aug_stretch_1074_police_0153_original.wav,Salah Kamar (Tertukar),POLICE,AMBULANCE,C:\Users\ASUS\Videos\DATASET\TRASH\audit_hasil_pemisahan\salah_kamar\FROM_POLICE_TO_AMBULANCE_aug_stretch_1074_police_0153_original.wav
844,FROM_POLICE_TO_AMBULANCE_aug_stretch_1082_police_0083_shift.wav,Salah Kamar (Tertukar),POLICE,AMBULANCE,C:\Users\ASUS\Videos\DATASET\TRASH\audit_hasil_pemisahan\salah_kamar\FROM_POLICE_TO_AMBULANCE_aug_stretch_1082_police_0083_shift.wav
845,FROM_POLICE_TO_AMBULANCE_aug_stretch_1205_police_0298_noise_light.wav,Salah Kamar (Tertukar),POLICE,AMBULANCE,C:\Users\ASUS\Videos\DATASET\TRASH\audit_hasil_pemisahan\salah_kamar\FROM_POLICE_TO_AMBULANCE_aug_stretch_1205_police_0298_noise_light.wav
846,FROM_POLICE_TO_AMBULANCE_aug_stretch_1299_police_0428_noise_light.wav,Salah Kamar (Tertukar),POLICE,AMBULANCE,C:\Users\ASUS\Videos\DATASET\TRASH\audit_hasil_pemisahan\salah_kamar\FROM_POLICE_TO_AMBULANCE_aug_stretch_1299_police_0428_noise_light.wav
847,FROM_POLICE_TO_AMBULANCE_aug_stretch_1409_police_0013_original.wav,Salah Kamar (Tertukar),POLICE,AMBULANCE,C:\Users\ASUS\Videos\DATASET\TRASH\audit_hasil_pemisahan\salah_kamar\FROM_POLICE_TO_AMBULANCE_aug_stretch_1409_police_0013_original.wav
848,FROM_POLICE_TO_AMBULANCE_aug_stretch_1462_police_0003_seg15.wav,Salah Kamar (Tertukar),POLICE,AMBULANCE,C:\Users\ASUS\Videos\DATASET\TRASH\audit_hasil_pemisahan\salah_kamar\FROM_POLICE_TO_AMBULANCE_aug_stretch_1462_police_0003_seg15.wav
849,FROM_POLICE_TO_AMBULANCE_aug_stretch_1598_police_0217_shift.wav,Salah Kamar (Tertukar),POLICE,AMBULANCE,C:\Users\ASUS\Videos\DATASET\TRASH\audit_hasil_pemisahan\salah_kamar\FROM_POLICE_TO_AMBULANCE_aug_stretch_1598_police_0217_shift.wav
850,FROM_POLICE_TO_AMBULANCE_aug_stretch_1658_police_0087_shift.wav,Salah Kamar (Tertukar),POLICE,AMBULANCE,C:\Users\ASUS\Videos\DATASET\TRASH\audit_hasil_pemisahan\salah_kamar\FROM_POLICE_TO_AMBULANCE_aug_stretch_1658_police_0087_shift.wav
851,FROM_POLICE_TO_AMBULANCE_aug_stretch_1676_police_0212_original.wav,Salah Kamar (Tertukar),POLICE,AMBULANCE,C:\Users\ASUS\Videos\DATASET\TRASH\audit_hasil_pemisahan\salah_kamar\FROM_POLICE_TO_AMBULANCE_aug_stretch_1676_police_0212_original.wav
852,FROM_POLICE_TO_AMBULANCE_aug_stretch_1676_police_0396_noise_light.wav,Salah Kamar (Tertukar),POLICE,AMBULANCE,C:\Users\ASUS\Videos\DATASET\TRASH\audit_hasil_pemisahan\salah_kamar\FROM_POLICE_TO_AMBULANCE_aug_stretch_1676_police_0396_noise_light.wav
853,FROM_POLICE_TO_AMBULANCE_aug_stretch_1824_police_0118_shift.wav,Salah Kamar (Tertukar),POLICE,AMBULANCE,C:\Users\ASUS\Videos\DATASET\TRASH\audit_hasil_pemisahan\salah_kamar\FROM_POLICE_TO_AMBULANCE_aug_stretch_1824_police_0118_shift.wav
854,FROM_POLICE_TO_AMBULANCE_aug_stretch_1828_police_0214_seg01.wav,Salah Kamar (Tertukar),POLICE,AMBULANCE,C:\Users\ASUS\Videos\DATASET\TRASH\audit_hasil_pemisahan\salah_kamar\FROM_POLICE_TO_AMBULANCE_aug_stretch_1828_police_0214_seg01.wav
855,FROM_POLICE_TO_AMBULANCE_aug_stretch_1869_police_0325_noise_light.wav,Salah Kamar (Tertukar),POLICE,AMBULANCE,C:\Users\ASUS\Videos\DATASET\TRASH\audit_hasil_pemisahan\salah_kamar\FROM_POLICE_TO_AMBULANCE_aug_stretch_1869_police_0325_noise_light.wav
856,FROM_POLICE_TO_AMBULANCE_aug_stretch_1890_police_0290_noise_light.wav,Salah Kamar (Tertukar),POLICE,AMBULANCE,C:\Users\ASUS\Videos\DATASET\TRASH\audit_hasil_pemisahan\salah_kamar\FROM_POLICE_TO_AMBULANCE_aug_stretch_1890_police_0290_noise_light.wav
857,FROM_POLICE_TO_AMBULANCE_aug_stretch_1978_police_0098_original.wav,Salah Kamar (Tertukar),POLICE,AMBULANCE,C:\Users\ASUS\Videos\DATASET\TRASH\audit_hasil_pemisahan\salah_kamar\FROM_POLICE_TO_AMBULANCE_aug_stretch_1978_police_0098_original.wav
858,FROM_POLICE_TO_AMBULANCE_aug_stretch_1981_police_0246_seg01.wav,Salah Kamar (Tertukar),POLICE,AMBULANCE,C:\Users\ASUS\Videos\DATASET\TRASH\audit_hasil_pemisahan\salah_kamar\FROM_POLICE_TO_AMBULANCE_aug_stretch_1981_police_0246_seg01.wav
859,FROM_POLICE_TO_AMBULANCE_aug_stretch_2035_police_0123_original.wav,Salah Kamar (Tertukar),POLICE,AMBULANCE,C:\Users\ASUS\Videos\DATASET\TRASH\audit_hasil_pemisahan\salah_kamar\FROM_POLICE_TO_AMBULANCE_aug_stretch_2035_police_0123_original.wav
860,FROM_POLICE_TO_AMBULANCE_aug_stretch_2059_police_0132_original.wav,Salah Kamar (Tertukar),POLICE,AMBULANCE,C:\Users\ASUS\Videos\DATASET\TRASH\audit_hasil_pemisahan\salah_kamar\FROM_POLICE_TO_AMBULANCE_aug_stretch_2059_police_0132_original.wav
861,FROM_POLICE_TO_AMBULANCE_aug_stretch_2168_police_0430_seg01.wav,Salah Kamar (Tertukar),POLICE,AMBULANCE,C:\Users\ASUS\Videos\DATASET\TRASH\audit_hasil_pemisahan\salah_kamar\FROM_POLICE_TO_AMBULANCE_aug_stretch_2168_police_0430_seg01.wav
862,FROM_POLICE_TO_AMBULANCE_aug_stretch_2349_police_0448_seg01.wav,Salah Kamar (Tertukar),POLICE,AMBULANCE,C:\Users\ASUS\Videos\DATASET\TRASH\audit_hasil_pemisahan\salah_kamar\FROM_POLICE_TO_AMBULANCE_aug_stretch_2349_police_0448_seg01.wav
863,FROM_POLICE_TO_AMBULANCE_aug_stretch_2419_police_0287_shift.wav,Salah Kamar (Tertukar),POLICE,AMBULANCE,C:\Users\ASUS\Videos\DATASET\TRASH\audit_hasil_pemisahan\salah_kamar\FROM_POLICE_TO_AMBULANCE_aug_stretch_2419_police_0287_shift.wav
864,FROM_POLICE_TO_AMBULANCE_aug_stretch_2687_sound_707.wav,Salah Kamar (Tertukar),POLICE,AMBULANCE,C:\Users\ASUS\Videos\DATASET\TRASH\audit_hasil_pemisahan\salah_kamar\FROM_POLICE_TO_AMBULANCE_aug_stretch_2687_sound_707.wav
865,FROM_POLICE_TO_AMBULANCE_aug_stretch_2709_police_0020_seg01.wav,Salah Kamar (Tertukar),POLICE,AMBULANCE,C:\Users\ASUS\Videos\DATASET\TRASH\audit_hasil_pemisahan\salah_kamar\FROM_POLICE_TO_AMBULANCE_aug_stretch_2709_police_0020_seg01.wav
866,FROM_POLICE_TO_AMBULANCE_aug_stretch_2738_police_0089_shift.wav,Salah Kamar (Tertukar),POLICE,AMBULANCE,C:\Users\ASUS\Videos\DATASET\TRASH\audit_hasil_pemisahan\salah_kamar\FROM_POLICE_TO_AMBULANCE_aug_stretch_2738_police_0089_shift.wav
867,FROM_POLICE_TO_AMBULANCE_aug_stretch_2840_police_0302_seg01.wav,Salah Kamar (Tertukar),POLICE,AMBULANCE,C:\Users\ASUS\Videos\DATASET\TRASH\audit_hasil_pemisahan\salah_kamar\FROM_POLICE_TO_AMBULANCE_aug_stretch_2840_police_0302_seg01.wav
868,FROM_POLICE_TO_AMBULANCE_aug_stretch_2855_police_0197_seg01.wav,Salah Kamar (Tertukar),POLICE,AMBULANCE,C:\Users\ASUS\Videos\DATASET\TRASH\audit_hasil_pemisahan\salah_kamar\FROM_POLICE_TO_AMBULANCE_aug_stretch_2855_police_0197_seg01.wav
869,FROM_POLICE_TO_AMBULANCE_aug_stretch_2911_police_0439_shift.wav,Salah Kamar (Tertukar),POLICE,AMBULANCE,C:\Users\ASUS\Videos\DATASET\TRASH\audit_hasil_pemisahan\salah_kamar\FROM_POLICE_TO_AMBULANCE_aug_stretch_2911_police_0439_shift.wav
870,FROM_POLICE_TO_AMBULANCE_aug_stretch_3011_police_0035_noise_light.wav,Salah Kamar (Tertukar),POLICE,AMBULANCE,C:\Users\ASUS\Videos\DATASET\TRASH\audit_hasil_pemisahan\salah_kamar\FROM_POLICE_TO_AMBULANCE_aug_stretch_3011_police_0035_noise_light.wav
871,FROM_POLICE_TO_AMBULANCE_aug_stretch_3048_police_0113_original.wav,Salah Kamar (Tertukar),POLICE,AMBULANCE,C:\Users\ASUS\Videos\DATASET\TRASH\audit_hasil_pemisahan\salah_kamar\FROM_POLICE_TO_AMBULANCE_aug_stretch_3048_police_0113_original.wav
872,FROM_POLICE_TO_AMBULANCE_aug_stretch_3115_police_0286_seg01.wav,Salah Kamar (Tertukar),POLICE,AMBULANCE,C:\Users\ASUS\Videos\DATASET\TRASH\audit_hasil_pemisahan\salah_kamar\FROM_POLICE_TO_AMBULANCE_aug_stretch_3115_police_0286_seg01.wav
873,FROM_POLICE_TO_AMBULANCE_aug_stretch_3273_police_0216_original.wav,Salah Kamar (Tertukar),POLICE,AMBULANCE,C:\Users\ASUS\Videos\DATASET\TRASH\audit_hasil_pemisahan\salah_kamar\FROM_POLICE_TO_AMBULANCE_aug_stretch_3273_police_0216_original.wav
874,FROM_POLICE_TO_AMBULANCE_aug_stretch_3301_police_0001_seg45.wav,Salah Kamar (Tertukar),POLICE,AMBULANCE,C:\Users\ASUS\Videos\DATASET\TRASH\audit_hasil_pemisahan\salah_kamar\FROM_POLICE_TO_AMBULANCE_aug_stretch_3301_police_0001_seg45.wav
875,FROM_POLICE_TO_AMBULANCE_aug_stretch_3347_police_0001_seg24.wav,Salah Kamar (Tertukar),POLICE,AMBULANCE,C:\Users\ASUS\Videos\DATASET\TRASH\audit_hasil_pemisahan\salah_kamar\FROM_POLICE_TO_AMBULANCE_aug_stretch_3347_police_0001_seg24.wav
876,FROM_POLICE_TO_AMBULANCE_aug_stretch_3438_police_0363_original.wav,Salah Kamar (Tertukar),POLICE,AMBULANCE,C:\Users\ASUS\Videos\DATASET\TRASH\audit_hasil_pemisahan\salah_kamar\FROM_POLICE_TO_AMBULANCE_aug_stretch_3438_police_0363_original.wav
877,FROM_POLICE_TO_AMBULANCE_aug_stretch_3485_police_0098_seg01.wav,Salah Kamar (Tertukar),POLICE,AMBULANCE,C:\Users\ASUS\Videos\DATASET\TRASH\audit_hasil_pemisahan\salah_kamar\FROM_POLICE_TO_AMBULANCE_aug_stretch_3485_police_0098_seg01.wav
878,FROM_POLICE_TO_AMBULANCE_aug_stretch_3524_police_0153_shift.wav,Salah Kamar (Tertukar),POLICE,AMBULANCE,C:\Users\ASUS\Videos\DATASET\TRASH\audit_hasil_pemisahan\salah_kamar\FROM_POLICE_TO_AMBULANCE_aug_stretch_3524_police_0153_shift.wav
879,FROM_POLICE_TO_AMBULANCE_aug_stretch_3529_police_0308_seg01.wav,Salah Kamar (Tertukar),POLICE,AMBULANCE,C:\Users\ASUS\Videos\DATASET\TRASH\audit_hasil_pemisahan\salah_kamar\FROM_POLICE_TO_AMBULANCE_aug_stretch_3529_police_0308_seg01.wav
880,FROM_POLICE_TO_AMBULANCE_aug_stretch_3560_police_0123_loud.wav,Salah Kamar (Tertukar),POLICE,AMBULANCE,C:\Users\ASUS\Videos\DATASET\TRASH\audit_hasil_pemisahan\salah_kamar\FROM_POLICE_TO_AMBULANCE_aug_stretch_3560_police_0123_loud.wav
881,FROM_POLICE_TO_AMBULANCE_aug_stretch_3605_police_0001_seg25.wav,Salah Kamar (Tertukar),POLICE,AMBULANCE,C:\Users\ASUS\Videos\DATASET\TRASH\audit_hasil_pemisahan\salah_kamar\FROM_POLICE_TO_AMBULANCE_aug_stretch_3605_police_0001_seg25.wav
882,FROM_POLICE_TO_AMBULANCE_aug_stretch_3611_police_0041_shift.wav,Salah Kamar (Tertukar),POLICE,AMBULANCE,C:\Users\ASUS\Videos\DATASET\TRASH\audit_hasil_pemisahan\salah_kamar\FROM_POLICE_TO_AMBULANCE_aug_stretch_3611_police_0041_shift.wav
883,FROM_POLICE_TO_AMBULANCE_aug_stretch_3618_police_0296_seg01.wav,Salah Kamar (Tertukar),POLICE,AMBULANCE,C:\Users\ASUS\Videos\DATASET\TRASH\audit_hasil_pemisahan\salah_kamar\FROM_POLICE_TO_AMBULANCE_aug_stretch_3618_police_0296_seg01.wav
884,FROM_POLICE_TO_AMBULANCE_aug_stretch_3697_sound_746.wav,Salah Kamar (Tertukar),POLICE,AMBULANCE,C:\Users\ASUS\Videos\DATASET\TRASH\audit_hasil_pemisahan\salah_kamar\FROM_POLICE_TO_AMBULANCE_aug_stretch_3697_sound_746.wav
885,FROM_POLICE_TO_AMBULANCE_aug_stretch_3727_police_0359_shift.wav,Salah Kamar (Tertukar),POLICE,AMBULANCE,C:\Users\ASUS\Videos\DATASET\TRASH\audit_hasil_pemisahan\salah_kamar\FROM_POLICE_TO_AMBULANCE_aug_stretch_3727_police_0359_shift.wav
886,FROM_POLICE_TO_AMBULANCE_aug_stretch_3738_police_0441_seg01.wav,Salah Kamar (Tertukar),POLICE,AMBULANCE,C:\Users\ASUS\Videos\DATASET\TRASH\audit_hasil_pemisahan\salah_kamar\FROM_POLICE_TO_AMBULANCE_aug_stretch_3738_police_0441_seg01.wav
887,FROM_POLICE_TO_AMBULANCE_aug_stretch_3758_police_0037_noise_light.wav,Salah Kamar (Tertukar),POLICE,AMBULANCE,C:\Users\ASUS\Videos\DATASET\TRASH\audit_hasil_pemisahan\salah_kamar\FROM_POLICE_TO_AMBULANCE_aug_stretch_3758_police_0037_noise_light.wav
888,FROM_POLICE_TO_AMBULANCE_aug_stretch_3817_police_0325_noise_light.wav,Salah Kamar (Tertukar),POLICE,AMBULANCE,C:\Users\ASUS\Videos\DATASET\TRASH\audit_hasil_pemisahan\salah_kamar\FROM_POLICE_TO_AMBULANCE_aug_stretch_3817_police_0325_noise_light.wav
889,FROM_POLICE_TO_AMBULANCE_aug_stretch_3826_police_0097_noise_light.wav,Salah Kamar (Tertukar),POLICE,AMBULANCE,C:\Users\ASUS\Videos\DATASET\TRASH\audit_hasil_pemisahan\salah_kamar\FROM_POLICE_TO_AMBULANCE_aug_stretch_3826_police_0097_noise_light.wav
890,FROM_POLICE_TO_AMBULANCE_aug_stretch_3889_police_0008_seg01.wav,Salah Kamar (Tertukar),POLICE,AMBULANCE,C:\Users\ASUS\Videos\DATASET\TRASH\audit_hasil_pemisahan\salah_kamar\FROM_POLICE_TO_AMBULANCE_aug_stretch_3889_police_0008_seg01.wav
891,FROM_POLICE_TO_AMBULANCE_aug_stretch_3947_police_0270_seg01.wav,Salah Kamar (Tertukar),POLICE,AMBULANCE,C:\Users\ASUS\Videos\DATASET\TRASH\audit_hasil_pemisahan\salah_kamar\FROM_POLICE_TO_AMBULANCE_aug_stretch_3947_police_0270_seg01.wav
892,FROM_POLICE_TO_AMBULANCE_aug_stretch_4005_police_0412_noise_light.wav,Salah Kamar (Tertukar),POLICE,AMBULANCE,C:\Users\ASUS\Videos\DATASET\TRASH\audit_hasil_pemisahan\salah_kamar\FROM_POLICE_TO_AMBULANCE_aug_stretch_4005_police_0412_noise_light.wav
893,FROM_POLICE_TO_AMBULANCE_aug_stretch_4023_police_0116_loud.wav,Salah Kamar (Tertukar),POLICE,AMBULANCE,C:\Users\ASUS\Videos\DATASET\TRASH\audit_hasil_pemisahan\salah_kamar\FROM_POLICE_TO_AMBULANCE_aug_stretch_4023_police_0116_loud.wav
894,FROM_POLICE_TO_AMBULANCE_aug_stretch_4169_police_0230_shift.wav,Salah Kamar (Tertukar),POLICE,AMBULANCE,C:\Users\ASUS\Videos\DATASET\TRASH\audit_hasil_pemisahan\salah_kamar\FROM_POLICE_TO_AMBULANCE_aug_stretch_4169_police_0230_shift.wav
895,FROM_POLICE_TO_AMBULANCE_aug_stretch_4179_sound_637.wav,Salah Kamar (Tertukar),POLICE,AMBULANCE,C:\Users\ASUS\Videos\DATASET\TRASH\audit_hasil_pemisahan\salah_kamar\FROM_POLICE_TO_AMBULANCE_aug_stretch_4179_sound_637.wav
896,FROM_POLICE_TO_AMBULANCE_aug_stretch_4225_police_0415_shift.wav,Salah Kamar (Tertukar),POLICE,AMBULANCE,C:\Users\ASUS\Videos\DATASET\TRASH\audit_hasil_pemisahan\salah_kamar\FROM_POLICE_TO_AMBULANCE_aug_stretch_4225_police_0415_shift.wav
897,FROM_POLICE_TO_AMBULANCE_aug_stretch_4245_police_0169_noise_light.wav,Salah Kamar (Tertukar),POLICE,AMBULANCE,C:\Users\ASUS\Videos\DATASET\TRASH\audit_hasil_pemisahan\salah_kamar\FROM_POLICE_TO_AMBULANCE_aug_stretch_4245_police_0169_noise_light.wav
898,FROM_POLICE_TO_AMBULANCE_aug_stretch_4365_police_0325_noise_light.wav,Salah Kamar (Tertukar),POLICE,AMBULANCE,C:\Users\ASUS\Videos\DATASET\TRASH\audit_hasil_pemisahan\salah_kamar\FROM_POLICE_TO_AMBULANCE_aug_stretch_4365_police_0325_noise_light.wav
899,FROM_POLICE_TO_AMBULANCE_aug_stretch_4618_police_0001_seg15.wav,Salah Kamar (Tertukar),POLICE,AMBULANCE,C:\Users\ASUS\Videos\DATASET\TRASH\audit_hasil_pemisahan\salah_kamar\FROM_POLICE_TO_AMBULANCE_aug_stretch_4618_police_0001_seg15.wav
900,FROM_POLICE_TO_AMBULANCE_aug_stretch_4620_police_0015_shift.wav,Salah Kamar (Tertukar),POLICE,AMBULANCE,C:\Users\ASUS\Videos\DATASET\TRASH\audit_hasil_pemisahan\salah_kamar\FROM_POLICE_TO_AMBULANCE_aug_stretch_4620_police_0015_shift.wav
901,FROM_POLICE_TO_AMBULANCE_aug_stretch_4890_police_0080_seg01.wav,Salah Kamar (Tertukar),POLICE,AMBULANCE,C:\Users\ASUS\Videos\DATASET\TRASH\audit_hasil_pemisahan\salah_kamar\FROM_POLICE_TO_AMBULANCE_aug_stretch_4890_police_0080_seg01.wav
902,FROM_POLICE_TO_AMBULANCE_aug_stretch_4944_police_0104_noise_light.wav,Salah Kamar (Tertukar),POLICE,AMBULANCE,C:\Users\ASUS\Videos\DATASET\TRASH\audit_hasil_pemisahan\salah_kamar\FROM_POLICE_TO_AMBULANCE_aug_stretch_4944_police_0104_noise_light.wav
903,FROM_POLICE_TO_AMBULANCE_aug_stretch_5059_police_0202_noise_light.wav,Salah Kamar (Tertukar),POLICE,AMBULANCE,C:\Users\ASUS\Videos\DATASET\TRASH\audit_hasil_pemisahan\salah_kamar\FROM_POLICE_TO_AMBULANCE_aug_stretch_5059_police_0202_noise_light.wav
904,FROM_POLICE_TO_AMBULANCE_aug_stretch_5073_police_0094_original.wav,Salah Kamar (Tertukar),POLICE,AMBULANCE,C:\Users\ASUS\Videos\DATASET\TRASH\audit_hasil_pemisahan\salah_kamar\FROM_POLICE_TO_AMBULANCE_aug_stretch_5073_police_0094_original.wav
905,FROM_POLICE_TO_AMBULANCE_aug_stretch_5139_police_0261_seg01.wav,Salah Kamar (Tertukar),POLICE,AMBULANCE,C:\Users\ASUS\Videos\DATASET\TRASH\audit_hasil_pemisahan\salah_kamar\FROM_POLICE_TO_AMBULANCE_aug_stretch_5139_police_0261_seg01.wav
906,FROM_POLICE_TO_AMBULANCE_aug_stretch_5226_police_0094_noise_light.wav,Salah Kamar (Tertukar),POLICE,AMBULANCE,C:\Users\ASUS\Videos\DATASET\TRASH\audit_hasil_pemisahan\salah_kamar\FROM_POLICE_TO_AMBULANCE_aug_stretch_5226_police_0094_noise_light.wav
907,FROM_POLICE_TO_AMBULANCE_aug_stretch_5245_police_0148_noise_light.wav,Salah Kamar (Tertukar),POLICE,AMBULANCE,C:\Users\ASUS\Videos\DATASET\TRASH\audit_hasil_pemisahan\salah_kamar\FROM_POLICE_TO_AMBULANCE_aug_stretch_5245_police_0148_noise_light.wav
908,FROM_POLICE_TO_AMBULANCE_aug_stretch_5356_police_0098_shift.wav,Salah Kamar (Tertukar),POLICE,AMBULANCE,C:\Users\ASUS\Videos\DATASET\TRASH\audit_hasil_pemisahan\salah_kamar\FROM_POLICE_TO_AMBULANCE_aug_stretch_5356_police_0098_shift.wav
909,FROM_POLICE_TO_AMBULANCE_aug_stretch_5372_police_0276_original.wav,Salah Kamar (Tertukar),POLICE,AMBULANCE,C:\Users\ASUS\Videos\DATASET\TRASH\audit_hasil_pemisahan\salah_kamar\FROM_POLICE_TO_AMBULANCE_aug_stretch_5372_police_0276_original.wav
910,FROM_POLICE_TO_AMBULANCE_aug_stretch_5501_police_0046_shift.wav,Salah Kamar (Tertukar),POLICE,AMBULANCE,C:\Users\ASUS\Videos\DATASET\TRASH\audit_hasil_pemisahan\salah_kamar\FROM_POLICE_TO_AMBULANCE_aug_stretch_5501_police_0046_shift.wav
911,FROM_POLICE_TO_AMBULANCE_aug_stretch_5637_police_0342_original.wav,Salah Kamar (Tertukar),POLICE,AMBULANCE,C:\Users\ASUS\Videos\DATASET\TRASH\audit_hasil_pemisahan\salah_kamar\FROM_POLICE_TO_AMBULANCE_aug_stretch_5637_police_0342_original.wav
912,FROM_POLICE_TO_AMBULANCE_aug_stretch_5692_police_0046_shift.wav,Salah Kamar (Tertukar),POLICE,AMBULANCE,C:\Users\ASUS\Videos\DATASET\TRASH\audit_hasil_pemisahan\salah_kamar\FROM_POLICE_TO_AMBULANCE_aug_stretch_5692_police_0046_shift.wav
913,FROM_POLICE_TO_AMBULANCE_aug_stretch_5711_police_0434_noise_light.wav,Salah Kamar (Tertukar),POLICE,AMBULANCE,C:\Users\ASUS\Videos\DATASET\TRASH\audit_hasil_pemisahan\salah_kamar\FROM_POLICE_TO_AMBULANCE_aug_stretch_5711_police_0434_noise_light.wav
914,FROM_POLICE_TO_AMBULANCE_aug_stretch_5767_sound_816.wav,Salah Kamar (Tertukar),POLICE,AMBULANCE,C:\Users\ASUS\Videos\DATASET\TRASH\audit_hasil_pemisahan\salah_kamar\FROM_POLICE_TO_AMBULANCE_aug_stretch_5767_sound_816.wav
915,FROM_POLICE_TO_AMBULANCE_aug_stretch_5779_police_0266_noise_light.wav,Salah Kamar (Tertukar),POLICE,AMBULANCE,C:\Users\ASUS\Videos\DATASET\TRASH\audit_hasil_pemisahan\salah_kamar\FROM_POLICE_TO_AMBULANCE_aug_stretch_5779_police_0266_noise_light.wav
916,FROM_POLICE_TO_AMBULANCE_aug_stretch_5804_police_0082_original.wav,Salah Kamar (Tertukar),POLICE,AMBULANCE,C:\Users\ASUS\Videos\DATASET\TRASH\audit_hasil_pemisahan\salah_kamar\FROM_POLICE_TO_AMBULANCE_aug_stretch_5804_police_0082_original.wav
917,FROM_POLICE_TO_AMBULANCE_aug_stretch_5809_police_0230_shift.wav,Salah Kamar (Tertukar),POLICE,AMBULANCE,C:\Users\ASUS\Videos\DATASET\TRASH\audit_hasil_pemisahan\salah_kamar\FROM_POLICE_TO_AMBULANCE_aug_stretch_5809_police_0230_shift.wav
918,FROM_POLICE_TO_AMBULANCE_aug_stretch_5857_police_0240_seg01.wav,Salah Kamar (Tertukar),POLICE,AMBULANCE,C:\Users\ASUS\Videos\DATASET\TRASH\audit_hasil_pemisahan\salah_kamar\FROM_POLICE_TO_AMBULANCE_aug_stretch_5857_police_0240_seg01.wav
919,FROM_POLICE_TO_AMBULANCE_aug_stretch_6082_police_0211_seg01.wav,Salah Kamar (Tertukar),POLICE,AMBULANCE,C:\Users\ASUS\Videos\DATASET\TRASH\audit_hasil_pemisahan\salah_kamar\FROM_POLICE_TO_AMBULANCE_aug_stretch_6082_police_0211_seg01.wav
920,FROM_POLICE_TO_AMBULANCE_aug_stretch_6140_sound_752.wav,Salah Kamar (Tertukar),POLICE,AMBULANCE,C:\Users\ASUS\Videos\DATASET\TRASH\audit_hasil_pemisahan\salah_kamar\FROM_POLICE_TO_AMBULANCE_aug_stretch_6140_sound_752.wav
921,FROM_POLICE_TO_AMBULANCE_aug_stretch_6155_police_0033_seg01.wav,Salah Kamar (Tertukar),POLICE,AMBULANCE,C:\Users\ASUS\Videos\DATASET\TRASH\audit_hasil_pemisahan\salah_kamar\FROM_POLICE_TO_AMBULANCE_aug_stretch_6155_police_0033_seg01.wav
922,FROM_POLICE_TO_AMBULANCE_aug_stretch_6171_police_0456_seg01.wav,Salah Kamar (Tertukar),POLICE,AMBULANCE,C:\Users\ASUS\Videos\DATASET\TRASH\audit_hasil_pemisahan\salah_kamar\FROM_POLICE_TO_AMBULANCE_aug_stretch_6171_police_0456_seg01.wav
923,FROM_POLICE_TO_AMBULANCE_aug_stretch_6210_police_0001_seg26.wav,Salah Kamar (Tertukar),POLICE,AMBULANCE,C:\Users\ASUS\Videos\DATASET\TRASH\audit_hasil_pemisahan\salah_kamar\FROM_POLICE_TO_AMBULANCE_aug_stretch_6210_police_0001_seg26.wav
924,FROM_POLICE_TO_AMBULANCE_aug_stretch_6375_police_0189_loud.wav,Salah Kamar (Tertukar),POLICE,AMBULANCE,C:\Users\ASUS\Videos\DATASET\TRASH\audit_hasil_pemisahan\salah_kamar\FROM_POLICE_TO_AMBULANCE_aug_stretch_6375_police_0189_loud.wav
925,FROM_POLICE_TO_AMBULANCE_aug_stretch_6400_police_0375_original.wav,Salah Kamar (Tertukar),POLICE,AMBULANCE,C:\Users\ASUS\Videos\DATASET\TRASH\audit_hasil_pemisahan\salah_kamar\FROM_POLICE_TO_AMBULANCE_aug_stretch_6400_police_0375_original.wav
926,FROM_POLICE_TO_AMBULANCE_aug_stretch_6473_police_0284_shift.wav,Salah Kamar (Tertukar),POLICE,AMBULANCE,C:\Users\ASUS\Videos\DATASET\TRASH\audit_hasil_pemisahan\salah_kamar\FROM_POLICE_TO_AMBULANCE_aug_stretch_6473_police_0284_shift.wav
927,FROM_POLICE_TO_AMBULANCE_aug_stretch_6474_police_0009_seg01.wav,Salah Kamar (Tertukar),POLICE,AMBULANCE,C:\Users\ASUS\Videos\DATASET\TRASH\audit_hasil_pemisahan\salah_kamar\FROM_POLICE_TO_AMBULANCE_aug_stretch_6474_police_0009_seg01.wav
928,FROM_POLICE_TO_AMBULANCE_aug_stretch_6486_police_0360_noise_light.wav,Salah Kamar (Tertukar),POLICE,AMBULANCE,C:\Users\ASUS\Videos\DATASET\TRASH\audit_hasil_pemisahan\salah_kamar\FROM_POLICE_TO_AMBULANCE_aug_stretch_6486_police_0360_noise_light.wav
929,FROM_POLICE_TO_AMBULANCE_aug_stretch_6576_police_0091_noise_light.wav,Salah Kamar (Tertukar),POLICE,AMBULANCE,C:\Users\ASUS\Videos\DATASET\TRASH\audit_hasil_pemisahan\salah_kamar\FROM_POLICE_TO_AMBULANCE_aug_stretch_6576_police_0091_noise_light.wav
930,FROM_POLICE_TO_AMBULANCE_aug_stretch_6726_police_0017_shift.wav,Salah Kamar (Tertukar),POLICE,AMBULANCE,C:\Users\ASUS\Videos\DATASET\TRASH\audit_hasil_pemisahan\salah_kamar\FROM_POLICE_TO_AMBULANCE_aug_stretch_6726_police_0017_shift.wav
931,FROM_POLICE_TO_AMBULANCE_aug_stretch_6747_police_0001_seg09.wav,Salah Kamar (Tertukar),POLICE,AMBULANCE,C:\Users\ASUS\Videos\DATASET\TRASH\audit_hasil_pemisahan\salah_kamar\FROM_POLICE_TO_AMBULANCE_aug_stretch_6747_police_0001_seg09.wav
932,FROM_POLICE_TO_AMBULANCE_aug_stretch_6894_police_0006_seg01.wav,Salah Kamar (Tertukar),POLICE,AMBULANCE,C:\Users\ASUS\Videos\DATASET\TRASH\audit_hasil_pemisahan\salah_kamar\FROM_POLICE_TO_AMBULANCE_aug_stretch_6894_police_0006_seg01.wav
933,FROM_POLICE_TO_AMBULANCE_aug_stretch_6924_police_0316_seg01.wav,Salah Kamar (Tertukar),POLICE,AMBULANCE,C:\Users\ASUS\Videos\DATASET\TRASH\audit_hasil_pemisahan\salah_kamar\FROM_POLICE_TO_AMBULANCE_aug_stretch_6924_police_0316_seg01.wav
934,FROM_POLICE_TO_AMBULANCE_aug_stretch_7046_police_0267_seg01.wav,Salah Kamar (Tertukar),POLICE,AMBULANCE,C:\Users\ASUS\Videos\DATASET\TRASH\audit_hasil_pemisahan\salah_kamar\FROM_POLICE_TO_AMBULANCE_aug_stretch_7046_police_0267_seg01.wav
935,FROM_POLICE_TO_AMBULANCE_aug_stretch_7053_police_0396_seg01.wav,Salah Kamar (Tertukar),POLICE,AMBULANCE,C:\Users\ASUS\Videos\DATASET\TRASH\audit_hasil_pemisahan\salah_kamar\FROM_POLICE_TO_AMBULANCE_aug_stretch_7053_police_0396_seg01.wav
936,FROM_POLICE_TO_AMBULANCE_aug_stretch_7054_police_0421_original.wav,Salah Kamar (Tertukar),POLICE,AMBULANCE,C:\Users\ASUS\Videos\DATASET\TRASH\audit_hasil_pemisahan\salah_kamar\FROM_POLICE_TO_AMBULANCE_aug_stretch_7054_police_0421_original.wav
937,FROM_POLICE_TO_AMBULANCE_aug_stretch_7124_police_0013_noise_light.wav,Salah Kamar (Tertukar),POLICE,AMBULANCE,C:\Users\ASUS\Videos\DATASET\TRASH\audit_hasil_pemisahan\salah_kamar\FROM_POLICE_TO_AMBULANCE_aug_stretch_7124_police_0013_noise_light.wav
938,FROM_POLICE_TO_AMBULANCE_aug_stretch_7138_police_0037_seg01.wav,Salah Kamar (Tertukar),POLICE,AMBULANCE,C:\Users\ASUS\Videos\DATASET\TRASH\audit_hasil_pemisahan\salah_kamar\FROM_POLICE_TO_AMBULANCE_aug_stretch_7138_police_0037_seg01.wav
939,FROM_POLICE_TO_AMBULANCE_aug_stretch_7164_police_0212_noise_light.wav,Salah Kamar (Tertukar),POLICE,AMBULANCE,C:\Users\ASUS\Videos\DATASET\TRASH\audit_hasil_pemisahan\salah_kamar\FROM_POLICE_TO_AMBULANCE_aug_stretch_7164_police_0212_noise_light.wav
940,FROM_POLICE_TO_AMBULANCE_aug_stretch_7178_police_0001_seg15.wav,Salah Kamar (Tertukar),POLICE,AMBULANCE,C:\Users\ASUS\Videos\DATASET\TRASH\audit_hasil_pemisahan\salah_kamar\FROM_POLICE_TO_AMBULANCE_aug_stretch_7178_police_0001_seg15.wav
941,FROM_POLICE_TO_AMBULANCE_aug_stretch_7191_police_0123_shift.wav,Salah Kamar (Tertukar),POLICE,AMBULANCE,C:\Users\ASUS\Videos\DATASET\TRASH\audit_hasil_pemisahan\salah_kamar\FROM_POLICE_TO_AMBULANCE_aug_stretch_7191_police_0123_shift.wav
942,FROM_POLICE_TO_AMBULANCE_aug_stretch_7240_police_0457_seg01.wav,Salah Kamar (Tertukar),POLICE,AMBULANCE,C:\Users\ASUS\Videos\DATASET\TRASH\audit_hasil_pemisahan\salah_kamar\FROM_POLICE_TO_AMBULANCE_aug_stretch_7240_police_0457_seg01.wav
943,FROM_POLICE_TO_AMBULANCE_aug_stretch_7243_police_0152_original.wav,Salah Kamar (Tertukar),POLICE,AMBULANCE,C:\Users\ASUS\Videos\DATASET\TRASH\audit_hasil_pemisahan\salah_kamar\FROM_POLICE_TO_AMBULANCE_aug_stretch_7243_police_0152_original.wav
944,FROM_POLICE_TO_AMBULANCE_aug_stretch_7302_sound_817.wav,Salah Kamar (Tertukar),POLICE,AMBULANCE,C:\Users\ASUS\Videos\DATASET\TRASH\audit_hasil_pemisahan\salah_kamar\FROM_POLICE_TO_AMBULANCE_aug_stretch_7302_sound_817.wav
945,FROM_POLICE_TO_AMBULANCE_aug_stretch_7329_police_0083_seg01.wav,Salah Kamar (Tertukar),POLICE,AMBULANCE,C:\Users\ASUS\Videos\DATASET\TRASH\audit_hasil_pemisahan\salah_kamar\FROM_POLICE_TO_AMBULANCE_aug_stretch_7329_police_0083_seg01.wav
946,FROM_POLICE_TO_AMBULANCE_aug_stretch_7351_sound_608.wav,Salah Kamar (Tertukar),POLICE,AMBULANCE,C:\Users\ASUS\Videos\DATASET\TRASH\audit_hasil_pemisahan\salah_kamar\FROM_POLICE_TO_AMBULANCE_aug_stretch_7351_sound_608.wav
947,FROM_POLICE_TO_AMBULANCE_aug_stretch_7448_police_0251_noise_light.wav,Salah Kamar (Tertukar),POLICE,AMBULANCE,C:\Users\ASUS\Videos\DATASET\TRASH\audit_hasil_pemisahan\salah_kamar\FROM_POLICE_TO_AMBULANCE_aug_stretch_7448_police_0251_noise_light.wav
948,FROM_POLICE_TO_AMBULANCE_aug_stretch_7594_police_0220_seg01.wav,Salah Kamar (Tertukar),POLICE,AMBULANCE,C:\Users\ASUS\Videos\DATASET\TRASH\audit_hasil_pemisahan\salah_kamar\FROM_POLICE_TO_AMBULANCE_aug_stretch_7594_police_0220_seg01.wav
949,FROM_POLICE_TO_AMBULANCE_aug_stretch_7600_police_0318_shift.wav,Salah Kamar (Tertukar),POLICE,AMBULANCE,C:\Users\ASUS\Videos\DATASET\TRASH\audit_hasil_pemisahan\salah_kamar\FROM_POLICE_TO_AMBULANCE_aug_stretch_7600_police_0318_shift.wav
950,FROM_POLICE_TO_AMBULANCE_aug_stretch_7680_police_0236_noise_light.wav,Salah Kamar (Tertukar),POLICE,AMBULANCE,C:\Users\ASUS\Videos\DATASET\TRASH\audit_hasil_pemisahan\salah_kamar\FROM_POLICE_TO_AMBULANCE_aug_stretch_7680_police_0236_noise_light.wav
951,FROM_POLICE_TO_AMBULANCE_aug_stretch_7723_police_0039_original.wav,Salah Kamar (Tertukar),POLICE,AMBULANCE,C:\Users\ASUS\Videos\DATASET\TRASH\audit_hasil_pemisahan\salah_kamar\FROM_POLICE_TO_AMBULANCE_aug_stretch_7723_police_0039_original.wav
952,FROM_POLICE_TO_AMBULANCE_aug_stretch_7766_police_0042_seg01.wav,Salah Kamar (Tertukar),POLICE,AMBULANCE,C:\Users\ASUS\Videos\DATASET\TRASH\audit_hasil_pemisahan\salah_kamar\FROM_POLICE_TO_AMBULANCE_aug_stretch_7766_police_0042_seg01.wav
953,FROM_POLICE_TO_AMBULANCE_aug_stretch_7828_police_0075_seg01.wav,Salah Kamar (Tertukar),POLICE,AMBULANCE,C:\Users\ASUS\Videos\DATASET\TRASH\audit_hasil_pemisahan\salah_kamar\FROM_POLICE_TO_AMBULANCE_aug_stretch_7828_police_0075_seg01.wav
954,FROM_POLICE_TO_AMBULANCE_aug_stretch_7845_police_0015_seg01.wav,Salah Kamar (Tertukar),POLICE,AMBULANCE,C:\Users\ASUS\Videos\DATASET\TRASH\audit_hasil_pemisahan\salah_kamar\FROM_POLICE_TO_AMBULANCE_aug_stretch_7845_police_0015_seg01.wav
955,FROM_POLICE_TO_AMBULANCE_aug_stretch_7870_police_0075_shift.wav,Salah Kamar (Tertukar),POLICE,AMBULANCE,C:\Users\ASUS\Videos\DATASET\TRASH\audit_hasil_pemisahan\salah_kamar\FROM_POLICE_TO_AMBULANCE_aug_stretch_7870_police_0075_shift.wav
956,FROM_POLICE_TO_AMBULANCE_aug_stretch_7874_police_0297_seg01.wav,Salah Kamar (Tertukar),POLICE,AMBULANCE,C:\Users\ASUS\Videos\DATASET\TRASH\audit_hasil_pemisahan\salah_kamar\FROM_POLICE_TO_AMBULANCE_aug_stretch_7874_police_0297_seg01.wav
957,FROM_POLICE_TO_AMBULANCE_aug_stretch_8048_sound_742.wav,Salah Kamar (Tertukar),POLICE,AMBULANCE,C:\Users\ASUS\Videos\DATASET\TRASH\audit_hasil_pemisahan\salah_kamar\FROM_POLICE_TO_AMBULANCE_aug_stretch_8048_sound_742.wav
958,FROM_POLICE_TO_AMBULANCE_aug_stretch_8126_police_0381_shift.wav,Salah Kamar (Tertukar),POLICE,AMBULANCE,C:\Users\ASUS\Videos\DATASET\TRASH\audit_hasil_pemisahan\salah_kamar\FROM_POLICE_TO_AMBULANCE_aug_stretch_8126_police_0381_shift.wav
959,FROM_POLICE_TO_AMBULANCE_aug_stretch_8193_police_0077_seg01.wav,Salah Kamar (Tertukar),POLICE,AMBULANCE,C:\Users\ASUS\Videos\DATASET\TRASH\audit_hasil_pemisahan\salah_kamar\FROM_POLICE_TO_AMBULANCE_aug_stretch_8193_police_0077_seg01.wav
960,FROM_POLICE_TO_AMBULANCE_aug_stretch_8229_police_0095_original.wav,Salah Kamar (Tertukar),POLICE,AMBULANCE,C:\Users\ASUS\Videos\DATASET\TRASH\audit_hasil_pemisahan\salah_kamar\FROM_POLICE_TO_AMBULANCE_aug_stretch_8229_police_0095_original.wav
961,FROM_POLICE_TO_AMBULANCE_aug_stretch_8267_police_0298_shift.wav,Salah Kamar (Tertukar),POLICE,AMBULANCE,C:\Users\ASUS\Videos\DATASET\TRASH\audit_hasil_pemisahan\salah_kamar\FROM_POLICE_TO_AMBULANCE_aug_stretch_8267_police_0298_shift.wav
962,FROM_POLICE_TO_AMBULANCE_aug_stretch_8338_police_0363_original.wav,Salah Kamar (Tertukar),POLICE,AMBULANCE,C:\Users\ASUS\Videos\DATASET\TRASH\audit_hasil_pemisahan\salah_kamar\FROM_POLICE_TO_AMBULANCE_aug_stretch_8338_police_0363_original.wav
963,FROM_POLICE_TO_AMBULANCE_aug_stretch_8388_police_0046_noise_light.wav,Salah Kamar (Tertukar),POLICE,AMBULANCE,C:\Users\ASUS\Videos\DATASET\TRASH\audit_hasil_pemisahan\salah_kamar\FROM_POLICE_TO_AMBULANCE_aug_stretch_8388_police_0046_noise_light.wav
964,FROM_POLICE_TO_AMBULANCE_aug_stretch_8418_police_0150_shift.wav,Salah Kamar (Tertukar),POLICE,AMBULANCE,C:\Users\ASUS\Videos\DATASET\TRASH\audit_hasil_pemisahan\salah_kamar\FROM_POLICE_TO_AMBULANCE_aug_stretch_8418_police_0150_shift.wav
965,FROM_POLICE_TO_AMBULANCE_aug_stretch_8450_police_0275_shift.wav,Salah Kamar (Tertukar),POLICE,AMBULANCE,C:\Users\ASUS\Videos\DATASET\TRASH\audit_hasil_pemisahan\salah_kamar\FROM_POLICE_TO_AMBULANCE_aug_stretch_8450_police_0275_shift.wav
966,FROM_POLICE_TO_AMBULANCE_aug_stretch_8594_police_0001_seg31.wav,Salah Kamar (Tertukar),POLICE,AMBULANCE,C:\Users\ASUS\Videos\DATASET\TRASH\audit_hasil_pemisahan\salah_kamar\FROM_POLICE_TO_AMBULANCE_aug_stretch_8594_police_0001_seg31.wav
967,FROM_POLICE_TO_AMBULANCE_aug_stretch_8798_police_0427_noise_light.wav,Salah Kamar (Tertukar),POLICE,AMBULANCE,C:\Users\ASUS\Videos\DATASET\TRASH\audit_hasil_pemisahan\salah_kamar\FROM_POLICE_TO_AMBULANCE_aug_stretch_8798_police_0427_noise_light.wav
968,FROM_POLICE_TO_AMBULANCE_aug_stretch_8833_police_0373_noise_light.wav,Salah Kamar (Tertukar),POLICE,AMBULANCE,C:\Users\ASUS\Videos\DATASET\TRASH\audit_hasil_pemisahan\salah_kamar\FROM_POLICE_TO_AMBULANCE_aug_stretch_8833_police_0373_noise_light.wav
969,FROM_POLICE_TO_AMBULANCE_aug_stretch_8848_sound_798.wav,Salah Kamar (Tertukar),POLICE,AMBULANCE,C:\Users\ASUS\Videos\DATASET\TRASH\audit_hasil_pemisahan\salah_kamar\FROM_POLICE_TO_AMBULANCE_aug_stretch_8848_sound_798.wav
970,FROM_POLICE_TO_AMBULANCE_aug_stretch_8878_police_0068_original.wav,Salah Kamar (Tertukar),POLICE,AMBULANCE,C:\Users\ASUS\Videos\DATASET\TRASH\audit_hasil_pemisahan\salah_kamar\FROM_POLICE_TO_AMBULANCE_aug_stretch_8878_police_0068_original.wav
971,FROM_POLICE_TO_AMBULANCE_aug_stretch_8984_police_0052_original.wav,Salah Kamar (Tertukar),POLICE,AMBULANCE,C:\Users\ASUS\Videos\DATASET\TRASH\audit_hasil_pemisahan\salah_kamar\FROM_POLICE_TO_AMBULANCE_aug_stretch_8984_police_0052_original.wav
972,FROM_POLICE_TO_AMBULANCE_aug_stretch_9025_police_0231_seg01.wav,Salah Kamar (Tertukar),POLICE,AMBULANCE,C:\Users\ASUS\Videos\DATASET\TRASH\audit_hasil_pemisahan\salah_kamar\FROM_POLICE_TO_AMBULANCE_aug_stretch_9025_police_0231_seg01.wav
973,FROM_POLICE_TO_AMBULANCE_aug_stretch_9068_police_0027_seg01.wav,Salah Kamar (Tertukar),POLICE,AMBULANCE,C:\Users\ASUS\Videos\DATASET\TRASH\audit_hasil_pemisahan\salah_kamar\FROM_POLICE_TO_AMBULANCE_aug_stretch_9068_police_0027_seg01.wav
974,FROM_POLICE_TO_AMBULANCE_aug_stretch_9069_police_0371_shift.wav,Salah Kamar (Tertukar),POLICE,AMBULANCE,C:\Users\ASUS\Videos\DATASET\TRASH\audit_hasil_pemisahan\salah_kamar\FROM_POLICE_TO_AMBULANCE_aug_stretch_9069_police_0371_shift.wav
975,FROM_POLICE_TO_AMBULANCE_aug_stretch_9088_police_0082_noise_light.wav,Salah Kamar (Tertukar),POLICE,AMBULANCE,C:\Users\ASUS\Videos\DATASET\TRASH\audit_hasil_pemisahan\salah_kamar\FROM_POLICE_TO_AMBULANCE_aug_stretch_9088_police_0082_noise_light.wav
976,FROM_POLICE_TO_AMBULANCE_aug_stretch_9149_sound_630.wav,Salah Kamar (Tertukar),POLICE,AMBULANCE,C:\Users\ASUS\Videos\DATASET\TRASH\audit_hasil_pemisahan\salah_kamar\FROM_POLICE_TO_AMBULANCE_aug_stretch_9149_sound_630.wav
977,FROM_POLICE_TO_AMBULANCE_aug_stretch_9462_police_0145_original.wav,Salah Kamar (Tertukar),POLICE,AMBULANCE,C:\Users\ASUS\Videos\DATASET\TRASH\audit_hasil_pemisahan\salah_kamar\FROM_POLICE_TO_AMBULANCE_aug_stretch_9462_police_0145_original.wav
978,FROM_POLICE_TO_AMBULANCE_aug_stretch_9542_sound_703.wav,Salah Kamar (Tertukar),POLICE,AMBULANCE,C:\Users\ASUS\Videos\DATASET\TRASH\audit_hasil_pemisahan\salah_kamar\FROM_POLICE_TO_AMBULANCE_aug_stretch_9542_sound_703.wav
979,FROM_POLICE_TO_AMBULANCE_aug_stretch_9554_police_0190_original.wav,Salah Kamar (Tertukar),POLICE,AMBULANCE,C:\Users\ASUS\Videos\DATASET\TRASH\audit_hasil_pemisahan\salah_kamar\FROM_POLICE_TO_AMBULANCE_aug_stretch_9554_police_0190_original.wav
980,FROM_POLICE_TO_AMBULANCE_aug_stretch_9598_police_0244_seg01.wav,Salah Kamar (Tertukar),POLICE,AMBULANCE,C:\Users\ASUS\Videos\DATASET\TRASH\audit_hasil_pemisahan\salah_kamar\FROM_POLICE_TO_AMBULANCE_aug_stretch_9598_police_0244_seg01.wav
981,FROM_POLICE_TO_AMBULANCE_aug_stretch_9699_police_0001_seg14.wav,Salah Kamar (Tertukar),POLICE,AMBULANCE,C:\Users\ASUS\Videos\DATASET\TRASH\audit_hasil_pemisahan\salah_kamar\FROM_POLICE_TO_AMBULANCE_aug_stretch_9699_police_0001_seg14.wav
982,FROM_POLICE_TO_AMBULANCE_aug_stretch_9700_police_0028_noise_light.wav,Salah Kamar (Tertukar),POLICE,AMBULANCE,C:\Users\ASUS\Videos\DATASET\TRASH\audit_hasil_pemisahan\salah_kamar\FROM_POLICE_TO_AMBULANCE_aug_stretch_9700_police_0028_noise_light.wav
983,FROM_POLICE_TO_AMBULANCE_aug_stretch_9852_police_0107_original.wav,Salah Kamar (Tertukar),POLICE,AMBULANCE,C:\Users\ASUS\Videos\DATASET\TRASH\audit_hasil_pemisahan\salah_kamar\FROM_POLICE_TO_AMBULANCE_aug_stretch_9852_police_0107_original.wav
984,FROM_POLICE_TO_AMBULANCE_aug_stretch_9914_sound_752.wav,Salah Kamar (Tertukar),POLICE,AMBULANCE,C:\Users\ASUS\Videos\DATASET\TRASH\audit_hasil_pemisahan\salah_kamar\FROM_POLICE_TO_AMBULANCE_aug_stretch_9914_sound_752.wav
985,FROM_POLICE_TO_AMBULANCE_aug_stretch_9922_police_0059_seg01.wav,Salah Kamar (Tertukar),POLICE,AMBULANCE,C:\Users\ASUS\Videos\DATASET\TRASH\audit_hasil_pemisahan\salah_kamar\FROM_POLICE_TO_AMBULANCE_aug_stretch_9922_police_0059_seg01.wav
986,FROM_POLICE_TO_AMBULANCE_aug_stretch_9950_police_0191_shift.wav,Salah Kamar (Tertukar),POLICE,AMBULANCE,C:\Users\ASUS\Videos\DATASET\TRASH\audit_hasil_pemisahan\salah_kamar\FROM_POLICE_TO_AMBULANCE_aug_stretch_9950_police_0191_shift.wav
987,FROM_POLICE_TO_AMBULANCE_dl_boost_amb_uk_full_cycle__Ks4V8yt6Mo_part0000.wav,Salah Kamar (Tertukar),POLICE,AMBULANCE,C:\Users\ASUS\Videos\DATASET\TRASH\audit_hasil_pemisahan\salah_kamar\FROM_POLICE_TO_AMBULANCE_dl_boost_amb_uk_full_cycle__Ks4V8yt6Mo_part0000.wav
988,FROM_POLICE_TO_AMBULANCE_dl_boost_amb_uk_full_cycle__Ks4V8yt6Mo_part0001.wav,Salah Kamar (Tertukar),POLICE,AMBULANCE,C:\Users\ASUS\Videos\DATASET\TRASH\audit_hasil_pemisahan\salah_kamar\FROM_POLICE_TO_AMBULANCE_dl_boost_amb_uk_full_cycle__Ks4V8yt6Mo_part0001.wav
989,FROM_POLICE_TO_AMBULANCE_dl_boost_amb_uk_full_cycle__Ks4V8yt6Mo_part0002.wav,Salah Kamar (Tertukar),POLICE,AMBULANCE,C:\Users\ASUS\Videos\DATASET\TRASH\audit_hasil_pemisahan\salah_kamar\FROM_POLICE_TO_AMBULANCE_dl_boost_amb_uk_full_cycle__Ks4V8yt6Mo_part0002.wav
990,FROM_POLICE_TO_AMBULANCE_dl_boost_amb_uk_full_cycle__Ks4V8yt6Mo_part0003.wav,Salah Kamar (Tertukar),POLICE,AMBULANCE,C:\Users\ASUS\Videos\DATASET\TRASH\audit_hasil_pemisahan\salah_kamar\FROM_POLICE_TO_AMBULANCE_dl_boost_amb_uk_full_cycle__Ks4V8yt6Mo_part0003.wav
991,FROM_POLICE_TO_AMBULANCE_dl_boost_amb_uk_full_cycle__Ks4V8yt6Mo_part0004.wav,Salah Kamar (Tertukar),POLICE,AMBULANCE,C:\Users\ASUS\Videos\DATASET\TRASH\audit_hasil_pemisahan\salah_kamar\FROM_POLICE_TO_AMBULANCE_dl_boost_amb_uk_full_cycle__Ks4V8yt6Mo_part0004.wav
992,FROM_POLICE_TO_AMBULANCE_dl_boost_amb_uk_full_cycle__Ks4V8yt6Mo_part0005.wav,Salah Kamar (Tertukar),POLICE,AMBULANCE,C:\Users\ASUS\Videos\DATASET\TRASH\audit_hasil_pemisahan\salah_kamar\FROM_POLICE_TO_AMBULANCE_dl_boost_amb_uk_full_cycle__Ks4V8yt6Mo_part0005.wav
993,FROM_POLICE_TO_AMBULANCE_dl_boost_amb_uk_full_cycle__Ks4V8yt6Mo_part0006.wav,Salah Kamar (Tertukar),POLICE,AMBULANCE,C:\Users\ASUS\Videos\DATASET\TRASH\audit_hasil_pemisahan\salah_kamar\FROM_POLICE_TO_AMBULANCE_dl_boost_amb_uk_full_cycle__Ks4V8yt6Mo_part0006.wav
994,FROM_POLICE_TO_AMBULANCE_dl_boost_amb_uk_full_cycle__Ks4V8yt6Mo_part0007.wav,Salah Kamar (Tertukar),POLICE,AMBULANCE,C:\Users\ASUS\Videos\DATASET\TRASH\audit_hasil_pemisahan\salah_kamar\FROM_POLICE_TO_AMBULANCE_dl_boost_amb_uk_full_cycle__Ks4V8yt6Mo_part0007.wav
995,FROM_POLICE_TO_AMBULANCE_dl_boost_amb_uk_full_cycle__Ks4V8yt6Mo_part0008.wav,Salah Kamar (Tertukar),POLICE,AMBULANCE,C:\Users\ASUS\Videos\DATASET\TRASH\audit_hasil_pemisahan\salah_kamar\FROM_POLICE_TO_AMBULANCE_dl_boost_amb_uk_full_cycle__Ks4V8yt6Mo_part0008.wav
996,FROM_POLICE_TO_AMBULANCE_dl_boost_amb_uk_full_cycle__Ks4V8yt6Mo_part0009.wav,Salah Kamar (Tertukar),POLICE,AMBULANCE,C:\Users\ASUS\Videos\DATASET\TRASH\audit_hasil_pemisahan\salah_kamar\FROM_POLICE_TO_AMBULANCE_dl_boost_amb_uk_full_cycle__Ks4V8yt6Mo_part0009.wav
997,FROM_POLICE_TO_AMBULANCE_dl_boost_amb_uk_full_cycle__Ks4V8yt6Mo_part0010.wav,Salah Kamar (Tertukar),POLICE,AMBULANCE,C:\Users\ASUS\Videos\DATASET\TRASH\audit_hasil_pemisahan\salah_kamar\FROM_POLICE_TO_AMBULANCE_dl_boost_amb_uk_full_cycle__Ks4V8yt6Mo_part0010.wav
998,FROM_POLICE_TO_AMBULANCE_dl_boost_amb_uk_full_cycle__Ks4V8yt6Mo_part0011.wav,Salah Kamar (Tertukar),POLICE,AMBULANCE,C:\Users\ASUS\Videos\DATASET\TRASH\audit_hasil_pemisahan\salah_kamar\FROM_POLICE_TO_AMBULANCE_dl_boost_amb_uk_full_cycle__Ks4V8yt6Mo_part0011.wav
999,FROM_POLICE_TO_AMBULANCE_dl_boost_amb_uk_full_cycle__Ks4V8yt6Mo_part0012.wav,Salah Kamar (Tertukar),POLICE,AMBULANCE,C:\Users\ASUS\Videos\DATASET\TRASH\audit_hasil_pemisahan\salah_kamar\FROM_POLICE_TO_AMBULANCE_dl_boost_amb_uk_full_cycle__Ks4V8yt6Mo_part0012.wav
1000,FROM_POLICE_TO_AMBULANCE_dl_boost_amb_uk_full_cycle__Ks4V8yt6Mo_part0013.wav,Salah Kamar (Tertukar),POLICE,AMBULANCE,C:\Users\ASUS\Videos\DATASET\TRASH\audit_hasil_pemisahan\salah_kamar\FROM_POLICE_TO_AMBULANCE_dl_boost_amb_uk_full_cycle__Ks4V8yt6Mo_part0013.wav
1001,FROM_POLICE_TO_AMBULANCE_dl_boost_amb_uk_full_cycle__Ks4V8yt6Mo_part0014.wav,Salah Kamar (Tertukar),POLICE,AMBULANCE,C:\Users\ASUS\Videos\DATASET\TRASH\audit_hasil_pemisahan\salah_kamar\FROM_POLICE_TO_AMBULANCE_dl_boost_amb_uk_full_cycle__Ks4V8yt6Mo_part0014.wav
1002,FROM_POLICE_TO_AMBULANCE_dl_boost_amb_uk_full_cycle__Ks4V8yt6Mo_part0015.wav,Salah Kamar (Tertukar),POLICE,AMBULANCE,C:\Users\ASUS\Videos\DATASET\TRASH\audit_hasil_pemisahan\salah_kamar\FROM_POLICE_TO_AMBULANCE_dl_boost_amb_uk_full_cycle__Ks4V8yt6Mo_part0015.wav
1003,FROM_POLICE_TO_AMBULANCE_dl_boost_amb_uk_full_cycle__Ks4V8yt6Mo_part0016.wav,Salah Kamar (Tertukar),POLICE,AMBULANCE,C:\Users\ASUS\Videos\DATASET\TRASH\audit_hasil_pemisahan\salah_kamar\FROM_POLICE_TO_AMBULANCE_dl_boost_amb_uk_full_cycle__Ks4V8yt6Mo_part0016.wav
1004,FROM_POLICE_TO_AMBULANCE_dl_boost_amb_uk_full_cycle__Ks4V8yt6Mo_part0017.wav,Salah Kamar (Tertukar),POLICE,AMBULANCE,C:\Users\ASUS\Videos\DATASET\TRASH\audit_hasil_pemisahan\salah_kamar\FROM_POLICE_TO_AMBULANCE_dl_boost_amb_uk_full_cycle__Ks4V8yt6Mo_part0017.wav
1005,FROM_POLICE_TO_AMBULANCE_dl_boost_amb_uk_full_cycle__Ks4V8yt6Mo_part0018.wav,Salah Kamar (Tertukar),POLICE,AMBULANCE,C:\Users\ASUS\Videos\DATASET\TRASH\audit_hasil_pemisahan\salah_kamar\FROM_POLICE_TO_AMBULANCE_dl_boost_amb_uk_full_cycle__Ks4V8yt6Mo_part0018.wav
1006,FROM_POLICE_TO_AMBULANCE_dl_boost_amb_uk_full_cycle__Ks4V8yt6Mo_part0019.wav,Salah Kamar (Tertukar),POLICE,AMBULANCE,C:\Users\ASUS\Videos\DATASET\TRASH\audit_hasil_pemisahan\salah_kamar\FROM_POLICE_TO_AMBULANCE_dl_boost_amb_uk_full_cycle__Ks4V8yt6Mo_part0019.wav
1007,FROM_POLICE_TO_AMBULANCE_dl_boost_amb_uk_full_cycle__Ks4V8yt6Mo_part0021.wav,Salah Kamar (Tertukar),POLICE,AMBULANCE,C:\Users\ASUS\Videos\DATASET\TRASH\audit_hasil_pemisahan\salah_kamar\FROM_POLICE_TO_AMBULANCE_dl_boost_amb_uk_full_cycle__Ks4V8yt6Mo_part0021.wav
1008,FROM_POLICE_TO_AMBULANCE_dl_boost_amb_uk_full_cycle__Ks4V8yt6Mo_part0022.wav,Salah Kamar (Tertukar),POLICE,AMBULANCE,C:\Users\ASUS\Videos\DATASET\TRASH\audit_hasil_pemisahan\salah_kamar\FROM_POLICE_TO_AMBULANCE_dl_boost_amb_uk_full_cycle__Ks4V8yt6Mo_part0022.wav
1009,FROM_POLICE_TO_AMBULANCE_dl_boost_amb_uk_full_cycle__Ks4V8yt6Mo_part0023.wav,Salah Kamar (Tertukar),POLICE,AMBULANCE,C:\Users\ASUS\Videos\DATASET\TRASH\audit_hasil_pemisahan\salah_kamar\FROM_POLICE_TO_AMBULANCE_dl_boost_amb_uk_full_cycle__Ks4V8yt6Mo_part0023.wav
1010,FROM_POLICE_TO_AMBULANCE_dl_boost_amb_uk_full_cycle__Ks4V8yt6Mo_part0024.wav,Salah Kamar (Tertukar),POLICE,AMBULANCE,C:\Users\ASUS\Videos\DATASET\TRASH\audit_hasil_pemisahan\salah_kamar\FROM_POLICE_TO_AMBULANCE_dl_boost_amb_uk_full_cycle__Ks4V8yt6Mo_part0024.wav
1011,FROM_POLICE_TO_AMBULANCE_dl_boost_amb_uk_full_cycle__Ks4V8yt6Mo_part0025.wav,Salah Kamar (Tertukar),POLICE,AMBULANCE,C:\Users\ASUS\Videos\DATASET\TRASH\audit_hasil_pemisahan\salah_kamar\FROM_POLICE_TO_AMBULANCE_dl_boost_amb_uk_full_cycle__Ks4V8yt6Mo_part0025.wav
1012,FROM_POLICE_TO_AMBULANCE_dl_boost_amb_uk_full_cycle__Ks4V8yt6Mo_part0026.wav,Salah Kamar (Tertukar),POLICE,AMBULANCE,C:\Users\ASUS\Videos\DATASET\TRASH\audit_hasil_pemisahan\salah_kamar\FROM_POLICE_TO_AMBULANCE_dl_boost_amb_uk_full_cycle__Ks4V8yt6Mo_part0026.wav
1013,FROM_POLICE_TO_AMBULANCE_dl_boost_amb_uk_full_cycle__Ks4V8yt6Mo_part0027.wav,Salah Kamar (Tertukar),POLICE,AMBULANCE,C:\Users\ASUS\Videos\DATASET\TRASH\audit_hasil_pemisahan\salah_kamar\FROM_POLICE_TO_AMBULANCE_dl_boost_amb_uk_full_cycle__Ks4V8yt6Mo_part0027.wav
1014,FROM_POLICE_TO_AMBULANCE_dl_boost_amb_uk_full_cycle__Ks4V8yt6Mo_part0028.wav,Salah Kamar (Tertukar),POLICE,AMBULANCE,C:\Users\ASUS\Videos\DATASET\TRASH\audit_hasil_pemisahan\salah_kamar\FROM_POLICE_TO_AMBULANCE_dl_boost_amb_uk_full_cycle__Ks4V8yt6Mo_part0028.wav
1015,FROM_POLICE_TO_AMBULANCE_dl_boost_amb_uk_full_cycle__Ks4V8yt6Mo_part0029.wav,Salah Kamar (Tertukar),POLICE,AMBULANCE,C:\Users\ASUS\Videos\DATASET\TRASH\audit_hasil_pemisahan\salah_kamar\FROM_POLICE_TO_AMBULANCE_dl_boost_amb_uk_full_cycle__Ks4V8yt6Mo_part0029.wav
1016,FROM_POLICE_TO_AMBULANCE_dl_boost_amb_uk_full_cycle__Ks4V8yt6Mo_part0030.wav,Salah Kamar (Tertukar),POLICE,AMBULANCE,C:\Users\ASUS\Videos\DATASET\TRASH\audit_hasil_pemisahan\salah_kamar\FROM_POLICE_TO_AMBULANCE_dl_boost_amb_uk_full_cycle__Ks4V8yt6Mo_part0030.wav
1017,FROM_POLICE_TO_AMBULANCE_dl_boost_amb_uk_full_cycle__Ks4V8yt6Mo_part0031.wav,Salah Kamar (Tertukar),POLICE,AMBULANCE,C:\Users\ASUS\Videos\DATASET\TRASH\audit_hasil_pemisahan\salah_kamar\FROM_POLICE_TO_AMBULANCE_dl_boost_amb_uk_full_cycle__Ks4V8yt6Mo_part0031.wav
1018,FROM_POLICE_TO_AMBULANCE_dl_boost_amb_uk_full_cycle__Ks4V8yt6Mo_part0032.wav,Salah Kamar (Tertukar),POLICE,AMBULANCE,C:\Users\ASUS\Videos\DATASET\TRASH\audit_hasil_pemisahan\salah_kamar\FROM_POLICE_TO_AMBULANCE_dl_boost_amb_uk_full_cycle__Ks4V8yt6Mo_part0032.wav
1019,FROM_POLICE_TO_AMBULANCE_dl_boost_amb_uk_full_cycle__Ks4V8yt6Mo_part0033.wav,Salah Kamar (Tertukar),POLICE,AMBULANCE,C:\Users\ASUS\Videos\DATASET\TRASH\audit_hasil_pemisahan\salah_kamar\FROM_POLICE_TO_AMBULANCE_dl_boost_amb_uk_full_cycle__Ks4V8yt6Mo_part0033.wav
1020,FROM_POLICE_TO_AMBULANCE_dl_boost_amb_uk_full_cycle__Ks4V8yt6Mo_part0034.wav,Salah Kamar (Tertukar),POLICE,AMBULANCE,C:\Users\ASUS\Videos\DATASET\TRASH\audit_hasil_pemisahan\salah_kamar\FROM_POLICE_TO_AMBULANCE_dl_boost_amb_uk_full_cycle__Ks4V8yt6Mo_part0034.wav
1021,FROM_POLICE_TO_AMBULANCE_dl_boost_amb_uk_full_cycle__Ks4V8yt6Mo_part0035.wav,Salah Kamar (Tertukar),POLICE,AMBULANCE,C:\Users\ASUS\Videos\DATASET\TRASH\audit_hasil_pemisahan\salah_kamar\FROM_POLICE_TO_AMBULANCE_dl_boost_amb_uk_full_cycle__Ks4V8yt6Mo_part0035.wav
1022,FROM_POLICE_TO_AMBULANCE_dl_boost_amb_uk_full_cycle__Ks4V8yt6Mo_part0036.wav,Salah Kamar (Tertukar),POLICE,AMBULANCE,C:\Users\ASUS\Videos\DATASET\TRASH\audit_hasil_pemisahan\salah_kamar\FROM_POLICE_TO_AMBULANCE_dl_boost_amb_uk_full_cycle__Ks4V8yt6Mo_part0036.wav
1023,FROM_POLICE_TO_AMBULANCE_dl_boost_amb_uk_full_cycle__Ks4V8yt6Mo_part0037.wav,Salah Kamar (Tertukar),POLICE,AMBULANCE,C:\Users\ASUS\Videos\DATASET\TRASH\audit_hasil_pemisahan\salah_kamar\FROM_POLICE_TO_AMBULANCE_dl_boost_amb_uk_full_cycle__Ks4V8yt6Mo_part0037.wav
1024,FROM_POLICE_TO_AMBULANCE_dl_boost_amb_uk_full_cycle__Ks4V8yt6Mo_part0038.wav,Salah Kamar (Tertukar),POLICE,AMBULANCE,C:\Users\ASUS\Videos\DATASET\TRASH\audit_hasil_pemisahan\salah_kamar\FROM_POLICE_TO_AMBULANCE_dl_boost_amb_uk_full_cycle__Ks4V8yt6Mo_part0038.wav
1025,FROM_POLICE_TO_AMBULANCE_dl_boost_amb_uk_full_cycle__Ks4V8yt6Mo_part0039.wav,Salah Kamar (Tertukar),POLICE,AMBULANCE,C:\Users\ASUS\Videos\DATASET\TRASH\audit_hasil_pemisahan\salah_kamar\FROM_POLICE_TO_AMBULANCE_dl_boost_amb_uk_full_cycle__Ks4V8yt6Mo_part0039.wav
1026,FROM_POLICE_TO_AMBULANCE_dl_boost_amb_uk_full_cycle__Ks4V8yt6Mo_part0040.wav,Salah Kamar (Tertukar),POLICE,AMBULANCE,C:\Users\ASUS\Videos\DATASET\TRASH\audit_hasil_pemisahan\salah_kamar\FROM_POLICE_TO_AMBULANCE_dl_boost_amb_uk_full_cycle__Ks4V8yt6Mo_part0040.wav
1027,FROM_POLICE_TO_AMBULANCE_dl_boost_amb_uk_full_cycle__Ks4V8yt6Mo_part0041.wav,Salah Kamar (Tertukar),POLICE,AMBULANCE,C:\Users\ASUS\Videos\DATASET\TRASH\audit_hasil_pemisahan\salah_kamar\FROM_POLICE_TO_AMBULANCE_dl_boost_amb_uk_full_cycle__Ks4V8yt6Mo_part0041.wav
1028,FROM_POLICE_TO_AMBULANCE_dl_boost_amb_uk_full_cycle__Ks4V8yt6Mo_part0042.wav,Salah Kamar (Tertukar),POLICE,AMBULANCE,C:\Users\ASUS\Videos\DATASET\TRASH\audit_hasil_pemisahan\salah_kamar\FROM_POLICE_TO_AMBULANCE_dl_boost_amb_uk_full_cycle__Ks4V8yt6Mo_part0042.wav
1029,FROM_POLICE_TO_AMBULANCE_dl_boost_amb_uk_full_cycle__Ks4V8yt6Mo_part0043.wav,Salah Kamar (Tertukar),POLICE,AMBULANCE,C:\Users\ASUS\Videos\DATASET\TRASH\audit_hasil_pemisahan\salah_kamar\FROM_POLICE_TO_AMBULANCE_dl_boost_amb_uk_full_cycle__Ks4V8yt6Mo_part0043.wav
1030,FROM_POLICE_TO_AMBULANCE_dl_boost_amb_uk_full_cycle__Ks4V8yt6Mo_part0044.wav,Salah Kamar (Tertukar),POLICE,AMBULANCE,C:\Users\ASUS\Videos\DATASET\TRASH\audit_hasil_pemisahan\salah_kamar\FROM_POLICE_TO_AMBULANCE_dl_boost_amb_uk_full_cycle__Ks4V8yt6Mo_part0044.wav
1031,FROM_POLICE_TO_AMBULANCE_dl_boost_amb_uk_full_cycle__Ks4V8yt6Mo_part0045.wav,Salah Kamar (Tertukar),POLICE,AMBULANCE,C:\Users\ASUS\Videos\DATASET\TRASH\audit_hasil_pemisahan\salah_kamar\FROM_POLICE_TO_AMBULANCE_dl_boost_amb_uk_full_cycle__Ks4V8yt6Mo_part0045.wav
1032,FROM_POLICE_TO_AMBULANCE_dl_boost_amb_uk_full_cycle__Ks4V8yt6Mo_part0046.wav,Salah Kamar (Tertukar),POLICE,AMBULANCE,C:\Users\ASUS\Videos\DATASET\TRASH\audit_hasil_pemisahan\salah_kamar\FROM_POLICE_TO_AMBULANCE_dl_boost_amb_uk_full_cycle__Ks4V8yt6Mo_part0046.wav
1033,FROM_POLICE_TO_AMBULANCE_dl_boost_amb_uk_full_cycle__Ks4V8yt6Mo_part0047.wav,Salah Kamar (Tertukar),POLICE,AMBULANCE,C:\Users\ASUS\Videos\DATASET\TRASH\audit_hasil_pemisahan\salah_kamar\FROM_POLICE_TO_AMBULANCE_dl_boost_amb_uk_full_cycle__Ks4V8yt6Mo_part0047.wav
1034,FROM_POLICE_TO_AMBULANCE_dl_boost_amb_uk_full_cycle__Ks4V8yt6Mo_part0048.wav,Salah Kamar (Tertukar),POLICE,AMBULANCE,C:\Users\ASUS\Videos\DATASET\TRASH\audit_hasil_pemisahan\salah_kamar\FROM_POLICE_TO_AMBULANCE_dl_boost_amb_uk_full_cycle__Ks4V8yt6Mo_part0048.wav
1035,FROM_POLICE_TO_AMBULANCE_dl_boost_amb_uk_full_cycle__Ks4V8yt6Mo_part0049.wav,Salah Kamar (Tertukar),POLICE,AMBULANCE,C:\Users\ASUS\Videos\DATASET\TRASH\audit_hasil_pemisahan\salah_kamar\FROM_POLICE_TO_AMBULANCE_dl_boost_amb_uk_full_cycle__Ks4V8yt6Mo_part0049.wav
1036,FROM_POLICE_TO_AMBULANCE_dl_boost_amb_uk_full_cycle__Ks4V8yt6Mo_part0050.wav,Salah Kamar (Tertukar),POLICE,AMBULANCE,C:\Users\ASUS\Videos\DATASET\TRASH\audit_hasil_pemisahan\salah_kamar\FROM_POLICE_TO_AMBULANCE_dl_boost_amb_uk_full_cycle__Ks4V8yt6Mo_part0050.wav
1037,FROM_POLICE_TO_AMBULANCE_dl_boost_amb_uk_full_cycle__Ks4V8yt6Mo_part0051.wav,Salah Kamar (Tertukar),POLICE,AMBULANCE,C:\Users\ASUS\Videos\DATASET\TRASH\audit_hasil_pemisahan\salah_kamar\FROM_POLICE_TO_AMBULANCE_dl_boost_amb_uk_full_cycle__Ks4V8yt6Mo_part0051.wav
1038,FROM_POLICE_TO_AMBULANCE_dl_boost_amb_uk_full_cycle__Ks4V8yt6Mo_part0052.wav,Salah Kamar (Tertukar),POLICE,AMBULANCE,C:\Users\ASUS\Videos\DATASET\TRASH\audit_hasil_pemisahan\salah_kamar\FROM_POLICE_TO_AMBULANCE_dl_boost_amb_uk_full_cycle__Ks4V8yt6Mo_part0052.wav
1039,FROM_POLICE_TO_AMBULANCE_dl_boost_amb_uk_full_cycle__Ks4V8yt6Mo_part0053.wav,Salah Kamar (Tertukar),POLICE,AMBULANCE,C:\Users\ASUS\Videos\DATASET\TRASH\audit_hasil_pemisahan\salah_kamar\FROM_POLICE_TO_AMBULANCE_dl_boost_amb_uk_full_cycle__Ks4V8yt6Mo_part0053.wav
1040,FROM_POLICE_TO_AMBULANCE_dl_boost_amb_uk_full_cycle__Ks4V8yt6Mo_part0054.wav,Salah Kamar (Tertukar),POLICE,AMBULANCE,C:\Users\ASUS\Videos\DATASET\TRASH\audit_hasil_pemisahan\salah_kamar\FROM_POLICE_TO_AMBULANCE_dl_boost_amb_uk_full_cycle__Ks4V8yt6Mo_part0054.wav
1041,FROM_POLICE_TO_AMBULANCE_dl_boost_amb_uk_full_cycle__Ks4V8yt6Mo_part0055.wav,Salah Kamar (Tertukar),POLICE,AMBULANCE,C:\Users\ASUS\Videos\DATASET\TRASH\audit_hasil_pemisahan\salah_kamar\FROM_POLICE_TO_AMBULANCE_dl_boost_amb_uk_full_cycle__Ks4V8yt6Mo_part0055.wav
1042,FROM_POLICE_TO_AMBULANCE_dl_boost_amb_uk_full_cycle__Ks4V8yt6Mo_part0056.wav,Salah Kamar (Tertukar),POLICE,AMBULANCE,C:\Users\ASUS\Videos\DATASET\TRASH\audit_hasil_pemisahan\salah_kamar\FROM_POLICE_TO_AMBULANCE_dl_boost_amb_uk_full_cycle__Ks4V8yt6Mo_part0056.wav
1043,FROM_POLICE_TO_AMBULANCE_dl_boost_amb_uk_full_cycle__Ks4V8yt6Mo_part0057.wav,Salah Kamar (Tertukar),POLICE,AMBULANCE,C:\Users\ASUS\Videos\DATASET\TRASH\audit_hasil_pemisahan\salah_kamar\FROM_POLICE_TO_AMBULANCE_dl_boost_amb_uk_full_cycle__Ks4V8yt6Mo_part0057.wav
1044,FROM_POLICE_TO_AMBULANCE_dl_boost_amb_uk_full_cycle__Ks4V8yt6Mo_part0058.wav,Salah Kamar (Tertukar),POLICE,AMBULANCE,C:\Users\ASUS\Videos\DATASET\TRASH\audit_hasil_pemisahan\salah_kamar\FROM_POLICE_TO_AMBULANCE_dl_boost_amb_uk_full_cycle__Ks4V8yt6Mo_part0058.wav
1045,FROM_POLICE_TO_AMBULANCE_dl_boost_amb_uk_full_cycle__Ks4V8yt6Mo_part0059.wav,Salah Kamar (Tertukar),POLICE,AMBULANCE,C:\Users\ASUS\Videos\DATASET\TRASH\audit_hasil_pemisahan\salah_kamar\FROM_POLICE_TO_AMBULANCE_dl_boost_amb_uk_full_cycle__Ks4V8yt6Mo_part0059.wav
1046,FROM_POLICE_TO_AMBULANCE_dl_boost_amb_uk_full_cycle__Ks4V8yt6Mo_part0060.wav,Salah Kamar (Tertukar),POLICE,AMBULANCE,C:\Users\ASUS\Videos\DATASET\TRASH\audit_hasil_pemisahan\salah_kamar\FROM_POLICE_TO_AMBULANCE_dl_boost_amb_uk_full_cycle__Ks4V8yt6Mo_part0060.wav
1047,FROM_POLICE_TO_AMBULANCE_dl_boost_amb_uk_full_cycle__Ks4V8yt6Mo_part0062.wav,Salah Kamar (Tertukar),POLICE,AMBULANCE,C:\Users\ASUS\Videos\DATASET\TRASH\audit_hasil_pemisahan\salah_kamar\FROM_POLICE_TO_AMBULANCE_dl_boost_amb_uk_full_cycle__Ks4V8yt6Mo_part0062.wav
1048,FROM_POLICE_TO_AMBULANCE_dl_boost_amb_uk_full_cycle__Ks4V8yt6Mo_part0063.wav,Salah Kamar (Tertukar),POLICE,AMBULANCE,C:\Users\ASUS\Videos\DATASET\TRASH\audit_hasil_pemisahan\salah_kamar\FROM_POLICE_TO_AMBULANCE_dl_boost_amb_uk_full_cycle__Ks4V8yt6Mo_part0063.wav
1049,FROM_POLICE_TO_AMBULANCE_dl_boost_amb_uk_full_cycle__Ks4V8yt6Mo_part0064.wav,Salah Kamar (Tertukar),POLICE,AMBULANCE,C:\Users\ASUS\Videos\DATASET\TRASH\audit_hasil_pemisahan\salah_kamar\FROM_POLICE_TO_AMBULANCE_dl_boost_amb_uk_full_cycle__Ks4V8yt6Mo_part0064.wav
1050,FROM_POLICE_TO_AMBULANCE_dl_boost_amb_uk_full_cycle__Ks4V8yt6Mo_part0065.wav,Salah Kamar (Tertukar),POLICE,AMBULANCE,C:\Users\ASUS\Videos\DATASET\TRASH\audit_hasil_pemisahan\salah_kamar\FROM_POLICE_TO_AMBULANCE_dl_boost_amb_uk_full_cycle__Ks4V8yt6Mo_part0065.wav
1051,FROM_POLICE_TO_AMBULANCE_dl_boost_amb_uk_full_cycle__Ks4V8yt6Mo_part0066.wav,Salah Kamar (Tertukar),POLICE,AMBULANCE,C:\Users\ASUS\Videos\DATASET\TRASH\audit_hasil_pemisahan\salah_kamar\FROM_POLICE_TO_AMBULANCE_dl_boost_amb_uk_full_cycle__Ks4V8yt6Mo_part0066.wav
1052,FROM_POLICE_TO_AMBULANCE_dl_boost_amb_uk_full_cycle__Ks4V8yt6Mo_part0067.wav,Salah Kamar (Tertukar),POLICE,AMBULANCE,C:\Users\ASUS\Videos\DATASET\TRASH\audit_hasil_pemisahan\salah_kamar\FROM_POLICE_TO_AMBULANCE_dl_boost_amb_uk_full_cycle__Ks4V8yt6Mo_part0067.wav
1053,FROM_POLICE_TO_AMBULANCE_dl_boost_amb_uk_full_cycle__Ks4V8yt6Mo_part0068.wav,Salah Kamar (Tertukar),POLICE,AMBULANCE,C:\Users\ASUS\Videos\DATASET\TRASH\audit_hasil_pemisahan\salah_kamar\FROM_POLICE_TO_AMBULANCE_dl_boost_amb_uk_full_cycle__Ks4V8yt6Mo_part0068.wav
1054,FROM_POLICE_TO_AMBULANCE_dl_boost_amb_uk_full_cycle__Ks4V8yt6Mo_part0069.wav,Salah Kamar (Tertukar),POLICE,AMBULANCE,C:\Users\ASUS\Videos\DATASET\TRASH\audit_hasil_pemisahan\salah_kamar\FROM_POLICE_TO_AMBULANCE_dl_boost_amb_uk_full_cycle__Ks4V8yt6Mo_part0069.wav
1055,FROM_POLICE_TO_AMBULANCE_dl_boost_amb_uk_full_cycle__Ks4V8yt6Mo_part0070.wav,Salah Kamar (Tertukar),POLICE,AMBULANCE,C:\Users\ASUS\Videos\DATASET\TRASH\audit_hasil_pemisahan\salah_kamar\FROM_POLICE_TO_AMBULANCE_dl_boost_amb_uk_full_cycle__Ks4V8yt6Mo_part0070.wav
1056,FROM_POLICE_TO_AMBULANCE_dl_boost_amb_uk_full_cycle__Ks4V8yt6Mo_part0071.wav,Salah Kamar (Tertukar),POLICE,AMBULANCE,C:\Users\ASUS\Videos\DATASET\TRASH\audit_hasil_pemisahan\salah_kamar\FROM_POLICE_TO_AMBULANCE_dl_boost_amb_uk_full_cycle__Ks4V8yt6Mo_part0071.wav
1057,FROM_POLICE_TO_AMBULANCE_dl_boost_amb_uk_full_cycle__Ks4V8yt6Mo_part0072.wav,Salah Kamar (Tertukar),POLICE,AMBULANCE,C:\Users\ASUS\Videos\DATASET\TRASH\audit_hasil_pemisahan\salah_kamar\FROM_POLICE_TO_AMBULANCE_dl_boost_amb_uk_full_cycle__Ks4V8yt6Mo_part0072.wav
1058,FROM_POLICE_TO_AMBULANCE_dl_boost_amb_uk_full_cycle__Ks4V8yt6Mo_part0073.wav,Salah Kamar (Tertukar),POLICE,AMBULANCE,C:\Users\ASUS\Videos\DATASET\TRASH\audit_hasil_pemisahan\salah_kamar\FROM_POLICE_TO_AMBULANCE_dl_boost_amb_uk_full_cycle__Ks4V8yt6Mo_part0073.wav
1059,FROM_POLICE_TO_AMBULANCE_dl_boost_amb_uk_full_cycle__Ks4V8yt6Mo_part0074.wav,Salah Kamar (Tertukar),POLICE,AMBULANCE,C:\Users\ASUS\Videos\DATASET\TRASH\audit_hasil_pemisahan\salah_kamar\FROM_POLICE_TO_AMBULANCE_dl_boost_amb_uk_full_cycle__Ks4V8yt6Mo_part0074.wav
1060,FROM_POLICE_TO_AMBULANCE_dl_boost_amb_usa_wail_TGrSJf1EEuM_part0019.wav,Salah Kamar (Tertukar),POLICE,AMBULANCE,C:\Users\ASUS\Videos\DATASET\TRASH\audit_hasil_pemisahan\salah_kamar\FROM_POLICE_TO_AMBULANCE_dl_boost_amb_usa_wail_TGrSJf1EEuM_part0019.wav
1061,FROM_POLICE_TO_AMBULANCE_dl_boost_amb_usa_wail_TGrSJf1EEuM_part0065.wav,Salah Kamar (Tertukar),POLICE,AMBULANCE,C:\Users\ASUS\Videos\DATASET\TRASH\audit_hasil_pemisahan\salah_kamar\FROM_POLICE_TO_AMBULANCE_dl_boost_amb_usa_wail_TGrSJf1EEuM_part0065.wav
1062,FROM_POLICE_TO_AMBULANCE_dl_v3_pol_new_01_part0000.wav,Salah Kamar (Tertukar),POLICE,AMBULANCE,C:\Users\ASUS\Videos\DATASET\TRASH\audit_hasil_pemisahan\salah_kamar\FROM_POLICE_TO_AMBULANCE_dl_v3_pol_new_01_part0000.wav
1063,FROM_POLICE_TO_AMBULANCE_dl_v3_pol_new_01_part0001.wav,Salah Kamar (Tertukar),POLICE,AMBULANCE,C:\Users\ASUS\Videos\DATASET\TRASH\audit_hasil_pemisahan\salah_kamar\FROM_POLICE_TO_AMBULANCE_dl_v3_pol_new_01_part0001.wav
1064,FROM_POLICE_TO_AMBULANCE_dl_v3_pol_new_01_part0002.wav,Salah Kamar (Tertukar),POLICE,AMBULANCE,C:\Users\ASUS\Videos\DATASET\TRASH\audit_hasil_pemisahan\salah_kamar\FROM_POLICE_TO_AMBULANCE_dl_v3_pol_new_01_part0002.wav
1065,FROM_POLICE_TO_AMBULANCE_dl_v3_pol_new_01_part0003.wav,Salah Kamar (Tertukar),POLICE,AMBULANCE,C:\Users\ASUS\Videos\DATASET\TRASH\audit_hasil_pemisahan\salah_kamar\FROM_POLICE_TO_AMBULANCE_dl_v3_pol_new_01_part0003.wav
1066,FROM_POLICE_TO_AMBULANCE_dl_v3_pol_new_01_part0004.wav,Salah Kamar (Tertukar),POLICE,AMBULANCE,C:\Users\ASUS\Videos\DATASET\TRASH\audit_hasil_pemisahan\salah_kamar\FROM_POLICE_TO_AMBULANCE_dl_v3_pol_new_01_part0004.wav
1067,FROM_POLICE_TO_AMBULANCE_dl_v3_pol_new_01_part0005.wav,Salah Kamar (Tertukar),POLICE,AMBULANCE,C:\Users\ASUS\Videos\DATASET\TRASH\audit_hasil_pemisahan\salah_kamar\FROM_POLICE_TO_AMBULANCE_dl_v3_pol_new_01_part0005.wav
1068,FROM_POLICE_TO_AMBULANCE_dl_v3_pol_new_01_part0006.wav,Salah Kamar (Tertukar),POLICE,AMBULANCE,C:\Users\ASUS\Videos\DATASET\TRASH\audit_hasil_pemisahan\salah_kamar\FROM_POLICE_TO_AMBULANCE_dl_v3_pol_new_01_part0006.wav
1069,FROM_POLICE_TO_AMBULANCE_dl_v3_pol_new_01_part0007.wav,Salah Kamar (Tertukar),POLICE,AMBULANCE,C:\Users\ASUS\Videos\DATASET\TRASH\audit_hasil_pemisahan\salah_kamar\FROM_POLICE_TO_AMBULANCE_dl_v3_pol_new_01_part0007.wav
1070,FROM_POLICE_TO_AMBULANCE_dl_v3_pol_new_01_part0008.wav,Salah Kamar (Tertukar),POLICE,AMBULANCE,C:\Users\ASUS\Videos\DATASET\TRASH\audit_hasil_pemisahan\salah_kamar\FROM_POLICE_TO_AMBULANCE_dl_v3_pol_new_01_part0008.wav
1071,FROM_POLICE_TO_AMBULANCE_dl_v3_pol_new_01_part0009.wav,Salah Kamar (Tertukar),POLICE,AMBULANCE,C:\Users\ASUS\Videos\DATASET\TRASH\audit_hasil_pemisahan\salah_kamar\FROM_POLICE_TO_AMBULANCE_dl_v3_pol_new_01_part0009.wav
1072,FROM_POLICE_TO_AMBULANCE_dl_v3_pol_new_01_part0011.wav,Salah Kamar (Tertukar),POLICE,AMBULANCE,C:\Users\ASUS\Videos\DATASET\TRASH\audit_hasil_pemisahan\salah_kamar\FROM_POLICE_TO_AMBULANCE_dl_v3_pol_new_01_part0011.wav
1073,FROM_POLICE_TO_AMBULANCE_dl_v3_pol_new_01_part0012.wav,Salah Kamar (Tertukar),POLICE,AMBULANCE,C:\Users\ASUS\Videos\DATASET\TRASH\audit_hasil_pemisahan\salah_kamar\FROM_POLICE_TO_AMBULANCE_dl_v3_pol_new_01_part0012.wav
1074,FROM_POLICE_TO_AMBULANCE_dl_v3_pol_new_01_part0013.wav,Salah Kamar (Tertukar),POLICE,AMBULANCE,C:\Users\ASUS\Videos\DATASET\TRASH\audit_hasil_pemisahan\salah_kamar\FROM_POLICE_TO_AMBULANCE_dl_v3_pol_new_01_part0013.wav
1075,FROM_POLICE_TO_AMBULANCE_dl_v3_pol_new_01_part0014.wav,Salah Kamar (Tertukar),POLICE,AMBULANCE,C:\Users\ASUS\Videos\DATASET\TRASH\audit_hasil_pemisahan\salah_kamar\FROM_POLICE_TO_AMBULANCE_dl_v3_pol_new_01_part0014.wav
1076,FROM_POLICE_TO_AMBULANCE_dl_v3_pol_new_01_part0015.wav,Salah Kamar (Tertukar),POLICE,AMBULANCE,C:\Users\ASUS\Videos\DATASET\TRASH\audit_hasil_pemisahan\salah_kamar\FROM_POLICE_TO_AMBULANCE_dl_v3_pol_new_01_part0015.wav
1077,FROM_POLICE_TO_AMBULANCE_dl_v3_pol_new_01_part0016.wav,Salah Kamar (Tertukar),POLICE,AMBULANCE,C:\Users\ASUS\Videos\DATASET\TRASH\audit_hasil_pemisahan\salah_kamar\FROM_POLICE_TO_AMBULANCE_dl_v3_pol_new_01_part0016.wav
1078,FROM_POLICE_TO_AMBULANCE_dl_v3_pol_new_01_part0017.wav,Salah Kamar (Tertukar),POLICE,AMBULANCE,C:\Users\ASUS\Videos\DATASET\TRASH\audit_hasil_pemisahan\salah_kamar\FROM_POLICE_TO_AMBULANCE_dl_v3_pol_new_01_part0017.wav
1079,FROM_POLICE_TO_AMBULANCE_dl_v3_pol_new_01_part0018.wav,Salah Kamar (Tertukar),POLICE,AMBULANCE,C:\Users\ASUS\Videos\DATASET\TRASH\audit_hasil_pemisahan\salah_kamar\FROM_POLICE_TO_AMBULANCE_dl_v3_pol_new_01_part0018.wav
1080,FROM_POLICE_TO_AMBULANCE_dl_v3_pol_new_01_part0019.wav,Salah Kamar (Tertukar),POLICE,AMBULANCE,C:\Users\ASUS\Videos\DATASET\TRASH\audit_hasil_pemisahan\salah_kamar\FROM_POLICE_TO_AMBULANCE_dl_v3_pol_new_01_part0019.wav
1081,FROM_POLICE_TO_AMBULANCE_dl_v3_pol_new_01_part0020.wav,Salah Kamar (Tertukar),POLICE,AMBULANCE,C:\Users\ASUS\Videos\DATASET\TRASH\audit_hasil_pemisahan\salah_kamar\FROM_POLICE_TO_AMBULANCE_dl_v3_pol_new_01_part0020.wav
1082,FROM_POLICE_TO_AMBULANCE_dl_v3_pol_new_01_part0021.wav,Salah Kamar (Tertukar),POLICE,AMBULANCE,C:\Users\ASUS\Videos\DATASET\TRASH\audit_hasil_pemisahan\salah_kamar\FROM_POLICE_TO_AMBULANCE_dl_v3_pol_new_01_part0021.wav
1083,FROM_POLICE_TO_AMBULANCE_dl_v3_pol_new_01_part0022.wav,Salah Kamar (Tertukar),POLICE,AMBULANCE,C:\Users\ASUS\Videos\DATASET\TRASH\audit_hasil_pemisahan\salah_kamar\FROM_POLICE_TO_AMBULANCE_dl_v3_pol_new_01_part0022.wav
1084,FROM_POLICE_TO_AMBULANCE_dl_v3_pol_new_01_part0023.wav,Salah Kamar (Tertukar),POLICE,AMBULANCE,C:\Users\ASUS\Videos\DATASET\TRASH\audit_hasil_pemisahan\salah_kamar\FROM_POLICE_TO_AMBULANCE_dl_v3_pol_new_01_part0023.wav
1085,FROM_POLICE_TO_AMBULANCE_dl_v3_pol_new_01_part0024.wav,Salah Kamar (Tertukar),POLICE,AMBULANCE,C:\Users\ASUS\Videos\DATASET\TRASH\audit_hasil_pemisahan\salah_kamar\FROM_POLICE_TO_AMBULANCE_dl_v3_pol_new_01_part0024.wav
1086,FROM_POLICE_TO_AMBULANCE_dl_v3_pol_new_01_part0025.wav,Salah Kamar (Tertukar),POLICE,AMBULANCE,C:\Users\ASUS\Videos\DATASET\TRASH\audit_hasil_pemisahan\salah_kamar\FROM_POLICE_TO_AMBULANCE_dl_v3_pol_new_01_part0025.wav
1087,FROM_POLICE_TO_AMBULANCE_dl_v3_pol_new_01_part0026.wav,Salah Kamar (Tertukar),POLICE,AMBULANCE,C:\Users\ASUS\Videos\DATASET\TRASH\audit_hasil_pemisahan\salah_kamar\FROM_POLICE_TO_AMBULANCE_dl_v3_pol_new_01_part0026.wav
1088,FROM_POLICE_TO_AMBULANCE_dl_v3_pol_new_01_part0027.wav,Salah Kamar (Tertukar),POLICE,AMBULANCE,C:\Users\ASUS\Videos\DATASET\TRASH\audit_hasil_pemisahan\salah_kamar\FROM_POLICE_TO_AMBULANCE_dl_v3_pol_new_01_part0027.wav
1089,FROM_POLICE_TO_AMBULANCE_dl_v3_pol_new_01_part0028.wav,Salah Kamar (Tertukar),POLICE,AMBULANCE,C:\Users\ASUS\Videos\DATASET\TRASH\audit_hasil_pemisahan\salah_kamar\FROM_POLICE_TO_AMBULANCE_dl_v3_pol_new_01_part0028.wav
1090,FROM_POLICE_TO_AMBULANCE_dl_v3_pol_new_01_part0029.wav,Salah Kamar (Tertukar),POLICE,AMBULANCE,C:\Users\ASUS\Videos\DATASET\TRASH\audit_hasil_pemisahan\salah_kamar\FROM_POLICE_TO_AMBULANCE_dl_v3_pol_new_01_part0029.wav
1091,FROM_POLICE_TO_AMBULANCE_dl_v3_pol_new_01_part0030.wav,Salah Kamar (Tertukar),POLICE,AMBULANCE,C:\Users\ASUS\Videos\DATASET\TRASH\audit_hasil_pemisahan\salah_kamar\FROM_POLICE_TO_AMBULANCE_dl_v3_pol_new_01_part0030.wav
1092,FROM_POLICE_TO_AMBULANCE_dl_v3_pol_new_01_part0031.wav,Salah Kamar (Tertukar),POLICE,AMBULANCE,C:\Users\ASUS\Videos\DATASET\TRASH\audit_hasil_pemisahan\salah_kamar\FROM_POLICE_TO_AMBULANCE_dl_v3_pol_new_01_part0031.wav
1093,FROM_POLICE_TO_AMBULANCE_dl_v3_pol_new_01_part0032.wav,Salah Kamar (Tertukar),POLICE,AMBULANCE,C:\Users\ASUS\Videos\DATASET\TRASH\audit_hasil_pemisahan\salah_kamar\FROM_POLICE_TO_AMBULANCE_dl_v3_pol_new_01_part0032.wav
1094,FROM_POLICE_TO_AMBULANCE_dl_v3_pol_new_01_part0033.wav,Salah Kamar (Tertukar),POLICE,AMBULANCE,C:\Users\ASUS\Videos\DATASET\TRASH\audit_hasil_pemisahan\salah_kamar\FROM_POLICE_TO_AMBULANCE_dl_v3_pol_new_01_part0033.wav
1095,FROM_POLICE_TO_AMBULANCE_dl_v3_pol_new_01_part0034.wav,Salah Kamar (Tertukar),POLICE,AMBULANCE,C:\Users\ASUS\Videos\DATASET\TRASH\audit_hasil_pemisahan\salah_kamar\FROM_POLICE_TO_AMBULANCE_dl_v3_pol_new_01_part0034.wav
1096,FROM_POLICE_TO_AMBULANCE_dl_v3_pol_new_01_part0035.wav,Salah Kamar (Tertukar),POLICE,AMBULANCE,C:\Users\ASUS\Videos\DATASET\TRASH\audit_hasil_pemisahan\salah_kamar\FROM_POLICE_TO_AMBULANCE_dl_v3_pol_new_01_part0035.wav
1097,FROM_POLICE_TO_AMBULANCE_dl_v3_pol_new_01_part0036.wav,Salah Kamar (Tertukar),POLICE,AMBULANCE,C:\Users\ASUS\Videos\DATASET\TRASH\audit_hasil_pemisahan\salah_kamar\FROM_POLICE_TO_AMBULANCE_dl_v3_pol_new_01_part0036.wav
1098,FROM_POLICE_TO_AMBULANCE_dl_v3_pol_new_01_part0037.wav,Salah Kamar (Tertukar),POLICE,AMBULANCE,C:\Users\ASUS\Videos\DATASET\TRASH\audit_hasil_pemisahan\salah_kamar\FROM_POLICE_TO_AMBULANCE_dl_v3_pol_new_01_part0037.wav
1099,FROM_POLICE_TO_AMBULANCE_dl_v3_pol_new_01_part0038.wav,Salah Kamar (Tertukar),POLICE,AMBULANCE,C:\Users\ASUS\Videos\DATASET\TRASH\audit_hasil_pemisahan\salah_kamar\FROM_POLICE_TO_AMBULANCE_dl_v3_pol_new_01_part0038.wav
1100,FROM_POLICE_TO_AMBULANCE_dl_v3_pol_new_01_part0039.wav,Salah Kamar (Tertukar),POLICE,AMBULANCE,C:\Users\ASUS\Videos\DATASET\TRASH\audit_hasil_pemisahan\salah_kamar\FROM_POLICE_TO_AMBULANCE_dl_v3_pol_new_01_part0039.wav
1101,FROM_POLICE_TO_AMBULANCE_dl_v3_pol_new_01_part0040.wav,Salah Kamar (Tertukar),POLICE,AMBULANCE,C:\Users\ASUS\Videos\DATASET\TRASH\audit_hasil_pemisahan\salah_kamar\FROM_POLICE_TO_AMBULANCE_dl_v3_pol_new_01_part0040.wav
1102,FROM_POLICE_TO_AMBULANCE_dl_v3_pol_new_01_part0042.wav,Salah Kamar (Tertukar),POLICE,AMBULANCE,C:\Users\ASUS\Videos\DATASET\TRASH\audit_hasil_pemisahan\salah_kamar\FROM_POLICE_TO_AMBULANCE_dl_v3_pol_new_01_part0042.wav
1103,FROM_POLICE_TO_AMBULANCE_dl_v3_pol_new_01_part0043.wav,Salah Kamar (Tertukar),POLICE,AMBULANCE,C:\Users\ASUS\Videos\DATASET\TRASH\audit_hasil_pemisahan\salah_kamar\FROM_POLICE_TO_AMBULANCE_dl_v3_pol_new_01_part0043.wav
1104,FROM_POLICE_TO_AMBULANCE_dl_v3_pol_new_01_part0044.wav,Salah Kamar (Tertukar),POLICE,AMBULANCE,C:\Users\ASUS\Videos\DATASET\TRASH\audit_hasil_pemisahan\salah_kamar\FROM_POLICE_TO_AMBULANCE_dl_v3_pol_new_01_part0044.wav
1105,FROM_POLICE_TO_AMBULANCE_dl_v3_pol_new_01_part0045.wav,Salah Kamar (Tertukar),POLICE,AMBULANCE,C:\Users\ASUS\Videos\DATASET\TRASH\audit_hasil_pemisahan\salah_kamar\FROM_POLICE_TO_AMBULANCE_dl_v3_pol_new_01_part0045.wav
1106,FROM_POLICE_TO_AMBULANCE_dl_v3_pol_new_01_part0046.wav,Salah Kamar (Tertukar),POLICE,AMBULANCE,C:\Users\ASUS\Videos\DATASET\TRASH\audit_hasil_pemisahan\salah_kamar\FROM_POLICE_TO_AMBULANCE_dl_v3_pol_new_01_part0046.wav
1107,FROM_POLICE_TO_AMBULANCE_dl_v3_pol_new_01_part0047.wav,Salah Kamar (Tertukar),POLICE,AMBULANCE,C:\Users\ASUS\Videos\DATASET\TRASH\audit_hasil_pemisahan\salah_kamar\FROM_POLICE_TO_AMBULANCE_dl_v3_pol_new_01_part0047.wav
1108,FROM_POLICE_TO_AMBULANCE_dl_v3_pol_new_01_part0048.wav,Salah Kamar (Tertukar),POLICE,AMBULANCE,C:\Users\ASUS\Videos\DATASET\TRASH\audit_hasil_pemisahan\salah_kamar\FROM_POLICE_TO_AMBULANCE_dl_v3_pol_new_01_part0048.wav
1109,FROM_POLICE_TO_AMBULANCE_dl_v3_pol_new_01_part0049.wav,Salah Kamar (Tertukar),POLICE,AMBULANCE,C:\Users\ASUS\Videos\DATASET\TRASH\audit_hasil_pemisahan\salah_kamar\FROM_POLICE_TO_AMBULANCE_dl_v3_pol_new_01_part0049.wav
1110,FROM_POLICE_TO_AMBULANCE_dl_v3_pol_new_01_part0050.wav,Salah Kamar (Tertukar),POLICE,AMBULANCE,C:\Users\ASUS\Videos\DATASET\TRASH\audit_hasil_pemisahan\salah_kamar\FROM_POLICE_TO_AMBULANCE_dl_v3_pol_new_01_part0050.wav
1111,FROM_POLICE_TO_AMBULANCE_dl_v3_pol_new_01_part0051.wav,Salah Kamar (Tertukar),POLICE,AMBULANCE,C:\Users\ASUS\Videos\DATASET\TRASH\audit_hasil_pemisahan\salah_kamar\FROM_POLICE_TO_AMBULANCE_dl_v3_pol_new_01_part0051.wav
1112,FROM_POLICE_TO_AMBULANCE_dl_v3_pol_new_01_part0052.wav,Salah Kamar (Tertukar),POLICE,AMBULANCE,C:\Users\ASUS\Videos\DATASET\TRASH\audit_hasil_pemisahan\salah_kamar\FROM_POLICE_TO_AMBULANCE_dl_v3_pol_new_01_part0052.wav
1113,FROM_POLICE_TO_AMBULANCE_dl_v3_pol_new_01_part0053.wav,Salah Kamar (Tertukar),POLICE,AMBULANCE,C:\Users\ASUS\Videos\DATASET\TRASH\audit_hasil_pemisahan\salah_kamar\FROM_POLICE_TO_AMBULANCE_dl_v3_pol_new_01_part0053.wav
1114,FROM_POLICE_TO_AMBULANCE_dl_v3_pol_new_01_part0054.wav,Salah Kamar (Tertukar),POLICE,AMBULANCE,C:\Users\ASUS\Videos\DATASET\TRASH\audit_hasil_pemisahan\salah_kamar\FROM_POLICE_TO_AMBULANCE_dl_v3_pol_new_01_part0054.wav
1115,FROM_POLICE_TO_AMBULANCE_dl_v3_pol_new_01_part0055.wav,Salah Kamar (Tertukar),POLICE,AMBULANCE,C:\Users\ASUS\Videos\DATASET\TRASH\audit_hasil_pemisahan\salah_kamar\FROM_POLICE_TO_AMBULANCE_dl_v3_pol_new_01_part0055.wav
1116,FROM_POLICE_TO_AMBULANCE_dl_v3_pol_new_01_part0056.wav,Salah Kamar (Tertukar),POLICE,AMBULANCE,C:\Users\ASUS\Videos\DATASET\TRASH\audit_hasil_pemisahan\salah_kamar\FROM_POLICE_TO_AMBULANCE_dl_v3_pol_new_01_part0056.wav
1117,FROM_POLICE_TO_AMBULANCE_dl_v3_pol_new_01_part0057.wav,Salah Kamar (Tertukar),POLICE,AMBULANCE,C:\Users\ASUS\Videos\DATASET\TRASH\audit_hasil_pemisahan\salah_kamar\FROM_POLICE_TO_AMBULANCE_dl_v3_pol_new_01_part0057.wav
1118,FROM_POLICE_TO_AMBULANCE_dl_v3_pol_new_01_part0058.wav,Salah Kamar (Tertukar),POLICE,AMBULANCE,C:\Users\ASUS\Videos\DATASET\TRASH\audit_hasil_pemisahan\salah_kamar\FROM_POLICE_TO_AMBULANCE_dl_v3_pol_new_01_part0058.wav
1119,FROM_POLICE_TO_AMBULANCE_dl_v3_pol_new_01_part0059.wav,Salah Kamar (Tertukar),POLICE,AMBULANCE,C:\Users\ASUS\Videos\DATASET\TRASH\audit_hasil_pemisahan\salah_kamar\FROM_POLICE_TO_AMBULANCE_dl_v3_pol_new_01_part0059.wav
1120,FROM_POLICE_TO_AMBULANCE_dl_v3_pol_new_01_part0060.wav,Salah Kamar (Tertukar),POLICE,AMBULANCE,C:\Users\ASUS\Videos\DATASET\TRASH\audit_hasil_pemisahan\salah_kamar\FROM_POLICE_TO_AMBULANCE_dl_v3_pol_new_01_part0060.wav
1121,FROM_POLICE_TO_AMBULANCE_dl_v3_pol_new_01_part0061.wav,Salah Kamar (Tertukar),POLICE,AMBULANCE,C:\Users\ASUS\Videos\DATASET\TRASH\audit_hasil_pemisahan\salah_kamar\FROM_POLICE_TO_AMBULANCE_dl_v3_pol_new_01_part0061.wav
1122,FROM_POLICE_TO_AMBULANCE_dl_v3_pol_new_01_part0062.wav,Salah Kamar (Tertukar),POLICE,AMBULANCE,C:\Users\ASUS\Videos\DATASET\TRASH\audit_hasil_pemisahan\salah_kamar\FROM_POLICE_TO_AMBULANCE_dl_v3_pol_new_01_part0062.wav
1123,FROM_POLICE_TO_AMBULANCE_dl_v3_pol_new_01_part0063.wav,Salah Kamar (Tertukar),POLICE,AMBULANCE,C:\Users\ASUS\Videos\DATASET\TRASH\audit_hasil_pemisahan\salah_kamar\FROM_POLICE_TO_AMBULANCE_dl_v3_pol_new_01_part0063.wav
1124,FROM_POLICE_TO_AMBULANCE_dl_v3_pol_new_01_part0064.wav,Salah Kamar (Tertukar),POLICE,AMBULANCE,C:\Users\ASUS\Videos\DATASET\TRASH\audit_hasil_pemisahan\salah_kamar\FROM_POLICE_TO_AMBULANCE_dl_v3_pol_new_01_part0064.wav
1125,FROM_POLICE_TO_AMBULANCE_dl_v3_pol_new_02_part0000.wav,Salah Kamar (Tertukar),POLICE,AMBULANCE,C:\Users\ASUS\Videos\DATASET\TRASH\audit_hasil_pemisahan\salah_kamar\FROM_POLICE_TO_AMBULANCE_dl_v3_pol_new_02_part0000.wav
1126,FROM_POLICE_TO_AMBULANCE_dl_v3_pol_new_02_part0002.wav,Salah Kamar (Tertukar),POLICE,AMBULANCE,C:\Users\ASUS\Videos\DATASET\TRASH\audit_hasil_pemisahan\salah_kamar\FROM_POLICE_TO_AMBULANCE_dl_v3_pol_new_02_part0002.wav
1127,FROM_POLICE_TO_AMBULANCE_dl_v3_pol_new_02_part0005.wav,Salah Kamar (Tertukar),POLICE,AMBULANCE,C:\Users\ASUS\Videos\DATASET\TRASH\audit_hasil_pemisahan\salah_kamar\FROM_POLICE_TO_AMBULANCE_dl_v3_pol_new_02_part0005.wav
1128,FROM_POLICE_TO_AMBULANCE_dl_v3_pol_new_04_part0003.wav,Salah Kamar (Tertukar),POLICE,AMBULANCE,C:\Users\ASUS\Videos\DATASET\TRASH\audit_hasil_pemisahan\salah_kamar\FROM_POLICE_TO_AMBULANCE_dl_v3_pol_new_04_part0003.wav
1129,FROM_POLICE_TO_AMBULANCE_dl_v3_pol_new_04_part0004.wav,Salah Kamar (Tertukar),POLICE,AMBULANCE,C:\Users\ASUS\Videos\DATASET\TRASH\audit_hasil_pemisahan\salah_kamar\FROM_POLICE_TO_AMBULANCE_dl_v3_pol_new_04_part0004.wav
1130,FROM_POLICE_TO_AMBULANCE_dl_v3_pol_new_04_part0006.wav,Salah Kamar (Tertukar),POLICE,AMBULANCE,C:\Users\ASUS\Videos\DATASET\TRASH\audit_hasil_pemisahan\salah_kamar\FROM_POLICE_TO_AMBULANCE_dl_v3_pol_new_04_part0006.wav
1131,FROM_POLICE_TO_AMBULANCE_dl_v3_pol_new_04_part0008.wav,Salah Kamar (Tertukar),POLICE,AMBULANCE,C:\Users\ASUS\Videos\DATASET\TRASH\audit_hasil_pemisahan\salah_kamar\FROM_POLICE_TO_AMBULANCE_dl_v3_pol_new_04_part0008.wav
1132,FROM_POLICE_TO_AMBULANCE_dl_v3_pol_new_04_part0011.wav,Salah Kamar (Tertukar),POLICE,AMBULANCE,C:\Users\ASUS\Videos\DATASET\TRASH\audit_hasil_pemisahan\salah_kamar\FROM_POLICE_TO_AMBULANCE_dl_v3_pol_new_04_part0011.wav
1133,FROM_POLICE_TO_AMBULANCE_dl_v3_pol_new_04_part0012.wav,Salah Kamar (Tertukar),POLICE,AMBULANCE,C:\Users\ASUS\Videos\DATASET\TRASH\audit_hasil_pemisahan\salah_kamar\FROM_POLICE_TO_AMBULANCE_dl_v3_pol_new_04_part0012.wav
1134,FROM_POLICE_TO_AMBULANCE_dl_v3_pol_new_06_part0006.wav,Salah Kamar (Tertukar),POLICE,AMBULANCE,C:\Users\ASUS\Videos\DATASET\TRASH\audit_hasil_pemisahan\salah_kamar\FROM_POLICE_TO_AMBULANCE_dl_v3_pol_new_06_part0006.wav
1135,FROM_POLICE_TO_AMBULANCE_dl_v3_pol_new_06_part0054.wav,Salah Kamar (Tertukar),POLICE,AMBULANCE,C:\Users\ASUS\Videos\DATASET\TRASH\audit_hasil_pemisahan\salah_kamar\FROM_POLICE_TO_AMBULANCE_dl_v3_pol_new_06_part0054.wav
1136,FROM_POLICE_TO_AMBULANCE_dl_v3_pol_new_06_part0060.wav,Salah Kamar (Tertukar),POLICE,AMBULANCE,C:\Users\ASUS\Videos\DATASET\TRASH\audit_hasil_pemisahan\salah_kamar\FROM_POLICE_TO_AMBULANCE_dl_v3_pol_new_06_part0060.wav
1137,FROM_POLICE_TO_AMBULANCE_dl_v3_pol_new_06_part0068.wav,Salah Kamar (Tertukar),POLICE,AMBULANCE,C:\Users\ASUS\Videos\DATASET\TRASH\audit_hasil_pemisahan\salah_kamar\FROM_POLICE_TO_AMBULANCE_dl_v3_pol_new_06_part0068.wav
1138,FROM_POLICE_TO_AMBULANCE_dl_v3_pol_new_06_part0069.wav,Salah Kamar (Tertukar),POLICE,AMBULANCE,C:\Users\ASUS\Videos\DATASET\TRASH\audit_hasil_pemisahan\salah_kamar\FROM_POLICE_TO_AMBULANCE_dl_v3_pol_new_06_part0069.wav
1139,FROM_POLICE_TO_AMBULANCE_dl_v3_pol_new_06_part0106.wav,Salah Kamar (Tertukar),POLICE,AMBULANCE,C:\Users\ASUS\Videos\DATASET\TRASH\audit_hasil_pemisahan\salah_kamar\FROM_POLICE_TO_AMBULANCE_dl_v3_pol_new_06_part0106.wav
1140,FROM_POLICE_TO_AMBULANCE_dl_v3_pol_new_06_part0111.wav,Salah Kamar (Tertukar),POLICE,AMBULANCE,C:\Users\ASUS\Videos\DATASET\TRASH\audit_hasil_pemisahan\salah_kamar\FROM_POLICE_TO_AMBULANCE_dl_v3_pol_new_06_part0111.wav
1141,FROM_POLICE_TO_AMBULANCE_dl_v3_pol_new_06_part0119.wav,Salah Kamar (Tertukar),POLICE,AMBULANCE,C:\Users\ASUS\Videos\DATASET\TRASH\audit_hasil_pemisahan\salah_kamar\FROM_POLICE_TO_AMBULANCE_dl_v3_pol_new_06_part0119.wav
1142,FROM_POLICE_TO_AMBULANCE_dl_v3_pol_new_09_part0001.wav,Salah Kamar (Tertukar),POLICE,AMBULANCE,C:\Users\ASUS\Videos\DATASET\TRASH\audit_hasil_pemisahan\salah_kamar\FROM_POLICE_TO_AMBULANCE_dl_v3_pol_new_09_part0001.wav
1143,FROM_POLICE_TO_AMBULANCE_dl_v3_pol_new_09_part0002.wav,Salah Kamar (Tertukar),POLICE,AMBULANCE,C:\Users\ASUS\Videos\DATASET\TRASH\audit_hasil_pemisahan\salah_kamar\FROM_POLICE_TO_AMBULANCE_dl_v3_pol_new_09_part0002.wav
1144,FROM_POLICE_TO_AMBULANCE_dl_v3_pol_new_09_part0011.wav,Salah Kamar (Tertukar),POLICE,AMBULANCE,C:\Users\ASUS\Videos\DATASET\TRASH\audit_hasil_pemisahan\salah_kamar\FROM_POLICE_TO_AMBULANCE_dl_v3_pol_new_09_part0011.wav
1145,FROM_POLICE_TO_AMBULANCE_dl_v3_pol_new_09_part0012.wav,Salah Kamar (Tertukar),POLICE,AMBULANCE,C:\Users\ASUS\Videos\DATASET\TRASH\audit_hasil_pemisahan\salah_kamar\FROM_POLICE_TO_AMBULANCE_dl_v3_pol_new_09_part0012.wav
1146,FROM_POLICE_TO_AMBULANCE_dl_v3_pol_new_09_part0013.wav,Salah Kamar (Tertukar),POLICE,AMBULANCE,C:\Users\ASUS\Videos\DATASET\TRASH\audit_hasil_pemisahan\salah_kamar\FROM_POLICE_TO_AMBULANCE_dl_v3_pol_new_09_part0013.wav
1147,FROM_POLICE_TO_AMBULANCE_dl_v3_pol_new_09_part0017.wav,Salah Kamar (Tertukar),POLICE,AMBULANCE,C:\Users\ASUS\Videos\DATASET\TRASH\audit_hasil_pemisahan\salah_kamar\FROM_POLICE_TO_AMBULANCE_dl_v3_pol_new_09_part0017.wav
1148,FROM_POLICE_TO_AMBULANCE_dl_v3_pol_new_09_part0018.wav,Salah Kamar (Tertukar),POLICE,AMBULANCE,C:\Users\ASUS\Videos\DATASET\TRASH\audit_hasil_pemisahan\salah_kamar\FROM_POLICE_TO_AMBULANCE_dl_v3_pol_new_09_part0018.wav
1149,FROM_POLICE_TO_AMBULANCE_dl_v3_pol_new_09_part0021.wav,Salah Kamar (Tertukar),POLICE,AMBULANCE,C:\Users\ASUS\Videos\DATASET\TRASH\audit_hasil_pemisahan\salah_kamar\FROM_POLICE_TO_AMBULANCE_dl_v3_pol_new_09_part0021.wav
1150,FROM_POLICE_TO_AMBULANCE_dl_v3_pol_new_09_part0022.wav,Salah Kamar (Tertukar),POLICE,AMBULANCE,C:\Users\ASUS\Videos\DATASET\TRASH\audit_hasil_pemisahan\salah_kamar\FROM_POLICE_TO_AMBULANCE_dl_v3_pol_new_09_part0022.wav
1151,FROM_POLICE_TO_AMBULANCE_dl_v3_pol_new_09_part0023.wav,Salah Kamar (Tertukar),POLICE,AMBULANCE,C:\Users\ASUS\Videos\DATASET\TRASH\audit_hasil_pemisahan\salah_kamar\FROM_POLICE_TO_AMBULANCE_dl_v3_pol_new_09_part0023.wav
1152,FROM_POLICE_TO_AMBULANCE_dl_v3_pol_new_09_part0024.wav,Salah Kamar (Tertukar),POLICE,AMBULANCE,C:\Users\ASUS\Videos\DATASET\TRASH\audit_hasil_pemisahan\salah_kamar\FROM_POLICE_TO_AMBULANCE_dl_v3_pol_new_09_part0024.wav
1153,FROM_POLICE_TO_AMBULANCE_dl_v3_pol_new_09_part0025.wav,Salah Kamar (Tertukar),POLICE,AMBULANCE,C:\Users\ASUS\Videos\DATASET\TRASH\audit_hasil_pemisahan\salah_kamar\FROM_POLICE_TO_AMBULANCE_dl_v3_pol_new_09_part0025.wav
1154,FROM_POLICE_TO_AMBULANCE_dl_v3_pol_new_09_part0026.wav,Salah Kamar (Tertukar),POLICE,AMBULANCE,C:\Users\ASUS\Videos\DATASET\TRASH\audit_hasil_pemisahan\salah_kamar\FROM_POLICE_TO_AMBULANCE_dl_v3_pol_new_09_part0026.wav
1155,FROM_POLICE_TO_AMBULANCE_dl_v3_pol_new_09_part0027.wav,Salah Kamar (Tertukar),POLICE,AMBULANCE,C:\Users\ASUS\Videos\DATASET\TRASH\audit_hasil_pemisahan\salah_kamar\FROM_POLICE_TO_AMBULANCE_dl_v3_pol_new_09_part0027.wav
1156,FROM_POLICE_TO_AMBULANCE_dl_v3_pol_new_09_part0031.wav,Salah Kamar (Tertukar),POLICE,AMBULANCE,C:\Users\ASUS\Videos\DATASET\TRASH\audit_hasil_pemisahan\salah_kamar\FROM_POLICE_TO_AMBULANCE_dl_v3_pol_new_09_part0031.wav
1157,FROM_POLICE_TO_AMBULANCE_dl_v3_pol_new_09_part0034.wav,Salah Kamar (Tertukar),POLICE,AMBULANCE,C:\Users\ASUS\Videos\DATASET\TRASH\audit_hasil_pemisahan\salah_kamar\FROM_POLICE_TO_AMBULANCE_dl_v3_pol_new_09_part0034.wav
1158,FROM_POLICE_TO_AMBULANCE_dl_v3_pol_new_09_part0035.wav,Salah Kamar (Tertukar),POLICE,AMBULANCE,C:\Users\ASUS\Videos\DATASET\TRASH\audit_hasil_pemisahan\salah_kamar\FROM_POLICE_TO_AMBULANCE_dl_v3_pol_new_09_part0035.wav
1159,FROM_POLICE_TO_AMBULANCE_dl_v3_pol_new_09_part0036.wav,Salah Kamar (Tertukar),POLICE,AMBULANCE,C:\Users\ASUS\Videos\DATASET\TRASH\audit_hasil_pemisahan\salah_kamar\FROM_POLICE_TO_AMBULANCE_dl_v3_pol_new_09_part0036.wav
1160,FROM_POLICE_TO_AMBULANCE_dl_v3_pol_new_09_part0039.wav,Salah Kamar (Tertukar),POLICE,AMBULANCE,C:\Users\ASUS\Videos\DATASET\TRASH\audit_hasil_pemisahan\salah_kamar\FROM_POLICE_TO_AMBULANCE_dl_v3_pol_new_09_part0039.wav
1161,FROM_POLICE_TO_AMBULANCE_dl_v3_pol_new_09_part0040.wav,Salah Kamar (Tertukar),POLICE,AMBULANCE,C:\Users\ASUS\Videos\DATASET\TRASH\audit_hasil_pemisahan\salah_kamar\FROM_POLICE_TO_AMBULANCE_dl_v3_pol_new_09_part0040.wav
1162,FROM_POLICE_TO_AMBULANCE_dl_v3_pol_new_09_part0044.wav,Salah Kamar (Tertukar),POLICE,AMBULANCE,C:\Users\ASUS\Videos\DATASET\TRASH\audit_hasil_pemisahan\salah_kamar\FROM_POLICE_TO_AMBULANCE_dl_v3_pol_new_09_part0044.wav
1163,FROM_POLICE_TO_AMBULANCE_dl_v3_pol_new_09_part0045.wav,Salah Kamar (Tertukar),POLICE,AMBULANCE,C:\Users\ASUS\Videos\DATASET\TRASH\audit_hasil_pemisahan\salah_kamar\FROM_POLICE_TO_AMBULANCE_dl_v3_pol_new_09_part0045.wav
1164,FROM_POLICE_TO_AMBULANCE_dl_v3_pol_new_10_part0000.wav,Salah Kamar (Tertukar),POLICE,AMBULANCE,C:\Users\ASUS\Videos\DATASET\TRASH\audit_hasil_pemisahan\salah_kamar\FROM_POLICE_TO_AMBULANCE_dl_v3_pol_new_10_part0000.wav
1165,FROM_POLICE_TO_AMBULANCE_dl_v3_pol_new_11_part0000.wav,Salah Kamar (Tertukar),POLICE,AMBULANCE,C:\Users\ASUS\Videos\DATASET\TRASH\audit_hasil_pemisahan\salah_kamar\FROM_POLICE_TO_AMBULANCE_dl_v3_pol_new_11_part0000.wav
1166,FROM_POLICE_TO_AMBULANCE_dl_v3_pol_new_11_part0002.wav,Salah Kamar (Tertukar),POLICE,AMBULANCE,C:\Users\ASUS\Videos\DATASET\TRASH\audit_hasil_pemisahan\salah_kamar\FROM_POLICE_TO_AMBULANCE_dl_v3_pol_new_11_part0002.wav
1167,FROM_POLICE_TO_AMBULANCE_dl_v3_pol_new_11_part0003.wav,Salah Kamar (Tertukar),POLICE,AMBULANCE,C:\Users\ASUS\Videos\DATASET\TRASH\audit_hasil_pemisahan\salah_kamar\FROM_POLICE_TO_AMBULANCE_dl_v3_pol_new_11_part0003.wav
1168,FROM_POLICE_TO_AMBULANCE_police_0001_seg01.wav,Salah Kamar (Tertukar),POLICE,AMBULANCE,C:\Users\ASUS\Videos\DATASET\TRASH\audit_hasil_pemisahan\salah_kamar\FROM_POLICE_TO_AMBULANCE_police_0001_seg01.wav
1169,FROM_POLICE_TO_AMBULANCE_police_0001_seg02.wav,Salah Kamar (Tertukar),POLICE,AMBULANCE,C:\Users\ASUS\Videos\DATASET\TRASH\audit_hasil_pemisahan\salah_kamar\FROM_POLICE_TO_AMBULANCE_police_0001_seg02.wav
1170,FROM_POLICE_TO_AMBULANCE_police_0001_seg03.wav,Salah Kamar (Tertukar),POLICE,AMBULANCE,C:\Users\ASUS\Videos\DATASET\TRASH\audit_hasil_pemisahan\salah_kamar\FROM_POLICE_TO_AMBULANCE_police_0001_seg03.wav
1171,FROM_POLICE_TO_AMBULANCE_police_0001_seg04.wav,Salah Kamar (Tertukar),POLICE,AMBULANCE,C:\Users\ASUS\Videos\DATASET\TRASH\audit_hasil_pemisahan\salah_kamar\FROM_POLICE_TO_AMBULANCE_police_0001_seg04.wav
1172,FROM_POLICE_TO_AMBULANCE_police_0001_seg05.wav,Salah Kamar (Tertukar),POLICE,AMBULANCE,C:\Users\ASUS\Videos\DATASET\TRASH\audit_hasil_pemisahan\salah_kamar\FROM_POLICE_TO_AMBULANCE_police_0001_seg05.wav
1173,FROM_POLICE_TO_AMBULANCE_police_0001_seg06.wav,Salah Kamar (Tertukar),POLICE,AMBULANCE,C:\Users\ASUS\Videos\DATASET\TRASH\audit_hasil_pemisahan\salah_kamar\FROM_POLICE_TO_AMBULANCE_police_0001_seg06.wav
1174,FROM_POLICE_TO_AMBULANCE_police_0001_seg07.wav,Salah Kamar (Tertukar),POLICE,AMBULANCE,C:\Users\ASUS\Videos\DATASET\TRASH\audit_hasil_pemisahan\salah_kamar\FROM_POLICE_TO_AMBULANCE_police_0001_seg07.wav
1175,FROM_POLICE_TO_AMBULANCE_police_0001_seg08.wav,Salah Kamar (Tertukar),POLICE,AMBULANCE,C:\Users\ASUS\Videos\DATASET\TRASH\audit_hasil_pemisahan\salah_kamar\FROM_POLICE_TO_AMBULANCE_police_0001_seg08.wav
1176,FROM_POLICE_TO_AMBULANCE_police_0001_seg09.wav,Salah Kamar (Tertukar),POLICE,AMBULANCE,C:\Users\ASUS\Videos\DATASET\TRASH\audit_hasil_pemisahan\salah_kamar\FROM_POLICE_TO_AMBULANCE_police_0001_seg09.wav
1177,FROM_POLICE_TO_AMBULANCE_police_0001_seg10.wav,Salah Kamar (Tertukar),POLICE,AMBULANCE,C:\Users\ASUS\Videos\DATASET\TRASH\audit_hasil_pemisahan\salah_kamar\FROM_POLICE_TO_AMBULANCE_police_0001_seg10.wav
1178,FROM_POLICE_TO_AMBULANCE_police_0001_seg12.wav,Salah Kamar (Tertukar),POLICE,AMBULANCE,C:\Users\ASUS\Videos\DATASET\TRASH\audit_hasil_pemisahan\salah_kamar\FROM_POLICE_TO_AMBULANCE_police_0001_seg12.wav
1179,FROM_POLICE_TO_AMBULANCE_police_0001_seg13.wav,Salah Kamar (Tertukar),POLICE,AMBULANCE,C:\Users\ASUS\Videos\DATASET\TRASH\audit_hasil_pemisahan\salah_kamar\FROM_POLICE_TO_AMBULANCE_police_0001_seg13.wav
1180,FROM_POLICE_TO_AMBULANCE_police_0001_seg14.wav,Salah Kamar (Tertukar),POLICE,AMBULANCE,C:\Users\ASUS\Videos\DATASET\TRASH\audit_hasil_pemisahan\salah_kamar\FROM_POLICE_TO_AMBULANCE_police_0001_seg14.wav
1181,FROM_POLICE_TO_AMBULANCE_police_0001_seg15.wav,Salah Kamar (Tertukar),POLICE,AMBULANCE,C:\Users\ASUS\Videos\DATASET\TRASH\audit_hasil_pemisahan\salah_kamar\FROM_POLICE_TO_AMBULANCE_police_0001_seg15.wav
1182,FROM_POLICE_TO_AMBULANCE_police_0001_seg16.wav,Salah Kamar (Tertukar),POLICE,AMBULANCE,C:\Users\ASUS\Videos\DATASET\TRASH\audit_hasil_pemisahan\salah_kamar\FROM_POLICE_TO_AMBULANCE_police_0001_seg16.wav
1183,FROM_POLICE_TO_AMBULANCE_police_0001_seg17.wav,Salah Kamar (Tertukar),POLICE,AMBULANCE,C:\Users\ASUS\Videos\DATASET\TRASH\audit_hasil_pemisahan\salah_kamar\FROM_POLICE_TO_AMBULANCE_police_0001_seg17.wav
1184,FROM_POLICE_TO_AMBULANCE_police_0001_seg18.wav,Salah Kamar (Tertukar),POLICE,AMBULANCE,C:\Users\ASUS\Videos\DATASET\TRASH\audit_hasil_pemisahan\salah_kamar\FROM_POLICE_TO_AMBULANCE_police_0001_seg18.wav
1185,FROM_POLICE_TO_AMBULANCE_police_0001_seg19.wav,Salah Kamar (Tertukar),POLICE,AMBULANCE,C:\Users\ASUS\Videos\DATASET\TRASH\audit_hasil_pemisahan\salah_kamar\FROM_POLICE_TO_AMBULANCE_police_0001_seg19.wav
1186,FROM_POLICE_TO_AMBULANCE_police_0001_seg20.wav,Salah Kamar (Tertukar),POLICE,AMBULANCE,C:\Users\ASUS\Videos\DATASET\TRASH\audit_hasil_pemisahan\salah_kamar\FROM_POLICE_TO_AMBULANCE_police_0001_seg20.wav
1187,FROM_POLICE_TO_AMBULANCE_police_0001_seg21.wav,Salah Kamar (Tertukar),POLICE,AMBULANCE,C:\Users\ASUS\Videos\DATASET\TRASH\audit_hasil_pemisahan\salah_kamar\FROM_POLICE_TO_AMBULANCE_police_0001_seg21.wav
1188,FROM_POLICE_TO_AMBULANCE_police_0001_seg22.wav,Salah Kamar (Tertukar),POLICE,AMBULANCE,C:\Users\ASUS\Videos\DATASET\TRASH\audit_hasil_pemisahan\salah_kamar\FROM_POLICE_TO_AMBULANCE_police_0001_seg22.wav
1189,FROM_POLICE_TO_AMBULANCE_police_0001_seg23.wav,Salah Kamar (Tertukar),POLICE,AMBULANCE,C:\Users\ASUS\Videos\DATASET\TRASH\audit_hasil_pemisahan\salah_kamar\FROM_POLICE_TO_AMBULANCE_police_0001_seg23.wav
1190,FROM_POLICE_TO_AMBULANCE_police_0001_seg24.wav,Salah Kamar (Tertukar),POLICE,AMBULANCE,C:\Users\ASUS\Videos\DATASET\TRASH\audit_hasil_pemisahan\salah_kamar\FROM_POLICE_TO_AMBULANCE_police_0001_seg24.wav
1191,FROM_POLICE_TO_AMBULANCE_police_0001_seg25.wav,Salah Kamar (Tertukar),POLICE,AMBULANCE,C:\Users\ASUS\Videos\DATASET\TRASH\audit_hasil_pemisahan\salah_kamar\FROM_POLICE_TO_AMBULANCE_police_0001_seg25.wav
1192,FROM_POLICE_TO_AMBULANCE_police_0001_seg26.wav,Salah Kamar (Tertukar),POLICE,AMBULANCE,C:\Users\ASUS\Videos\DATASET\TRASH\audit_hasil_pemisahan\salah_kamar\FROM_POLICE_TO_AMBULANCE_police_0001_seg26.wav
1193,FROM_POLICE_TO_AMBULANCE_police_0001_seg27.wav,Salah Kamar (Tertukar),POLICE,AMBULANCE,C:\Users\ASUS\Videos\DATASET\TRASH\audit_hasil_pemisahan\salah_kamar\FROM_POLICE_TO_AMBULANCE_police_0001_seg27.wav
1194,FROM_POLICE_TO_AMBULANCE_police_0001_seg28.wav,Salah Kamar (Tertukar),POLICE,AMBULANCE,C:\Users\ASUS\Videos\DATASET\TRASH\audit_hasil_pemisahan\salah_kamar\FROM_POLICE_TO_AMBULANCE_police_0001_seg28.wav
1195,FROM_POLICE_TO_AMBULANCE_police_0001_seg29.wav,Salah Kamar (Tertukar),POLICE,AMBULANCE,C:\Users\ASUS\Videos\DATASET\TRASH\audit_hasil_pemisahan\salah_kamar\FROM_POLICE_TO_AMBULANCE_police_0001_seg29.wav
1196,FROM_POLICE_TO_AMBULANCE_police_0001_seg30.wav,Salah Kamar (Tertukar),POLICE,AMBULANCE,C:\Users\ASUS\Videos\DATASET\TRASH\audit_hasil_pemisahan\salah_kamar\FROM_POLICE_TO_AMBULANCE_police_0001_seg30.wav
1197,FROM_POLICE_TO_AMBULANCE_police_0001_seg31.wav,Salah Kamar (Tertukar),POLICE,AMBULANCE,C:\Users\ASUS\Videos\DATASET\TRASH\audit_hasil_pemisahan\salah_kamar\FROM_POLICE_TO_AMBULANCE_police_0001_seg31.wav
1198,FROM_POLICE_TO_AMBULANCE_police_0001_seg32.wav,Salah Kamar (Tertukar),POLICE,AMBULANCE,C:\Users\ASUS\Videos\DATASET\TRASH\audit_hasil_pemisahan\salah_kamar\FROM_POLICE_TO_AMBULANCE_police_0001_seg32.wav
1199,FROM_POLICE_TO_AMBULANCE_police_0001_seg33.wav,Salah Kamar (Tertukar),POLICE,AMBULANCE,C:\Users\ASUS\Videos\DATASET\TRASH\audit_hasil_pemisahan\salah_kamar\FROM_POLICE_TO_AMBULANCE_police_0001_seg33.wav
1200,FROM_POLICE_TO_AMBULANCE_police_0001_seg34.wav,Salah Kamar (Tertukar),POLICE,AMBULANCE,C:\Users\ASUS\Videos\DATASET\TRASH\audit_hasil_pemisahan\salah_kamar\FROM_POLICE_TO_AMBULANCE_police_0001_seg34.wav
1201,FROM_POLICE_TO_AMBULANCE_police_0001_seg35.wav,Salah Kamar (Tertukar),POLICE,AMBULANCE,C:\Users\ASUS\Videos\DATASET\TRASH\audit_hasil_pemisahan\salah_kamar\FROM_POLICE_TO_AMBULANCE_police_0001_seg35.wav
1202,FROM_POLICE_TO_AMBULANCE_police_0001_seg36.wav,Salah Kamar (Tertukar),POLICE,AMBULANCE,C:\Users\ASUS\Videos\DATASET\TRASH\audit_hasil_pemisahan\salah_kamar\FROM_POLICE_TO_AMBULANCE_police_0001_seg36.wav
1203,FROM_POLICE_TO_AMBULANCE_police_0001_seg37.wav,Salah Kamar (Tertukar),POLICE,AMBULANCE,C:\Users\ASUS\Videos\DATASET\TRASH\audit_hasil_pemisahan\salah_kamar\FROM_POLICE_TO_AMBULANCE_police_0001_seg37.wav
1204,FROM_POLICE_TO_AMBULANCE_police_0001_seg38.wav,Salah Kamar (Tertukar),POLICE,AMBULANCE,C:\Users\ASUS\Videos\DATASET\TRASH\audit_hasil_pemisahan\salah_kamar\FROM_POLICE_TO_AMBULANCE_police_0001_seg38.wav
1205,FROM_POLICE_TO_AMBULANCE_police_0001_seg39.wav,Salah Kamar (Tertukar),POLICE,AMBULANCE,C:\Users\ASUS\Videos\DATASET\TRASH\audit_hasil_pemisahan\salah_kamar\FROM_POLICE_TO_AMBULANCE_police_0001_seg39.wav
1206,FROM_POLICE_TO_AMBULANCE_police_0001_seg41.wav,Salah Kamar (Tertukar),POLICE,AMBULANCE,C:\Users\ASUS\Videos\DATASET\TRASH\audit_hasil_pemisahan\salah_kamar\FROM_POLICE_TO_AMBULANCE_police_0001_seg41.wav
1207,FROM_POLICE_TO_AMBULANCE_police_0001_seg42.wav,Salah Kamar (Tertukar),POLICE,AMBULANCE,C:\Users\ASUS\Videos\DATASET\TRASH\audit_hasil_pemisahan\salah_kamar\FROM_POLICE_TO_AMBULANCE_police_0001_seg42.wav
1208,FROM_POLICE_TO_AMBULANCE_police_0001_seg43.wav,Salah Kamar (Tertukar),POLICE,AMBULANCE,C:\Users\ASUS\Videos\DATASET\TRASH\audit_hasil_pemisahan\salah_kamar\FROM_POLICE_TO_AMBULANCE_police_0001_seg43.wav
1209,FROM_POLICE_TO_AMBULANCE_police_0001_seg44.wav,Salah Kamar (Tertukar),POLICE,AMBULANCE,C:\Users\ASUS\Videos\DATASET\TRASH\audit_hasil_pemisahan\salah_kamar\FROM_POLICE_TO_AMBULANCE_police_0001_seg44.wav
1210,FROM_POLICE_TO_AMBULANCE_police_0001_seg45.wav,Salah Kamar (Tertukar),POLICE,AMBULANCE,C:\Users\ASUS\Videos\DATASET\TRASH\audit_hasil_pemisahan\salah_kamar\FROM_POLICE_TO_AMBULANCE_police_0001_seg45.wav
1211,FROM_POLICE_TO_AMBULANCE_police_0001_seg46.wav,Salah Kamar (Tertukar),POLICE,AMBULANCE,C:\Users\ASUS\Videos\DATASET\TRASH\audit_hasil_pemisahan\salah_kamar\FROM_POLICE_TO_AMBULANCE_police_0001_seg46.wav
1212,FROM_POLICE_TO_AMBULANCE_police_0001_seg47.wav,Salah Kamar (Tertukar),POLICE,AMBULANCE,C:\Users\ASUS\Videos\DATASET\TRASH\audit_hasil_pemisahan\salah_kamar\FROM_POLICE_TO_AMBULANCE_police_0001_seg47.wav
1213,FROM_POLICE_TO_AMBULANCE_police_0001_seg48.wav,Salah Kamar (Tertukar),POLICE,AMBULANCE,C:\Users\ASUS\Videos\DATASET\TRASH\audit_hasil_pemisahan\salah_kamar\FROM_POLICE_TO_AMBULANCE_police_0001_seg48.wav
1214,FROM_POLICE_TO_AMBULANCE_police_0001_seg49.wav,Salah Kamar (Tertukar),POLICE,AMBULANCE,C:\Users\ASUS\Videos\DATASET\TRASH\audit_hasil_pemisahan\salah_kamar\FROM_POLICE_TO_AMBULANCE_police_0001_seg49.wav
1215,FROM_POLICE_TO_AMBULANCE_police_0001_seg50.wav,Salah Kamar (Tertukar),POLICE,AMBULANCE,C:\Users\ASUS\Videos\DATASET\TRASH\audit_hasil_pemisahan\salah_kamar\FROM_POLICE_TO_AMBULANCE_police_0001_seg50.wav
1216,FROM_POLICE_TO_AMBULANCE_police_0001_seg51.wav,Salah Kamar (Tertukar),POLICE,AMBULANCE,C:\Users\ASUS\Videos\DATASET\TRASH\audit_hasil_pemisahan\salah_kamar\FROM_POLICE_TO_AMBULANCE_police_0001_seg51.wav
1217,FROM_POLICE_TO_AMBULANCE_police_0001_seg53.wav,Salah Kamar (Tertukar),POLICE,AMBULANCE,C:\Users\ASUS\Videos\DATASET\TRASH\audit_hasil_pemisahan\salah_kamar\FROM_POLICE_TO_AMBULANCE_police_0001_seg53.wav
1218,FROM_POLICE_TO_AMBULANCE_police_0001_seg54.wav,Salah Kamar (Tertukar),POLICE,AMBULANCE,C:\Users\ASUS\Videos\DATASET\TRASH\audit_hasil_pemisahan\salah_kamar\FROM_POLICE_TO_AMBULANCE_police_0001_seg54.wav
1219,FROM_POLICE_TO_AMBULANCE_police_0001_seg55.wav,Salah Kamar (Tertukar),POLICE,AMBULANCE,C:\Users\ASUS\Videos\DATASET\TRASH\audit_hasil_pemisahan\salah_kamar\FROM_POLICE_TO_AMBULANCE_police_0001_seg55.wav
1220,FROM_POLICE_TO_AMBULANCE_police_0001_seg56.wav,Salah Kamar (Tertukar),POLICE,AMBULANCE,C:\Users\ASUS\Videos\DATASET\TRASH\audit_hasil_pemisahan\salah_kamar\FROM_POLICE_TO_AMBULANCE_police_0001_seg56.wav
1221,FROM_POLICE_TO_AMBULANCE_police_0001_seg57.wav,Salah Kamar (Tertukar),POLICE,AMBULANCE,C:\Users\ASUS\Videos\DATASET\TRASH\audit_hasil_pemisahan\salah_kamar\FROM_POLICE_TO_AMBULANCE_police_0001_seg57.wav
1222,FROM_POLICE_TO_AMBULANCE_police_0001_seg58.wav,Salah Kamar (Tertukar),POLICE,AMBULANCE,C:\Users\ASUS\Videos\DATASET\TRASH\audit_hasil_pemisahan\salah_kamar\FROM_POLICE_TO_AMBULANCE_police_0001_seg58.wav
1223,FROM_POLICE_TO_AMBULANCE_police_0001_seg59.wav,Salah Kamar (Tertukar),POLICE,AMBULANCE,C:\Users\ASUS\Videos\DATASET\TRASH\audit_hasil_pemisahan\salah_kamar\FROM_POLICE_TO_AMBULANCE_police_0001_seg59.wav
1224,FROM_POLICE_TO_AMBULANCE_police_0001_seg60.wav,Salah Kamar (Tertukar),POLICE,AMBULANCE,C:\Users\ASUS\Videos\DATASET\TRASH\audit_hasil_pemisahan\salah_kamar\FROM_POLICE_TO_AMBULANCE_police_0001_seg60.wav
1225,FROM_POLICE_TO_AMBULANCE_police_0001_seg61.wav,Salah Kamar (Tertukar),POLICE,AMBULANCE,C:\Users\ASUS\Videos\DATASET\TRASH\audit_hasil_pemisahan\salah_kamar\FROM_POLICE_TO_AMBULANCE_police_0001_seg61.wav
1226,FROM_POLICE_TO_AMBULANCE_police_0001_seg64.wav,Salah Kamar (Tertukar),POLICE,AMBULANCE,C:\Users\ASUS\Videos\DATASET\TRASH\audit_hasil_pemisahan\salah_kamar\FROM_POLICE_TO_AMBULANCE_police_0001_seg64.wav
1227,FROM_POLICE_TO_AMBULANCE_police_0001_seg65.wav,Salah Kamar (Tertukar),POLICE,AMBULANCE,C:\Users\ASUS\Videos\DATASET\TRASH\audit_hasil_pemisahan\salah_kamar\FROM_POLICE_TO_AMBULANCE_police_0001_seg65.wav
1228,FROM_POLICE_TO_AMBULANCE_police_0002_seg02.wav,Salah Kamar (Tertukar),POLICE,AMBULANCE,C:\Users\ASUS\Videos\DATASET\TRASH\audit_hasil_pemisahan\salah_kamar\FROM_POLICE_TO_AMBULANCE_police_0002_seg02.wav
1229,FROM_POLICE_TO_AMBULANCE_police_0002_seg03.wav,Salah Kamar (Tertukar),POLICE,AMBULANCE,C:\Users\ASUS\Videos\DATASET\TRASH\audit_hasil_pemisahan\salah_kamar\FROM_POLICE_TO_AMBULANCE_police_0002_seg03.wav
1230,FROM_POLICE_TO_AMBULANCE_police_0002_seg05.wav,Salah Kamar (Tertukar),POLICE,AMBULANCE,C:\Users\ASUS\Videos\DATASET\TRASH\audit_hasil_pemisahan\salah_kamar\FROM_POLICE_TO_AMBULANCE_police_0002_seg05.wav
1231,FROM_POLICE_TO_AMBULANCE_police_0002_seg06.wav,Salah Kamar (Tertukar),POLICE,AMBULANCE,C:\Users\ASUS\Videos\DATASET\TRASH\audit_hasil_pemisahan\salah_kamar\FROM_POLICE_TO_AMBULANCE_police_0002_seg06.wav
1232,FROM_POLICE_TO_AMBULANCE_police_0002_seg07.wav,Salah Kamar (Tertukar),POLICE,AMBULANCE,C:\Users\ASUS\Videos\DATASET\TRASH\audit_hasil_pemisahan\salah_kamar\FROM_POLICE_TO_AMBULANCE_police_0002_seg07.wav
1233,FROM_POLICE_TO_AMBULANCE_police_0002_seg08.wav,Salah Kamar (Tertukar),POLICE,AMBULANCE,C:\Users\ASUS\Videos\DATASET\TRASH\audit_hasil_pemisahan\salah_kamar\FROM_POLICE_TO_AMBULANCE_police_0002_seg08.wav
1234,FROM_POLICE_TO_AMBULANCE_police_0002_seg09.wav,Salah Kamar (Tertukar),POLICE,AMBULANCE,C:\Users\ASUS\Videos\DATASET\TRASH\audit_hasil_pemisahan\salah_kamar\FROM_POLICE_TO_AMBULANCE_police_0002_seg09.wav
1235,FROM_POLICE_TO_AMBULANCE_police_0002_seg10.wav,Salah Kamar (Tertukar),POLICE,AMBULANCE,C:\Users\ASUS\Videos\DATASET\TRASH\audit_hasil_pemisahan\salah_kamar\FROM_POLICE_TO_AMBULANCE_police_0002_seg10.wav
1236,FROM_POLICE_TO_AMBULANCE_police_0002_seg100.wav,Salah Kamar (Tertukar),POLICE,AMBULANCE,C:\Users\ASUS\Videos\DATASET\TRASH\audit_hasil_pemisahan\salah_kamar\FROM_POLICE_TO_AMBULANCE_police_0002_seg100.wav
1237,FROM_POLICE_TO_AMBULANCE_police_0002_seg101.wav,Salah Kamar (Tertukar),POLICE,AMBULANCE,C:\Users\ASUS\Videos\DATASET\TRASH\audit_hasil_pemisahan\salah_kamar\FROM_POLICE_TO_AMBULANCE_police_0002_seg101.wav
1238,FROM_POLICE_TO_AMBULANCE_police_0002_seg12.wav,Salah Kamar (Tertukar),POLICE,AMBULANCE,C:\Users\ASUS\Videos\DATASET\TRASH\audit_hasil_pemisahan\salah_kamar\FROM_POLICE_TO_AMBULANCE_police_0002_seg12.wav
1239,FROM_POLICE_TO_AMBULANCE_police_0002_seg13.wav,Salah Kamar (Tertukar),POLICE,AMBULANCE,C:\Users\ASUS\Videos\DATASET\TRASH\audit_hasil_pemisahan\salah_kamar\FROM_POLICE_TO_AMBULANCE_police_0002_seg13.wav
1240,FROM_POLICE_TO_AMBULANCE_police_0002_seg14.wav,Salah Kamar (Tertukar),POLICE,AMBULANCE,C:\Users\ASUS\Videos\DATASET\TRASH\audit_hasil_pemisahan\salah_kamar\FROM_POLICE_TO_AMBULANCE_police_0002_seg14.wav
1241,FROM_POLICE_TO_AMBULANCE_police_0002_seg15.wav,Salah Kamar (Tertukar),POLICE,AMBULANCE,C:\Users\ASUS\Videos\DATASET\TRASH\audit_hasil_pemisahan\salah_kamar\FROM_POLICE_TO_AMBULANCE_police_0002_seg15.wav
1242,FROM_POLICE_TO_AMBULANCE_police_0002_seg16.wav,Salah Kamar (Tertukar),POLICE,AMBULANCE,C:\Users\ASUS\Videos\DATASET\TRASH\audit_hasil_pemisahan\salah_kamar\FROM_POLICE_TO_AMBULANCE_police_0002_seg16.wav
1243,FROM_POLICE_TO_AMBULANCE_police_0002_seg17.wav,Salah Kamar (Tertukar),POLICE,AMBULANCE,C:\Users\ASUS\Videos\DATASET\TRASH\audit_hasil_pemisahan\salah_kamar\FROM_POLICE_TO_AMBULANCE_police_0002_seg17.wav
1244,FROM_POLICE_TO_AMBULANCE_police_0002_seg18.wav,Salah Kamar (Tertukar),POLICE,AMBULANCE,C:\Users\ASUS\Videos\DATASET\TRASH\audit_hasil_pemisahan\salah_kamar\FROM_POLICE_TO_AMBULANCE_police_0002_seg18.wav
1245,FROM_POLICE_TO_AMBULANCE_police_0002_seg20.wav,Salah Kamar (Tertukar),POLICE,AMBULANCE,C:\Users\ASUS\Videos\DATASET\TRASH\audit_hasil_pemisahan\salah_kamar\FROM_POLICE_TO_AMBULANCE_police_0002_seg20.wav
1246,FROM_POLICE_TO_AMBULANCE_police_0002_seg27.wav,Salah Kamar (Tertukar),POLICE,AMBULANCE,C:\Users\ASUS\Videos\DATASET\TRASH\audit_hasil_pemisahan\salah_kamar\FROM_POLICE_TO_AMBULANCE_police_0002_seg27.wav
1247,FROM_POLICE_TO_AMBULANCE_police_0002_seg29.wav,Salah Kamar (Tertukar),POLICE,AMBULANCE,C:\Users\ASUS\Videos\DATASET\TRASH\audit_hasil_pemisahan\salah_kamar\FROM_POLICE_TO_AMBULANCE_police_0002_seg29.wav
1248,FROM_POLICE_TO_AMBULANCE_police_0002_seg37.wav,Salah Kamar (Tertukar),POLICE,AMBULANCE,C:\Users\ASUS\Videos\DATASET\TRASH\audit_hasil_pemisahan\salah_kamar\FROM_POLICE_TO_AMBULANCE_police_0002_seg37.wav
1249,FROM_POLICE_TO_AMBULANCE_police_0002_seg38.wav,Salah Kamar (Tertukar),POLICE,AMBULANCE,C:\Users\ASUS\Videos\DATASET\TRASH\audit_hasil_pemisahan\salah_kamar\FROM_POLICE_TO_AMBULANCE_police_0002_seg38.wav
1250,FROM_POLICE_TO_AMBULANCE_police_0002_seg41.wav,Salah Kamar (Tertukar),POLICE,AMBULANCE,C:\Users\ASUS\Videos\DATASET\TRASH\audit_hasil_pemisahan\salah_kamar\FROM_POLICE_TO_AMBULANCE_police_0002_seg41.wav
1251,FROM_POLICE_TO_AMBULANCE_police_0002_seg42.wav,Salah Kamar (Tertukar),POLICE,AMBULANCE,C:\Users\ASUS\Videos\DATASET\TRASH\audit_hasil_pemisahan\salah_kamar\FROM_POLICE_TO_AMBULANCE_police_0002_seg42.wav
1252,FROM_POLICE_TO_AMBULANCE_police_0002_seg43.wav,Salah Kamar (Tertukar),POLICE,AMBULANCE,C:\Users\ASUS\Videos\DATASET\TRASH\audit_hasil_pemisahan\salah_kamar\FROM_POLICE_TO_AMBULANCE_police_0002_seg43.wav
1253,FROM_POLICE_TO_AMBULANCE_police_0002_seg44.wav,Salah Kamar (Tertukar),POLICE,AMBULANCE,C:\Users\ASUS\Videos\DATASET\TRASH\audit_hasil_pemisahan\salah_kamar\FROM_POLICE_TO_AMBULANCE_police_0002_seg44.wav
1254,FROM_POLICE_TO_AMBULANCE_police_0002_seg45.wav,Salah Kamar (Tertukar),POLICE,AMBULANCE,C:\Users\ASUS\Videos\DATASET\TRASH\audit_hasil_pemisahan\salah_kamar\FROM_POLICE_TO_AMBULANCE_police_0002_seg45.wav
1255,FROM_POLICE_TO_AMBULANCE_police_0002_seg46.wav,Salah Kamar (Tertukar),POLICE,AMBULANCE,C:\Users\ASUS\Videos\DATASET\TRASH\audit_hasil_pemisahan\salah_kamar\FROM_POLICE_TO_AMBULANCE_police_0002_seg46.wav
1256,FROM_POLICE_TO_AMBULANCE_police_0002_seg47.wav,Salah Kamar (Tertukar),POLICE,AMBULANCE,C:\Users\ASUS\Videos\DATASET\TRASH\audit_hasil_pemisahan\salah_kamar\FROM_POLICE_TO_AMBULANCE_police_0002_seg47.wav
1257,FROM_POLICE_TO_AMBULANCE_police_0002_seg48.wav,Salah Kamar (Tertukar),POLICE,AMBULANCE,C:\Users\ASUS\Videos\DATASET\TRASH\audit_hasil_pemisahan\salah_kamar\FROM_POLICE_TO_AMBULANCE_police_0002_seg48.wav
1258,FROM_POLICE_TO_AMBULANCE_police_0002_seg49.wav,Salah Kamar (Tertukar),POLICE,AMBULANCE,C:\Users\ASUS\Videos\DATASET\TRASH\audit_hasil_pemisahan\salah_kamar\FROM_POLICE_TO_AMBULANCE_police_0002_seg49.wav
1259,FROM_POLICE_TO_AMBULANCE_police_0002_seg51.wav,Salah Kamar (Tertukar),POLICE,AMBULANCE,C:\Users\ASUS\Videos\DATASET\TRASH\audit_hasil_pemisahan\salah_kamar\FROM_POLICE_TO_AMBULANCE_police_0002_seg51.wav
1260,FROM_POLICE_TO_AMBULANCE_police_0002_seg52.wav,Salah Kamar (Tertukar),POLICE,AMBULANCE,C:\Users\ASUS\Videos\DATASET\TRASH\audit_hasil_pemisahan\salah_kamar\FROM_POLICE_TO_AMBULANCE_police_0002_seg52.wav
1261,FROM_POLICE_TO_AMBULANCE_police_0002_seg53.wav,Salah Kamar (Tertukar),POLICE,AMBULANCE,C:\Users\ASUS\Videos\DATASET\TRASH\audit_hasil_pemisahan\salah_kamar\FROM_POLICE_TO_AMBULANCE_police_0002_seg53.wav
1262,FROM_POLICE_TO_AMBULANCE_police_0002_seg54.wav,Salah Kamar (Tertukar),POLICE,AMBULANCE,C:\Users\ASUS\Videos\DATASET\TRASH\audit_hasil_pemisahan\salah_kamar\FROM_POLICE_TO_AMBULANCE_police_0002_seg54.wav
1263,FROM_POLICE_TO_AMBULANCE_police_0002_seg55.wav,Salah Kamar (Tertukar),POLICE,AMBULANCE,C:\Users\ASUS\Videos\DATASET\TRASH\audit_hasil_pemisahan\salah_kamar\FROM_POLICE_TO_AMBULANCE_police_0002_seg55.wav
1264,FROM_POLICE_TO_AMBULANCE_police_0002_seg56.wav,Salah Kamar (Tertukar),POLICE,AMBULANCE,C:\Users\ASUS\Videos\DATASET\TRASH\audit_hasil_pemisahan\salah_kamar\FROM_POLICE_TO_AMBULANCE_police_0002_seg56.wav
1265,FROM_POLICE_TO_AMBULANCE_police_0002_seg57.wav,Salah Kamar (Tertukar),POLICE,AMBULANCE,C:\Users\ASUS\Videos\DATASET\TRASH\audit_hasil_pemisahan\salah_kamar\FROM_POLICE_TO_AMBULANCE_police_0002_seg57.wav
1266,FROM_POLICE_TO_AMBULANCE_police_0002_seg67.wav,Salah Kamar (Tertukar),POLICE,AMBULANCE,C:\Users\ASUS\Videos\DATASET\TRASH\audit_hasil_pemisahan\salah_kamar\FROM_POLICE_TO_AMBULANCE_police_0002_seg67.wav
1267,FROM_POLICE_TO_AMBULANCE_police_0002_seg68.wav,Salah Kamar (Tertukar),POLICE,AMBULANCE,C:\Users\ASUS\Videos\DATASET\TRASH\audit_hasil_pemisahan\salah_kamar\FROM_POLICE_TO_AMBULANCE_police_0002_seg68.wav
1268,FROM_POLICE_TO_AMBULANCE_police_0002_seg69.wav,Salah Kamar (Tertukar),POLICE,AMBULANCE,C:\Users\ASUS\Videos\DATASET\TRASH\audit_hasil_pemisahan\salah_kamar\FROM_POLICE_TO_AMBULANCE_police_0002_seg69.wav
1269,FROM_POLICE_TO_AMBULANCE_police_0002_seg73.wav,Salah Kamar (Tertukar),POLICE,AMBULANCE,C:\Users\ASUS\Videos\DATASET\TRASH\audit_hasil_pemisahan\salah_kamar\FROM_POLICE_TO_AMBULANCE_police_0002_seg73.wav
1270,FROM_POLICE_TO_AMBULANCE_police_0002_seg74.wav,Salah Kamar (Tertukar),POLICE,AMBULANCE,C:\Users\ASUS\Videos\DATASET\TRASH\audit_hasil_pemisahan\salah_kamar\FROM_POLICE_TO_AMBULANCE_police_0002_seg74.wav
1271,FROM_POLICE_TO_AMBULANCE_police_0002_seg76.wav,Salah Kamar (Tertukar),POLICE,AMBULANCE,C:\Users\ASUS\Videos\DATASET\TRASH\audit_hasil_pemisahan\salah_kamar\FROM_POLICE_TO_AMBULANCE_police_0002_seg76.wav
1272,FROM_POLICE_TO_AMBULANCE_police_0002_seg86.wav,Salah Kamar (Tertukar),POLICE,AMBULANCE,C:\Users\ASUS\Videos\DATASET\TRASH\audit_hasil_pemisahan\salah_kamar\FROM_POLICE_TO_AMBULANCE_police_0002_seg86.wav
1273,FROM_POLICE_TO_AMBULANCE_police_0002_seg87.wav,Salah Kamar (Tertukar),POLICE,AMBULANCE,C:\Users\ASUS\Videos\DATASET\TRASH\audit_hasil_pemisahan\salah_kamar\FROM_POLICE_TO_AMBULANCE_police_0002_seg87.wav
1274,FROM_POLICE_TO_AMBULANCE_police_0002_seg88.wav,Salah Kamar (Tertukar),POLICE,AMBULANCE,C:\Users\ASUS\Videos\DATASET\TRASH\audit_hasil_pemisahan\salah_kamar\FROM_POLICE_TO_AMBULANCE_police_0002_seg88.wav
1275,FROM_POLICE_TO_AMBULANCE_police_0002_seg91.wav,Salah Kamar (Tertukar),POLICE,AMBULANCE,C:\Users\ASUS\Videos\DATASET\TRASH\audit_hasil_pemisahan\salah_kamar\FROM_POLICE_TO_AMBULANCE_police_0002_seg91.wav
1276,FROM_POLICE_TO_AMBULANCE_police_0002_seg92.wav,Salah Kamar (Tertukar),POLICE,AMBULANCE,C:\Users\ASUS\Videos\DATASET\TRASH\audit_hasil_pemisahan\salah_kamar\FROM_POLICE_TO_AMBULANCE_police_0002_seg92.wav
1277,FROM_POLICE_TO_AMBULANCE_police_0002_seg93.wav,Salah Kamar (Tertukar),POLICE,AMBULANCE,C:\Users\ASUS\Videos\DATASET\TRASH\audit_hasil_pemisahan\salah_kamar\FROM_POLICE_TO_AMBULANCE_police_0002_seg93.wav
1278,FROM_POLICE_TO_AMBULANCE_police_0002_seg96.wav,Salah Kamar (Tertukar),POLICE,AMBULANCE,C:\Users\ASUS\Videos\DATASET\TRASH\audit_hasil_pemisahan\salah_kamar\FROM_POLICE_TO_AMBULANCE_police_0002_seg96.wav
1279,FROM_POLICE_TO_AMBULANCE_police_0002_seg97.wav,Salah Kamar (Tertukar),POLICE,AMBULANCE,C:\Users\ASUS\Videos\DATASET\TRASH\audit_hasil_pemisahan\salah_kamar\FROM_POLICE_TO_AMBULANCE_police_0002_seg97.wav
1280,FROM_POLICE_TO_AMBULANCE_police_0002_seg98.wav,Salah Kamar (Tertukar),POLICE,AMBULANCE,C:\Users\ASUS\Videos\DATASET\TRASH\audit_hasil_pemisahan\salah_kamar\FROM_POLICE_TO_AMBULANCE_police_0002_seg98.wav
1281,FROM_POLICE_TO_AMBULANCE_police_0002_seg99.wav,Salah Kamar (Tertukar),POLICE,AMBULANCE,C:\Users\ASUS\Videos\DATASET\TRASH\audit_hasil_pemisahan\salah_kamar\FROM_POLICE_TO_AMBULANCE_police_0002_seg99.wav
1282,FROM_POLICE_TO_AMBULANCE_police_0003_seg11.wav,Salah Kamar (Tertukar),POLICE,AMBULANCE,C:\Users\ASUS\Videos\DATASET\TRASH\audit_hasil_pemisahan\salah_kamar\FROM_POLICE_TO_AMBULANCE_police_0003_seg11.wav
1283,FROM_POLICE_TO_AMBULANCE_police_0003_seg12.wav,Salah Kamar (Tertukar),POLICE,AMBULANCE,C:\Users\ASUS\Videos\DATASET\TRASH\audit_hasil_pemisahan\salah_kamar\FROM_POLICE_TO_AMBULANCE_police_0003_seg12.wav
1284,FROM_POLICE_TO_AMBULANCE_police_0003_seg18.wav,Salah Kamar (Tertukar),POLICE,AMBULANCE,C:\Users\ASUS\Videos\DATASET\TRASH\audit_hasil_pemisahan\salah_kamar\FROM_POLICE_TO_AMBULANCE_police_0003_seg18.wav
1285,FROM_POLICE_TO_AMBULANCE_police_0004_seg01.wav,Salah Kamar (Tertukar),POLICE,AMBULANCE,C:\Users\ASUS\Videos\DATASET\TRASH\audit_hasil_pemisahan\salah_kamar\FROM_POLICE_TO_AMBULANCE_police_0004_seg01.wav
1286,FROM_POLICE_TO_AMBULANCE_police_0006_seg01.wav,Salah Kamar (Tertukar),POLICE,AMBULANCE,C:\Users\ASUS\Videos\DATASET\TRASH\audit_hasil_pemisahan\salah_kamar\FROM_POLICE_TO_AMBULANCE_police_0006_seg01.wav
1287,FROM_POLICE_TO_AMBULANCE_police_0007_noise_light.wav,Salah Kamar (Tertukar),POLICE,AMBULANCE,C:\Users\ASUS\Videos\DATASET\TRASH\audit_hasil_pemisahan\salah_kamar\FROM_POLICE_TO_AMBULANCE_police_0007_noise_light.wav
1288,FROM_POLICE_TO_AMBULANCE_police_0007_original.wav,Salah Kamar (Tertukar),POLICE,AMBULANCE,C:\Users\ASUS\Videos\DATASET\TRASH\audit_hasil_pemisahan\salah_kamar\FROM_POLICE_TO_AMBULANCE_police_0007_original.wav
1289,FROM_POLICE_TO_AMBULANCE_police_0007_seg01.wav,Salah Kamar (Tertukar),POLICE,AMBULANCE,C:\Users\ASUS\Videos\DATASET\TRASH\audit_hasil_pemisahan\salah_kamar\FROM_POLICE_TO_AMBULANCE_police_0007_seg01.wav
1290,FROM_POLICE_TO_AMBULANCE_police_0007_shift.wav,Salah Kamar (Tertukar),POLICE,AMBULANCE,C:\Users\ASUS\Videos\DATASET\TRASH\audit_hasil_pemisahan\salah_kamar\FROM_POLICE_TO_AMBULANCE_police_0007_shift.wav
1291,FROM_POLICE_TO_AMBULANCE_police_0008_seg01.wav,Salah Kamar (Tertukar),POLICE,AMBULANCE,C:\Users\ASUS\Videos\DATASET\TRASH\audit_hasil_pemisahan\salah_kamar\FROM_POLICE_TO_AMBULANCE_police_0008_seg01.wav
1292,FROM_POLICE_TO_AMBULANCE_police_0009_seg01.wav,Salah Kamar (Tertukar),POLICE,AMBULANCE,C:\Users\ASUS\Videos\DATASET\TRASH\audit_hasil_pemisahan\salah_kamar\FROM_POLICE_TO_AMBULANCE_police_0009_seg01.wav
1293,FROM_POLICE_TO_AMBULANCE_police_0010_seg01.wav,Salah Kamar (Tertukar),POLICE,AMBULANCE,C:\Users\ASUS\Videos\DATASET\TRASH\audit_hasil_pemisahan\salah_kamar\FROM_POLICE_TO_AMBULANCE_police_0010_seg01.wav
1294,FROM_POLICE_TO_AMBULANCE_police_0011_seg01.wav,Salah Kamar (Tertukar),POLICE,AMBULANCE,C:\Users\ASUS\Videos\DATASET\TRASH\audit_hasil_pemisahan\salah_kamar\FROM_POLICE_TO_AMBULANCE_police_0011_seg01.wav
1295,FROM_POLICE_TO_AMBULANCE_police_0012_seg01.wav,Salah Kamar (Tertukar),POLICE,AMBULANCE,C:\Users\ASUS\Videos\DATASET\TRASH\audit_hasil_pemisahan\salah_kamar\FROM_POLICE_TO_AMBULANCE_police_0012_seg01.wav
1296,FROM_POLICE_TO_AMBULANCE_police_0013_seg01.wav,Salah Kamar (Tertukar),POLICE,AMBULANCE,C:\Users\ASUS\Videos\DATASET\TRASH\audit_hasil_pemisahan\salah_kamar\FROM_POLICE_TO_AMBULANCE_police_0013_seg01.wav
1297,FROM_POLICE_TO_AMBULANCE_police_0014_seg01.wav,Salah Kamar (Tertukar),POLICE,AMBULANCE,C:\Users\ASUS\Videos\DATASET\TRASH\audit_hasil_pemisahan\salah_kamar\FROM_POLICE_TO_AMBULANCE_police_0014_seg01.wav
1298,FROM_POLICE_TO_AMBULANCE_police_0015_seg01.wav,Salah Kamar (Tertukar),POLICE,AMBULANCE,C:\Users\ASUS\Videos\DATASET\TRASH\audit_hasil_pemisahan\salah_kamar\FROM_POLICE_TO_AMBULANCE_police_0015_seg01.wav
1299,FROM_POLICE_TO_AMBULANCE_police_0016_seg01.wav,Salah Kamar (Tertukar),POLICE,AMBULANCE,C:\Users\ASUS\Videos\DATASET\TRASH\audit_hasil_pemisahan\salah_kamar\FROM_POLICE_TO_AMBULANCE_police_0016_seg01.wav
1300,FROM_POLICE_TO_AMBULANCE_police_0017_seg01.wav,Salah Kamar (Tertukar),POLICE,AMBULANCE,C:\Users\ASUS\Videos\DATASET\TRASH\audit_hasil_pemisahan\salah_kamar\FROM_POLICE_TO_AMBULANCE_police_0017_seg01.wav
1301,FROM_POLICE_TO_AMBULANCE_police_0018_seg01.wav,Salah Kamar (Tertukar),POLICE,AMBULANCE,C:\Users\ASUS\Videos\DATASET\TRASH\audit_hasil_pemisahan\salah_kamar\FROM_POLICE_TO_AMBULANCE_police_0018_seg01.wav
1302,FROM_POLICE_TO_AMBULANCE_police_0019_seg01.wav,Salah Kamar (Tertukar),POLICE,AMBULANCE,C:\Users\ASUS\Videos\DATASET\TRASH\audit_hasil_pemisahan\salah_kamar\FROM_POLICE_TO_AMBULANCE_police_0019_seg01.wav
1303,FROM_POLICE_TO_AMBULANCE_police_0020_seg01.wav,Salah Kamar (Tertukar),POLICE,AMBULANCE,C:\Users\ASUS\Videos\DATASET\TRASH\audit_hasil_pemisahan\salah_kamar\FROM_POLICE_TO_AMBULANCE_police_0020_seg01.wav
1304,FROM_POLICE_TO_AMBULANCE_police_0021_seg01.wav,Salah Kamar (Tertukar),POLICE,AMBULANCE,C:\Users\ASUS\Videos\DATASET\TRASH\audit_hasil_pemisahan\salah_kamar\FROM_POLICE_TO_AMBULANCE_police_0021_seg01.wav
1305,FROM_POLICE_TO_AMBULANCE_police_0022_seg01.wav,Salah Kamar (Tertukar),POLICE,AMBULANCE,C:\Users\ASUS\Videos\DATASET\TRASH\audit_hasil_pemisahan\salah_kamar\FROM_POLICE_TO_AMBULANCE_police_0022_seg01.wav
1306,FROM_POLICE_TO_AMBULANCE_police_0023_seg01.wav,Salah Kamar (Tertukar),POLICE,AMBULANCE,C:\Users\ASUS\Videos\DATASET\TRASH\audit_hasil_pemisahan\salah_kamar\FROM_POLICE_TO_AMBULANCE_police_0023_seg01.wav
1307,FROM_POLICE_TO_AMBULANCE_police_0024_seg01.wav,Salah Kamar (Tertukar),POLICE,AMBULANCE,C:\Users\ASUS\Videos\DATASET\TRASH\audit_hasil_pemisahan\salah_kamar\FROM_POLICE_TO_AMBULANCE_police_0024_seg01.wav
1308,FROM_POLICE_TO_AMBULANCE_police_0025_seg01.wav,Salah Kamar (Tertukar),POLICE,AMBULANCE,C:\Users\ASUS\Videos\DATASET\TRASH\audit_hasil_pemisahan\salah_kamar\FROM_POLICE_TO_AMBULANCE_police_0025_seg01.wav
1309,FROM_POLICE_TO_AMBULANCE_police_0026_seg01.wav,Salah Kamar (Tertukar),POLICE,AMBULANCE,C:\Users\ASUS\Videos\DATASET\TRASH\audit_hasil_pemisahan\salah_kamar\FROM_POLICE_TO_AMBULANCE_police_0026_seg01.wav
1310,FROM_POLICE_TO_AMBULANCE_police_0027_seg01.wav,Salah Kamar (Tertukar),POLICE,AMBULANCE,C:\Users\ASUS\Videos\DATASET\TRASH\audit_hasil_pemisahan\salah_kamar\FROM_POLICE_TO_AMBULANCE_police_0027_seg01.wav
1311,FROM_POLICE_TO_AMBULANCE_police_0028_seg01.wav,Salah Kamar (Tertukar),POLICE,AMBULANCE,C:\Users\ASUS\Videos\DATASET\TRASH\audit_hasil_pemisahan\salah_kamar\FROM_POLICE_TO_AMBULANCE_police_0028_seg01.wav
1312,FROM_POLICE_TO_AMBULANCE_police_0029_loud.wav,Salah Kamar (Tertukar),POLICE,AMBULANCE,C:\Users\ASUS\Videos\DATASET\TRASH\audit_hasil_pemisahan\salah_kamar\FROM_POLICE_TO_AMBULANCE_police_0029_loud.wav
1313,FROM_POLICE_TO_AMBULANCE_police_0029_noise_light.wav,Salah Kamar (Tertukar),POLICE,AMBULANCE,C:\Users\ASUS\Videos\DATASET\TRASH\audit_hasil_pemisahan\salah_kamar\FROM_POLICE_TO_AMBULANCE_police_0029_noise_light.wav
1314,FROM_POLICE_TO_AMBULANCE_police_0029_original.wav,Salah Kamar (Tertukar),POLICE,AMBULANCE,C:\Users\ASUS\Videos\DATASET\TRASH\audit_hasil_pemisahan\salah_kamar\FROM_POLICE_TO_AMBULANCE_police_0029_original.wav
1315,FROM_POLICE_TO_AMBULANCE_police_0029_shift.wav,Salah Kamar (Tertukar),POLICE,AMBULANCE,C:\Users\ASUS\Videos\DATASET\TRASH\audit_hasil_pemisahan\salah_kamar\FROM_POLICE_TO_AMBULANCE_police_0029_shift.wav
1316,FROM_POLICE_TO_AMBULANCE_police_0030_seg01.wav,Salah Kamar (Tertukar),POLICE,AMBULANCE,C:\Users\ASUS\Videos\DATASET\TRASH\audit_hasil_pemisahan\salah_kamar\FROM_POLICE_TO_AMBULANCE_police_0030_seg01.wav
1317,FROM_POLICE_TO_AMBULANCE_police_0032_seg01.wav,Salah Kamar (Tertukar),POLICE,AMBULANCE,C:\Users\ASUS\Videos\DATASET\TRASH\audit_hasil_pemisahan\salah_kamar\FROM_POLICE_TO_AMBULANCE_police_0032_seg01.wav
1318,FROM_POLICE_TO_AMBULANCE_police_0033_seg01.wav,Salah Kamar (Tertukar),POLICE,AMBULANCE,C:\Users\ASUS\Videos\DATASET\TRASH\audit_hasil_pemisahan\salah_kamar\FROM_POLICE_TO_AMBULANCE_police_0033_seg01.wav
1319,FROM_POLICE_TO_AMBULANCE_police_0034_seg01.wav,Salah Kamar (Tertukar),POLICE,AMBULANCE,C:\Users\ASUS\Videos\DATASET\TRASH\audit_hasil_pemisahan\salah_kamar\FROM_POLICE_TO_AMBULANCE_police_0034_seg01.wav
1320,FROM_POLICE_TO_AMBULANCE_police_0036_seg01.wav,Salah Kamar (Tertukar),POLICE,AMBULANCE,C:\Users\ASUS\Videos\DATASET\TRASH\audit_hasil_pemisahan\salah_kamar\FROM_POLICE_TO_AMBULANCE_police_0036_seg01.wav
1321,FROM_POLICE_TO_AMBULANCE_police_0038_seg01.wav,Salah Kamar (Tertukar),POLICE,AMBULANCE,C:\Users\ASUS\Videos\DATASET\TRASH\audit_hasil_pemisahan\salah_kamar\FROM_POLICE_TO_AMBULANCE_police_0038_seg01.wav
1322,FROM_POLICE_TO_AMBULANCE_police_0040_seg01.wav,Salah Kamar (Tertukar),POLICE,AMBULANCE,C:\Users\ASUS\Videos\DATASET\TRASH\audit_hasil_pemisahan\salah_kamar\FROM_POLICE_TO_AMBULANCE_police_0040_seg01.wav
1323,FROM_POLICE_TO_AMBULANCE_police_0041_seg01.wav,Salah Kamar (Tertukar),POLICE,AMBULANCE,C:\Users\ASUS\Videos\DATASET\TRASH\audit_hasil_pemisahan\salah_kamar\FROM_POLICE_TO_AMBULANCE_police_0041_seg01.wav
1324,FROM_POLICE_TO_AMBULANCE_police_0042_seg01.wav,Salah Kamar (Tertukar),POLICE,AMBULANCE,C:\Users\ASUS\Videos\DATASET\TRASH\audit_hasil_pemisahan\salah_kamar\FROM_POLICE_TO_AMBULANCE_police_0042_seg01.wav
1325,FROM_POLICE_TO_AMBULANCE_police_0043_seg01.wav,Salah Kamar (Tertukar),POLICE,AMBULANCE,C:\Users\ASUS\Videos\DATASET\TRASH\audit_hasil_pemisahan\salah_kamar\FROM_POLICE_TO_AMBULANCE_police_0043_seg01.wav
1326,FROM_POLICE_TO_AMBULANCE_police_0044_seg01.wav,Salah Kamar (Tertukar),POLICE,AMBULANCE,C:\Users\ASUS\Videos\DATASET\TRASH\audit_hasil_pemisahan\salah_kamar\FROM_POLICE_TO_AMBULANCE_police_0044_seg01.wav
1327,FROM_POLICE_TO_AMBULANCE_police_0045_seg01.wav,Salah Kamar (Tertukar),POLICE,AMBULANCE,C:\Users\ASUS\Videos\DATASET\TRASH\audit_hasil_pemisahan\salah_kamar\FROM_POLICE_TO_AMBULANCE_police_0045_seg01.wav
1328,FROM_POLICE_TO_AMBULANCE_police_0046_seg01.wav,Salah Kamar (Tertukar),POLICE,AMBULANCE,C:\Users\ASUS\Videos\DATASET\TRASH\audit_hasil_pemisahan\salah_kamar\FROM_POLICE_TO_AMBULANCE_police_0046_seg01.wav
1329,FROM_POLICE_TO_AMBULANCE_police_0047_seg01.wav,Salah Kamar (Tertukar),POLICE,AMBULANCE,C:\Users\ASUS\Videos\DATASET\TRASH\audit_hasil_pemisahan\salah_kamar\FROM_POLICE_TO_AMBULANCE_police_0047_seg01.wav
1330,FROM_POLICE_TO_AMBULANCE_police_0048_seg01.wav,Salah Kamar (Tertukar),POLICE,AMBULANCE,C:\Users\ASUS\Videos\DATASET\TRASH\audit_hasil_pemisahan\salah_kamar\FROM_POLICE_TO_AMBULANCE_police_0048_seg01.wav
1331,FROM_POLICE_TO_AMBULANCE_police_0050_seg01.wav,Salah Kamar (Tertukar),POLICE,AMBULANCE,C:\Users\ASUS\Videos\DATASET\TRASH\audit_hasil_pemisahan\salah_kamar\FROM_POLICE_TO_AMBULANCE_police_0050_seg01.wav
1332,FROM_POLICE_TO_AMBULANCE_police_0051_seg01.wav,Salah Kamar (Tertukar),POLICE,AMBULANCE,C:\Users\ASUS\Videos\DATASET\TRASH\audit_hasil_pemisahan\salah_kamar\FROM_POLICE_TO_AMBULANCE_police_0051_seg01.wav
1333,FROM_POLICE_TO_AMBULANCE_police_0052_seg01.wav,Salah Kamar (Tertukar),POLICE,AMBULANCE,C:\Users\ASUS\Videos\DATASET\TRASH\audit_hasil_pemisahan\salah_kamar\FROM_POLICE_TO_AMBULANCE_police_0052_seg01.wav
1334,FROM_POLICE_TO_AMBULANCE_police_0056_seg01.wav,Salah Kamar (Tertukar),POLICE,AMBULANCE,C:\Users\ASUS\Videos\DATASET\TRASH\audit_hasil_pemisahan\salah_kamar\FROM_POLICE_TO_AMBULANCE_police_0056_seg01.wav
1335,FROM_POLICE_TO_AMBULANCE_police_0057_seg01.wav,Salah Kamar (Tertukar),POLICE,AMBULANCE,C:\Users\ASUS\Videos\DATASET\TRASH\audit_hasil_pemisahan\salah_kamar\FROM_POLICE_TO_AMBULANCE_police_0057_seg01.wav
1336,FROM_POLICE_TO_AMBULANCE_police_0058_seg01.wav,Salah Kamar (Tertukar),POLICE,AMBULANCE,C:\Users\ASUS\Videos\DATASET\TRASH\audit_hasil_pemisahan\salah_kamar\FROM_POLICE_TO_AMBULANCE_police_0058_seg01.wav
1337,FROM_POLICE_TO_AMBULANCE_police_0059_seg01.wav,Salah Kamar (Tertukar),POLICE,AMBULANCE,C:\Users\ASUS\Videos\DATASET\TRASH\audit_hasil_pemisahan\salah_kamar\FROM_POLICE_TO_AMBULANCE_police_0059_seg01.wav
1338,FROM_POLICE_TO_AMBULANCE_police_0060_seg01.wav,Salah Kamar (Tertukar),POLICE,AMBULANCE,C:\Users\ASUS\Videos\DATASET\TRASH\audit_hasil_pemisahan\salah_kamar\FROM_POLICE_TO_AMBULANCE_police_0060_seg01.wav
1339,FROM_POLICE_TO_AMBULANCE_police_0061_seg01.wav,Salah Kamar (Tertukar),POLICE,AMBULANCE,C:\Users\ASUS\Videos\DATASET\TRASH\audit_hasil_pemisahan\salah_kamar\FROM_POLICE_TO_AMBULANCE_police_0061_seg01.wav
1340,FROM_POLICE_TO_AMBULANCE_police_0062_seg01.wav,Salah Kamar (Tertukar),POLICE,AMBULANCE,C:\Users\ASUS\Videos\DATASET\TRASH\audit_hasil_pemisahan\salah_kamar\FROM_POLICE_TO_AMBULANCE_police_0062_seg01.wav
1341,FROM_POLICE_TO_AMBULANCE_police_0063_seg01.wav,Salah Kamar (Tertukar),POLICE,AMBULANCE,C:\Users\ASUS\Videos\DATASET\TRASH\audit_hasil_pemisahan\salah_kamar\FROM_POLICE_TO_AMBULANCE_police_0063_seg01.wav
1342,FROM_POLICE_TO_AMBULANCE_police_0064_seg01.wav,Salah Kamar (Tertukar),POLICE,AMBULANCE,C:\Users\ASUS\Videos\DATASET\TRASH\audit_hasil_pemisahan\salah_kamar\FROM_POLICE_TO_AMBULANCE_police_0064_seg01.wav
1343,FROM_POLICE_TO_AMBULANCE_police_0066_seg01.wav,Salah Kamar (Tertukar),POLICE,AMBULANCE,C:\Users\ASUS\Videos\DATASET\TRASH\audit_hasil_pemisahan\salah_kamar\FROM_POLICE_TO_AMBULANCE_police_0066_seg01.wav
1344,FROM_POLICE_TO_AMBULANCE_police_0068_seg01.wav,Salah Kamar (Tertukar),POLICE,AMBULANCE,C:\Users\ASUS\Videos\DATASET\TRASH\audit_hasil_pemisahan\salah_kamar\FROM_POLICE_TO_AMBULANCE_police_0068_seg01.wav
1345,FROM_POLICE_TO_AMBULANCE_police_0069_seg01.wav,Salah Kamar (Tertukar),POLICE,AMBULANCE,C:\Users\ASUS\Videos\DATASET\TRASH\audit_hasil_pemisahan\salah_kamar\FROM_POLICE_TO_AMBULANCE_police_0069_seg01.wav
1346,FROM_POLICE_TO_AMBULANCE_police_0070_seg01.wav,Salah Kamar (Tertukar),POLICE,AMBULANCE,C:\Users\ASUS\Videos\DATASET\TRASH\audit_hasil_pemisahan\salah_kamar\FROM_POLICE_TO_AMBULANCE_police_0070_seg01.wav
1347,FROM_POLICE_TO_AMBULANCE_police_0071_seg01.wav,Salah Kamar (Tertukar),POLICE,AMBULANCE,C:\Users\ASUS\Videos\DATASET\TRASH\audit_hasil_pemisahan\salah_kamar\FROM_POLICE_TO_AMBULANCE_police_0071_seg01.wav
1348,FROM_POLICE_TO_AMBULANCE_police_0072_seg01.wav,Salah Kamar (Tertukar),POLICE,AMBULANCE,C:\Users\ASUS\Videos\DATASET\TRASH\audit_hasil_pemisahan\salah_kamar\FROM_POLICE_TO_AMBULANCE_police_0072_seg01.wav
1349,FROM_POLICE_TO_AMBULANCE_police_0074_seg01.wav,Salah Kamar (Tertukar),POLICE,AMBULANCE,C:\Users\ASUS\Videos\DATASET\TRASH\audit_hasil_pemisahan\salah_kamar\FROM_POLICE_TO_AMBULANCE_police_0074_seg01.wav
1350,FROM_POLICE_TO_AMBULANCE_police_0075_seg01.wav,Salah Kamar (Tertukar),POLICE,AMBULANCE,C:\Users\ASUS\Videos\DATASET\TRASH\audit_hasil_pemisahan\salah_kamar\FROM_POLICE_TO_AMBULANCE_police_0075_seg01.wav
1351,FROM_POLICE_TO_AMBULANCE_police_0076_seg01.wav,Salah Kamar (Tertukar),POLICE,AMBULANCE,C:\Users\ASUS\Videos\DATASET\TRASH\audit_hasil_pemisahan\salah_kamar\FROM_POLICE_TO_AMBULANCE_police_0076_seg01.wav
1352,FROM_POLICE_TO_AMBULANCE_police_0077_seg01.wav,Salah Kamar (Tertukar),POLICE,AMBULANCE,C:\Users\ASUS\Videos\DATASET\TRASH\audit_hasil_pemisahan\salah_kamar\FROM_POLICE_TO_AMBULANCE_police_0077_seg01.wav
1353,FROM_POLICE_TO_AMBULANCE_police_0078_seg01.wav,Salah Kamar (Tertukar),POLICE,AMBULANCE,C:\Users\ASUS\Videos\DATASET\TRASH\audit_hasil_pemisahan\salah_kamar\FROM_POLICE_TO_AMBULANCE_police_0078_seg01.wav
1354,FROM_POLICE_TO_AMBULANCE_police_0079_seg01.wav,Salah Kamar (Tertukar),POLICE,AMBULANCE,C:\Users\ASUS\Videos\DATASET\TRASH\audit_hasil_pemisahan\salah_kamar\FROM_POLICE_TO_AMBULANCE_police_0079_seg01.wav
1355,FROM_POLICE_TO_AMBULANCE_police_0095_seg01.wav,Salah Kamar (Tertukar),POLICE,AMBULANCE,C:\Users\ASUS\Videos\DATASET\TRASH\audit_hasil_pemisahan\salah_kamar\FROM_POLICE_TO_AMBULANCE_police_0095_seg01.wav
1356,FROM_POLICE_TO_AMBULANCE_police_0098_seg01.wav,Salah Kamar (Tertukar),POLICE,AMBULANCE,C:\Users\ASUS\Videos\DATASET\TRASH\audit_hasil_pemisahan\salah_kamar\FROM_POLICE_TO_AMBULANCE_police_0098_seg01.wav
1357,FROM_POLICE_TO_AMBULANCE_police_0112_seg01.wav,Salah Kamar (Tertukar),POLICE,AMBULANCE,C:\Users\ASUS\Videos\DATASET\TRASH\audit_hasil_pemisahan\salah_kamar\FROM_POLICE_TO_AMBULANCE_police_0112_seg01.wav
1358,FROM_POLICE_TO_AMBULANCE_police_0113_noise_light.wav,Salah Kamar (Tertukar),POLICE,AMBULANCE,C:\Users\ASUS\Videos\DATASET\TRASH\audit_hasil_pemisahan\salah_kamar\FROM_POLICE_TO_AMBULANCE_police_0113_noise_light.wav
1359,FROM_POLICE_TO_AMBULANCE_police_0113_original.wav,Salah Kamar (Tertukar),POLICE,AMBULANCE,C:\Users\ASUS\Videos\DATASET\TRASH\audit_hasil_pemisahan\salah_kamar\FROM_POLICE_TO_AMBULANCE_police_0113_original.wav
1360,FROM_POLICE_TO_AMBULANCE_police_0113_shift.wav,Salah Kamar (Tertukar),POLICE,AMBULANCE,C:\Users\ASUS\Videos\DATASET\TRASH\audit_hasil_pemisahan\salah_kamar\FROM_POLICE_TO_AMBULANCE_police_0113_shift.wav
1361,FROM_POLICE_TO_AMBULANCE_police_0114_seg01.wav,Salah Kamar (Tertukar),POLICE,AMBULANCE,C:\Users\ASUS\Videos\DATASET\TRASH\audit_hasil_pemisahan\salah_kamar\FROM_POLICE_TO_AMBULANCE_police_0114_seg01.wav
1362,FROM_POLICE_TO_AMBULANCE_police_0116_seg01.wav,Salah Kamar (Tertukar),POLICE,AMBULANCE,C:\Users\ASUS\Videos\DATASET\TRASH\audit_hasil_pemisahan\salah_kamar\FROM_POLICE_TO_AMBULANCE_police_0116_seg01.wav
1363,FROM_POLICE_TO_AMBULANCE_police_0118_seg01.wav,Salah Kamar (Tertukar),POLICE,AMBULANCE,C:\Users\ASUS\Videos\DATASET\TRASH\audit_hasil_pemisahan\salah_kamar\FROM_POLICE_TO_AMBULANCE_police_0118_seg01.wav
1364,FROM_POLICE_TO_AMBULANCE_police_0119_seg01.wav,Salah Kamar (Tertukar),POLICE,AMBULANCE,C:\Users\ASUS\Videos\DATASET\TRASH\audit_hasil_pemisahan\salah_kamar\FROM_POLICE_TO_AMBULANCE_police_0119_seg01.wav
1365,FROM_POLICE_TO_AMBULANCE_police_0120_seg01.wav,Salah Kamar (Tertukar),POLICE,AMBULANCE,C:\Users\ASUS\Videos\DATASET\TRASH\audit_hasil_pemisahan\salah_kamar\FROM_POLICE_TO_AMBULANCE_police_0120_seg01.wav
1366,FROM_POLICE_TO_AMBULANCE_police_0122_seg01.wav,Salah Kamar (Tertukar),POLICE,AMBULANCE,C:\Users\ASUS\Videos\DATASET\TRASH\audit_hasil_pemisahan\salah_kamar\FROM_POLICE_TO_AMBULANCE_police_0122_seg01.wav
1367,FROM_POLICE_TO_AMBULANCE_police_0124_seg01.wav,Salah Kamar (Tertukar),POLICE,AMBULANCE,C:\Users\ASUS\Videos\DATASET\TRASH\audit_hasil_pemisahan\salah_kamar\FROM_POLICE_TO_AMBULANCE_police_0124_seg01.wav
1368,FROM_POLICE_TO_AMBULANCE_police_0126_seg01.wav,Salah Kamar (Tertukar),POLICE,AMBULANCE,C:\Users\ASUS\Videos\DATASET\TRASH\audit_hasil_pemisahan\salah_kamar\FROM_POLICE_TO_AMBULANCE_police_0126_seg01.wav
1369,FROM_POLICE_TO_AMBULANCE_police_0127_seg01.wav,Salah Kamar (Tertukar),POLICE,AMBULANCE,C:\Users\ASUS\Videos\DATASET\TRASH\audit_hasil_pemisahan\salah_kamar\FROM_POLICE_TO_AMBULANCE_police_0127_seg01.wav
1370,FROM_POLICE_TO_AMBULANCE_police_0128_seg01.wav,Salah Kamar (Tertukar),POLICE,AMBULANCE,C:\Users\ASUS\Videos\DATASET\TRASH\audit_hasil_pemisahan\salah_kamar\FROM_POLICE_TO_AMBULANCE_police_0128_seg01.wav
1371,FROM_POLICE_TO_AMBULANCE_police_0129_noise_light.wav,Salah Kamar (Tertukar),POLICE,AMBULANCE,C:\Users\ASUS\Videos\DATASET\TRASH\audit_hasil_pemisahan\salah_kamar\FROM_POLICE_TO_AMBULANCE_police_0129_noise_light.wav
1372,FROM_POLICE_TO_AMBULANCE_police_0129_shift.wav,Salah Kamar (Tertukar),POLICE,AMBULANCE,C:\Users\ASUS\Videos\DATASET\TRASH\audit_hasil_pemisahan\salah_kamar\FROM_POLICE_TO_AMBULANCE_police_0129_shift.wav
1373,FROM_POLICE_TO_AMBULANCE_police_0134_seg01.wav,Salah Kamar (Tertukar),POLICE,AMBULANCE,C:\Users\ASUS\Videos\DATASET\TRASH\audit_hasil_pemisahan\salah_kamar\FROM_POLICE_TO_AMBULANCE_police_0134_seg01.wav
1374,FROM_POLICE_TO_AMBULANCE_police_0135_seg01.wav,Salah Kamar (Tertukar),POLICE,AMBULANCE,C:\Users\ASUS\Videos\DATASET\TRASH\audit_hasil_pemisahan\salah_kamar\FROM_POLICE_TO_AMBULANCE_police_0135_seg01.wav
1375,FROM_POLICE_TO_AMBULANCE_police_0137_seg01.wav,Salah Kamar (Tertukar),POLICE,AMBULANCE,C:\Users\ASUS\Videos\DATASET\TRASH\audit_hasil_pemisahan\salah_kamar\FROM_POLICE_TO_AMBULANCE_police_0137_seg01.wav
1376,FROM_POLICE_TO_AMBULANCE_police_0140_seg01.wav,Salah Kamar (Tertukar),POLICE,AMBULANCE,C:\Users\ASUS\Videos\DATASET\TRASH\audit_hasil_pemisahan\salah_kamar\FROM_POLICE_TO_AMBULANCE_police_0140_seg01.wav
1377,FROM_POLICE_TO_AMBULANCE_police_0146_seg01.wav,Salah Kamar (Tertukar),POLICE,AMBULANCE,C:\Users\ASUS\Videos\DATASET\TRASH\audit_hasil_pemisahan\salah_kamar\FROM_POLICE_TO_AMBULANCE_police_0146_seg01.wav
1378,FROM_POLICE_TO_AMBULANCE_police_0150_seg01.wav,Salah Kamar (Tertukar),POLICE,AMBULANCE,C:\Users\ASUS\Videos\DATASET\TRASH\audit_hasil_pemisahan\salah_kamar\FROM_POLICE_TO_AMBULANCE_police_0150_seg01.wav
1379,FROM_POLICE_TO_AMBULANCE_police_0152_seg01.wav,Salah Kamar (Tertukar),POLICE,AMBULANCE,C:\Users\ASUS\Videos\DATASET\TRASH\audit_hasil_pemisahan\salah_kamar\FROM_POLICE_TO_AMBULANCE_police_0152_seg01.wav
1380,FROM_POLICE_TO_AMBULANCE_police_0153_shift.wav,Salah Kamar (Tertukar),POLICE,AMBULANCE,C:\Users\ASUS\Videos\DATASET\TRASH\audit_hasil_pemisahan\salah_kamar\FROM_POLICE_TO_AMBULANCE_police_0153_shift.wav
1381,FROM_POLICE_TO_AMBULANCE_police_0154_seg01.wav,Salah Kamar (Tertukar),POLICE,AMBULANCE,C:\Users\ASUS\Videos\DATASET\TRASH\audit_hasil_pemisahan\salah_kamar\FROM_POLICE_TO_AMBULANCE_police_0154_seg01.wav
1382,FROM_POLICE_TO_AMBULANCE_police_0158_seg01.wav,Salah Kamar (Tertukar),POLICE,AMBULANCE,C:\Users\ASUS\Videos\DATASET\TRASH\audit_hasil_pemisahan\salah_kamar\FROM_POLICE_TO_AMBULANCE_police_0158_seg01.wav
1383,FROM_POLICE_TO_AMBULANCE_police_0162_seg01.wav,Salah Kamar (Tertukar),POLICE,AMBULANCE,C:\Users\ASUS\Videos\DATASET\TRASH\audit_hasil_pemisahan\salah_kamar\FROM_POLICE_TO_AMBULANCE_police_0162_seg01.wav
1384,FROM_POLICE_TO_AMBULANCE_police_0168_seg01.wav,Salah Kamar (Tertukar),POLICE,AMBULANCE,C:\Users\ASUS\Videos\DATASET\TRASH\audit_hasil_pemisahan\salah_kamar\FROM_POLICE_TO_AMBULANCE_police_0168_seg01.wav
1385,FROM_POLICE_TO_AMBULANCE_police_0183_noise_light.wav,Salah Kamar (Tertukar),POLICE,AMBULANCE,C:\Users\ASUS\Videos\DATASET\TRASH\audit_hasil_pemisahan\salah_kamar\FROM_POLICE_TO_AMBULANCE_police_0183_noise_light.wav
1386,FROM_POLICE_TO_AMBULANCE_police_0183_original.wav,Salah Kamar (Tertukar),POLICE,AMBULANCE,C:\Users\ASUS\Videos\DATASET\TRASH\audit_hasil_pemisahan\salah_kamar\FROM_POLICE_TO_AMBULANCE_police_0183_original.wav
1387,FROM_POLICE_TO_AMBULANCE_police_0183_shift.wav,Salah Kamar (Tertukar),POLICE,AMBULANCE,C:\Users\ASUS\Videos\DATASET\TRASH\audit_hasil_pemisahan\salah_kamar\FROM_POLICE_TO_AMBULANCE_police_0183_shift.wav
1388,FROM_POLICE_TO_AMBULANCE_police_0194_seg01.wav,Salah Kamar (Tertukar),POLICE,AMBULANCE,C:\Users\ASUS\Videos\DATASET\TRASH\audit_hasil_pemisahan\salah_kamar\FROM_POLICE_TO_AMBULANCE_police_0194_seg01.wav
1389,FROM_POLICE_TO_AMBULANCE_police_0196_seg01.wav,Salah Kamar (Tertukar),POLICE,AMBULANCE,C:\Users\ASUS\Videos\DATASET\TRASH\audit_hasil_pemisahan\salah_kamar\FROM_POLICE_TO_AMBULANCE_police_0196_seg01.wav
1390,FROM_POLICE_TO_AMBULANCE_police_0197_seg01.wav,Salah Kamar (Tertukar),POLICE,AMBULANCE,C:\Users\ASUS\Videos\DATASET\TRASH\audit_hasil_pemisahan\salah_kamar\FROM_POLICE_TO_AMBULANCE_police_0197_seg01.wav
1391,FROM_POLICE_TO_AMBULANCE_police_0198_seg01.wav,Salah Kamar (Tertukar),POLICE,AMBULANCE,C:\Users\ASUS\Videos\DATASET\TRASH\audit_hasil_pemisahan\salah_kamar\FROM_POLICE_TO_AMBULANCE_police_0198_seg01.wav
1392,FROM_POLICE_TO_AMBULANCE_police_0206_seg01.wav,Salah Kamar (Tertukar),POLICE,AMBULANCE,C:\Users\ASUS\Videos\DATASET\TRASH\audit_hasil_pemisahan\salah_kamar\FROM_POLICE_TO_AMBULANCE_police_0206_seg01.wav
1393,FROM_POLICE_TO_AMBULANCE_police_0211_seg01.wav,Salah Kamar (Tertukar),POLICE,AMBULANCE,C:\Users\ASUS\Videos\DATASET\TRASH\audit_hasil_pemisahan\salah_kamar\FROM_POLICE_TO_AMBULANCE_police_0211_seg01.wav
1394,FROM_POLICE_TO_AMBULANCE_police_0214_seg01.wav,Salah Kamar (Tertukar),POLICE,AMBULANCE,C:\Users\ASUS\Videos\DATASET\TRASH\audit_hasil_pemisahan\salah_kamar\FROM_POLICE_TO_AMBULANCE_police_0214_seg01.wav
1395,FROM_POLICE_TO_AMBULANCE_police_0215_seg01.wav,Salah Kamar (Tertukar),POLICE,AMBULANCE,C:\Users\ASUS\Videos\DATASET\TRASH\audit_hasil_pemisahan\salah_kamar\FROM_POLICE_TO_AMBULANCE_police_0215_seg01.wav
1396,FROM_POLICE_TO_AMBULANCE_police_0216_seg01.wav,Salah Kamar (Tertukar),POLICE,AMBULANCE,C:\Users\ASUS\Videos\DATASET\TRASH\audit_hasil_pemisahan\salah_kamar\FROM_POLICE_TO_AMBULANCE_police_0216_seg01.wav
1397,FROM_POLICE_TO_AMBULANCE_police_0221_shift.wav,Salah Kamar (Tertukar),POLICE,AMBULANCE,C:\Users\ASUS\Videos\DATASET\TRASH\audit_hasil_pemisahan\salah_kamar\FROM_POLICE_TO_AMBULANCE_police_0221_shift.wav
1398,FROM_POLICE_TO_AMBULANCE_police_0227_noise_light.wav,Salah Kamar (Tertukar),POLICE,AMBULANCE,C:\Users\ASUS\Videos\DATASET\TRASH\audit_hasil_pemisahan\salah_kamar\FROM_POLICE_TO_AMBULANCE_police_0227_noise_light.wav
1399,FROM_POLICE_TO_AMBULANCE_police_0227_original.wav,Salah Kamar (Tertukar),POLICE,AMBULANCE,C:\Users\ASUS\Videos\DATASET\TRASH\audit_hasil_pemisahan\salah_kamar\FROM_POLICE_TO_AMBULANCE_police_0227_original.wav
1400,FROM_POLICE_TO_AMBULANCE_police_0227_shift.wav,Salah Kamar (Tertukar),POLICE,AMBULANCE,C:\Users\ASUS\Videos\DATASET\TRASH\audit_hasil_pemisahan\salah_kamar\FROM_POLICE_TO_AMBULANCE_police_0227_shift.wav
1401,FROM_POLICE_TO_AMBULANCE_police_0229_seg01.wav,Salah Kamar (Tertukar),POLICE,AMBULANCE,C:\Users\ASUS\Videos\DATASET\TRASH\audit_hasil_pemisahan\salah_kamar\FROM_POLICE_TO_AMBULANCE_police_0229_seg01.wav
1402,FROM_POLICE_TO_AMBULANCE_police_0231_seg01.wav,Salah Kamar (Tertukar),POLICE,AMBULANCE,C:\Users\ASUS\Videos\DATASET\TRASH\audit_hasil_pemisahan\salah_kamar\FROM_POLICE_TO_AMBULANCE_police_0231_seg01.wav
1403,FROM_POLICE_TO_AMBULANCE_police_0232_seg01.wav,Salah Kamar (Tertukar),POLICE,AMBULANCE,C:\Users\ASUS\Videos\DATASET\TRASH\audit_hasil_pemisahan\salah_kamar\FROM_POLICE_TO_AMBULANCE_police_0232_seg01.wav
1404,FROM_POLICE_TO_AMBULANCE_police_0242_seg01.wav,Salah Kamar (Tertukar),POLICE,AMBULANCE,C:\Users\ASUS\Videos\DATASET\TRASH\audit_hasil_pemisahan\salah_kamar\FROM_POLICE_TO_AMBULANCE_police_0242_seg01.wav
1405,FROM_POLICE_TO_AMBULANCE_police_0243_seg01.wav,Salah Kamar (Tertukar),POLICE,AMBULANCE,C:\Users\ASUS\Videos\DATASET\TRASH\audit_hasil_pemisahan\salah_kamar\FROM_POLICE_TO_AMBULANCE_police_0243_seg01.wav
1406,FROM_POLICE_TO_AMBULANCE_police_0244_seg01.wav,Salah Kamar (Tertukar),POLICE,AMBULANCE,C:\Users\ASUS\Videos\DATASET\TRASH\audit_hasil_pemisahan\salah_kamar\FROM_POLICE_TO_AMBULANCE_police_0244_seg01.wav
1407,FROM_POLICE_TO_AMBULANCE_police_0245_seg01.wav,Salah Kamar (Tertukar),POLICE,AMBULANCE,C:\Users\ASUS\Videos\DATASET\TRASH\audit_hasil_pemisahan\salah_kamar\FROM_POLICE_TO_AMBULANCE_police_0245_seg01.wav
1408,FROM_POLICE_TO_AMBULANCE_police_0247_seg01.wav,Salah Kamar (Tertukar),POLICE,AMBULANCE,C:\Users\ASUS\Videos\DATASET\TRASH\audit_hasil_pemisahan\salah_kamar\FROM_POLICE_TO_AMBULANCE_police_0247_seg01.wav
1409,FROM_POLICE_TO_AMBULANCE_police_0248_seg01.wav,Salah Kamar (Tertukar),POLICE,AMBULANCE,C:\Users\ASUS\Videos\DATASET\TRASH\audit_hasil_pemisahan\salah_kamar\FROM_POLICE_TO_AMBULANCE_police_0248_seg01.wav
1410,FROM_POLICE_TO_AMBULANCE_police_0249_seg01.wav,Salah Kamar (Tertukar),POLICE,AMBULANCE,C:\Users\ASUS\Videos\DATASET\TRASH\audit_hasil_pemisahan\salah_kamar\FROM_POLICE_TO_AMBULANCE_police_0249_seg01.wav
1411,FROM_POLICE_TO_AMBULANCE_police_0266_seg01.wav,Salah Kamar (Tertukar),POLICE,AMBULANCE,C:\Users\ASUS\Videos\DATASET\TRASH\audit_hasil_pemisahan\salah_kamar\FROM_POLICE_TO_AMBULANCE_police_0266_seg01.wav
1412,FROM_POLICE_TO_AMBULANCE_police_0267_noise_light.wav,Salah Kamar (Tertukar),POLICE,AMBULANCE,C:\Users\ASUS\Videos\DATASET\TRASH\audit_hasil_pemisahan\salah_kamar\FROM_POLICE_TO_AMBULANCE_police_0267_noise_light.wav
1413,FROM_POLICE_TO_AMBULANCE_police_0267_original.wav,Salah Kamar (Tertukar),POLICE,AMBULANCE,C:\Users\ASUS\Videos\DATASET\TRASH\audit_hasil_pemisahan\salah_kamar\FROM_POLICE_TO_AMBULANCE_police_0267_original.wav
1414,FROM_POLICE_TO_AMBULANCE_police_0267_seg01.wav,Salah Kamar (Tertukar),POLICE,AMBULANCE,C:\Users\ASUS\Videos\DATASET\TRASH\audit_hasil_pemisahan\salah_kamar\FROM_POLICE_TO_AMBULANCE_police_0267_seg01.wav
1415,FROM_POLICE_TO_AMBULANCE_police_0267_shift.wav,Salah Kamar (Tertukar),POLICE,AMBULANCE,C:\Users\ASUS\Videos\DATASET\TRASH\audit_hasil_pemisahan\salah_kamar\FROM_POLICE_TO_AMBULANCE_police_0267_shift.wav
1416,FROM_POLICE_TO_AMBULANCE_police_0277_seg01.wav,Salah Kamar (Tertukar),POLICE,AMBULANCE,C:\Users\ASUS\Videos\DATASET\TRASH\audit_hasil_pemisahan\salah_kamar\FROM_POLICE_TO_AMBULANCE_police_0277_seg01.wav
1417,FROM_POLICE_TO_AMBULANCE_police_0282_seg01.wav,Salah Kamar (Tertukar),POLICE,AMBULANCE,C:\Users\ASUS\Videos\DATASET\TRASH\audit_hasil_pemisahan\salah_kamar\FROM_POLICE_TO_AMBULANCE_police_0282_seg01.wav
1418,FROM_POLICE_TO_AMBULANCE_police_0283_seg01.wav,Salah Kamar (Tertukar),POLICE,AMBULANCE,C:\Users\ASUS\Videos\DATASET\TRASH\audit_hasil_pemisahan\salah_kamar\FROM_POLICE_TO_AMBULANCE_police_0283_seg01.wav
1419,FROM_POLICE_TO_AMBULANCE_police_0284_seg01.wav,Salah Kamar (Tertukar),POLICE,AMBULANCE,C:\Users\ASUS\Videos\DATASET\TRASH\audit_hasil_pemisahan\salah_kamar\FROM_POLICE_TO_AMBULANCE_police_0284_seg01.wav
1420,FROM_POLICE_TO_AMBULANCE_police_0285_seg01.wav,Salah Kamar (Tertukar),POLICE,AMBULANCE,C:\Users\ASUS\Videos\DATASET\TRASH\audit_hasil_pemisahan\salah_kamar\FROM_POLICE_TO_AMBULANCE_police_0285_seg01.wav
1421,FROM_POLICE_TO_AMBULANCE_police_0290_seg01.wav,Salah Kamar (Tertukar),POLICE,AMBULANCE,C:\Users\ASUS\Videos\DATASET\TRASH\audit_hasil_pemisahan\salah_kamar\FROM_POLICE_TO_AMBULANCE_police_0290_seg01.wav
1422,FROM_POLICE_TO_AMBULANCE_police_0291_seg01.wav,Salah Kamar (Tertukar),POLICE,AMBULANCE,C:\Users\ASUS\Videos\DATASET\TRASH\audit_hasil_pemisahan\salah_kamar\FROM_POLICE_TO_AMBULANCE_police_0291_seg01.wav
1423,FROM_POLICE_TO_AMBULANCE_police_0294_seg01.wav,Salah Kamar (Tertukar),POLICE,AMBULANCE,C:\Users\ASUS\Videos\DATASET\TRASH\audit_hasil_pemisahan\salah_kamar\FROM_POLICE_TO_AMBULANCE_police_0294_seg01.wav
1424,FROM_POLICE_TO_AMBULANCE_police_0302_seg01.wav,Salah Kamar (Tertukar),POLICE,AMBULANCE,C:\Users\ASUS\Videos\DATASET\TRASH\audit_hasil_pemisahan\salah_kamar\FROM_POLICE_TO_AMBULANCE_police_0302_seg01.wav
1425,FROM_POLICE_TO_AMBULANCE_police_0304_seg01.wav,Salah Kamar (Tertukar),POLICE,AMBULANCE,C:\Users\ASUS\Videos\DATASET\TRASH\audit_hasil_pemisahan\salah_kamar\FROM_POLICE_TO_AMBULANCE_police_0304_seg01.wav
1426,FROM_POLICE_TO_AMBULANCE_police_0305_seg01.wav,Salah Kamar (Tertukar),POLICE,AMBULANCE,C:\Users\ASUS\Videos\DATASET\TRASH\audit_hasil_pemisahan\salah_kamar\FROM_POLICE_TO_AMBULANCE_police_0305_seg01.wav
1427,FROM_POLICE_TO_AMBULANCE_police_0306_seg01.wav,Salah Kamar (Tertukar),POLICE,AMBULANCE,C:\Users\ASUS\Videos\DATASET\TRASH\audit_hasil_pemisahan\salah_kamar\FROM_POLICE_TO_AMBULANCE_police_0306_seg01.wav
1428,FROM_POLICE_TO_AMBULANCE_police_0307_seg01.wav,Salah Kamar (Tertukar),POLICE,AMBULANCE,C:\Users\ASUS\Videos\DATASET\TRASH\audit_hasil_pemisahan\salah_kamar\FROM_POLICE_TO_AMBULANCE_police_0307_seg01.wav
1429,FROM_POLICE_TO_AMBULANCE_police_0308_seg01.wav,Salah Kamar (Tertukar),POLICE,AMBULANCE,C:\Users\ASUS\Videos\DATASET\TRASH\audit_hasil_pemisahan\salah_kamar\FROM_POLICE_TO_AMBULANCE_police_0308_seg01.wav
1430,FROM_POLICE_TO_AMBULANCE_police_0310_seg01.wav,Salah Kamar (Tertukar),POLICE,AMBULANCE,C:\Users\ASUS\Videos\DATASET\TRASH\audit_hasil_pemisahan\salah_kamar\FROM_POLICE_TO_AMBULANCE_police_0310_seg01.wav
1431,FROM_POLICE_TO_AMBULANCE_police_0311_seg01.wav,Salah Kamar (Tertukar),POLICE,AMBULANCE,C:\Users\ASUS\Videos\DATASET\TRASH\audit_hasil_pemisahan\salah_kamar\FROM_POLICE_TO_AMBULANCE_police_0311_seg01.wav
1432,FROM_POLICE_TO_AMBULANCE_police_0313_noise_light.wav,Salah Kamar (Tertukar),POLICE,AMBULANCE,C:\Users\ASUS\Videos\DATASET\TRASH\audit_hasil_pemisahan\salah_kamar\FROM_POLICE_TO_AMBULANCE_police_0313_noise_light.wav
1433,FROM_POLICE_TO_AMBULANCE_police_0313_original.wav,Salah Kamar (Tertukar),POLICE,AMBULANCE,C:\Users\ASUS\Videos\DATASET\TRASH\audit_hasil_pemisahan\salah_kamar\FROM_POLICE_TO_AMBULANCE_police_0313_original.wav
1434,FROM_POLICE_TO_AMBULANCE_police_0313_shift.wav,Salah Kamar (Tertukar),POLICE,AMBULANCE,C:\Users\ASUS\Videos\DATASET\TRASH\audit_hasil_pemisahan\salah_kamar\FROM_POLICE_TO_AMBULANCE_police_0313_shift.wav
1435,FROM_POLICE_TO_AMBULANCE_police_0314_seg01.wav,Salah Kamar (Tertukar),POLICE,AMBULANCE,C:\Users\ASUS\Videos\DATASET\TRASH\audit_hasil_pemisahan\salah_kamar\FROM_POLICE_TO_AMBULANCE_police_0314_seg01.wav
1436,FROM_POLICE_TO_AMBULANCE_police_0316_seg01.wav,Salah Kamar (Tertukar),POLICE,AMBULANCE,C:\Users\ASUS\Videos\DATASET\TRASH\audit_hasil_pemisahan\salah_kamar\FROM_POLICE_TO_AMBULANCE_police_0316_seg01.wav
1437,FROM_POLICE_TO_AMBULANCE_police_0320_seg01.wav,Salah Kamar (Tertukar),POLICE,AMBULANCE,C:\Users\ASUS\Videos\DATASET\TRASH\audit_hasil_pemisahan\salah_kamar\FROM_POLICE_TO_AMBULANCE_police_0320_seg01.wav
1438,FROM_POLICE_TO_AMBULANCE_police_0322_seg01.wav,Salah Kamar (Tertukar),POLICE,AMBULANCE,C:\Users\ASUS\Videos\DATASET\TRASH\audit_hasil_pemisahan\salah_kamar\FROM_POLICE_TO_AMBULANCE_police_0322_seg01.wav
1439,FROM_POLICE_TO_AMBULANCE_police_0329_seg01.wav,Salah Kamar (Tertukar),POLICE,AMBULANCE,C:\Users\ASUS\Videos\DATASET\TRASH\audit_hasil_pemisahan\salah_kamar\FROM_POLICE_TO_AMBULANCE_police_0329_seg01.wav
1440,FROM_POLICE_TO_AMBULANCE_police_0332_noise_light.wav,Salah Kamar (Tertukar),POLICE,AMBULANCE,C:\Users\ASUS\Videos\DATASET\TRASH\audit_hasil_pemisahan\salah_kamar\FROM_POLICE_TO_AMBULANCE_police_0332_noise_light.wav
1441,FROM_POLICE_TO_AMBULANCE_police_0332_original.wav,Salah Kamar (Tertukar),POLICE,AMBULANCE,C:\Users\ASUS\Videos\DATASET\TRASH\audit_hasil_pemisahan\salah_kamar\FROM_POLICE_TO_AMBULANCE_police_0332_original.wav
1442,FROM_POLICE_TO_AMBULANCE_police_0332_shift.wav,Salah Kamar (Tertukar),POLICE,AMBULANCE,C:\Users\ASUS\Videos\DATASET\TRASH\audit_hasil_pemisahan\salah_kamar\FROM_POLICE_TO_AMBULANCE_police_0332_shift.wav
1443,FROM_POLICE_TO_AMBULANCE_police_0338_seg01.wav,Salah Kamar (Tertukar),POLICE,AMBULANCE,C:\Users\ASUS\Videos\DATASET\TRASH\audit_hasil_pemisahan\salah_kamar\FROM_POLICE_TO_AMBULANCE_police_0338_seg01.wav
1444,FROM_POLICE_TO_AMBULANCE_police_0339_seg01.wav,Salah Kamar (Tertukar),POLICE,AMBULANCE,C:\Users\ASUS\Videos\DATASET\TRASH\audit_hasil_pemisahan\salah_kamar\FROM_POLICE_TO_AMBULANCE_police_0339_seg01.wav
1445,FROM_POLICE_TO_AMBULANCE_police_0340_seg01.wav,Salah Kamar (Tertukar),POLICE,AMBULANCE,C:\Users\ASUS\Videos\DATASET\TRASH\audit_hasil_pemisahan\salah_kamar\FROM_POLICE_TO_AMBULANCE_police_0340_seg01.wav
1446,FROM_POLICE_TO_AMBULANCE_police_0344_noise_light.wav,Salah Kamar (Tertukar),POLICE,AMBULANCE,C:\Users\ASUS\Videos\DATASET\TRASH\audit_hasil_pemisahan\salah_kamar\FROM_POLICE_TO_AMBULANCE_police_0344_noise_light.wav
1447,FROM_POLICE_TO_AMBULANCE_police_0345_seg01.wav,Salah Kamar (Tertukar),POLICE,AMBULANCE,C:\Users\ASUS\Videos\DATASET\TRASH\audit_hasil_pemisahan\salah_kamar\FROM_POLICE_TO_AMBULANCE_police_0345_seg01.wav
1448,FROM_POLICE_TO_AMBULANCE_police_0348_noise_light.wav,Salah Kamar (Tertukar),POLICE,AMBULANCE,C:\Users\ASUS\Videos\DATASET\TRASH\audit_hasil_pemisahan\salah_kamar\FROM_POLICE_TO_AMBULANCE_police_0348_noise_light.wav
1449,FROM_POLICE_TO_AMBULANCE_police_0349_seg01.wav,Salah Kamar (Tertukar),POLICE,AMBULANCE,C:\Users\ASUS\Videos\DATASET\TRASH\audit_hasil_pemisahan\salah_kamar\FROM_POLICE_TO_AMBULANCE_police_0349_seg01.wav
1450,FROM_POLICE_TO_AMBULANCE_police_0355_seg01.wav,Salah Kamar (Tertukar),POLICE,AMBULANCE,C:\Users\ASUS\Videos\DATASET\TRASH\audit_hasil_pemisahan\salah_kamar\FROM_POLICE_TO_AMBULANCE_police_0355_seg01.wav
1451,FROM_POLICE_TO_AMBULANCE_police_0364_seg01.wav,Salah Kamar (Tertukar),POLICE,AMBULANCE,C:\Users\ASUS\Videos\DATASET\TRASH\audit_hasil_pemisahan\salah_kamar\FROM_POLICE_TO_AMBULANCE_police_0364_seg01.wav
1452,FROM_POLICE_TO_AMBULANCE_police_0365_seg01.wav,Salah Kamar (Tertukar),POLICE,AMBULANCE,C:\Users\ASUS\Videos\DATASET\TRASH\audit_hasil_pemisahan\salah_kamar\FROM_POLICE_TO_AMBULANCE_police_0365_seg01.wav
1453,FROM_POLICE_TO_AMBULANCE_police_0366_seg01.wav,Salah Kamar (Tertukar),POLICE,AMBULANCE,C:\Users\ASUS\Videos\DATASET\TRASH\audit_hasil_pemisahan\salah_kamar\FROM_POLICE_TO_AMBULANCE_police_0366_seg01.wav
1454,FROM_POLICE_TO_AMBULANCE_police_0367_seg01.wav,Salah Kamar (Tertukar),POLICE,AMBULANCE,C:\Users\ASUS\Videos\DATASET\TRASH\audit_hasil_pemisahan\salah_kamar\FROM_POLICE_TO_AMBULANCE_police_0367_seg01.wav
1455,FROM_POLICE_TO_AMBULANCE_police_0369_seg01.wav,Salah Kamar (Tertukar),POLICE,AMBULANCE,C:\Users\ASUS\Videos\DATASET\TRASH\audit_hasil_pemisahan\salah_kamar\FROM_POLICE_TO_AMBULANCE_police_0369_seg01.wav
1456,FROM_POLICE_TO_AMBULANCE_police_0372_seg01.wav,Salah Kamar (Tertukar),POLICE,AMBULANCE,C:\Users\ASUS\Videos\DATASET\TRASH\audit_hasil_pemisahan\salah_kamar\FROM_POLICE_TO_AMBULANCE_police_0372_seg01.wav
1457,FROM_POLICE_TO_AMBULANCE_police_0373_seg01.wav,Salah Kamar (Tertukar),POLICE,AMBULANCE,C:\Users\ASUS\Videos\DATASET\TRASH\audit_hasil_pemisahan\salah_kamar\FROM_POLICE_TO_AMBULANCE_police_0373_seg01.wav
1458,FROM_POLICE_TO_AMBULANCE_police_0375_seg01.wav,Salah Kamar (Tertukar),POLICE,AMBULANCE,C:\Users\ASUS\Videos\DATASET\TRASH\audit_hasil_pemisahan\salah_kamar\FROM_POLICE_TO_AMBULANCE_police_0375_seg01.wav
1459,FROM_POLICE_TO_AMBULANCE_police_0381_seg01.wav,Salah Kamar (Tertukar),POLICE,AMBULANCE,C:\Users\ASUS\Videos\DATASET\TRASH\audit_hasil_pemisahan\salah_kamar\FROM_POLICE_TO_AMBULANCE_police_0381_seg01.wav
1460,FROM_POLICE_TO_AMBULANCE_police_0382_seg01.wav,Salah Kamar (Tertukar),POLICE,AMBULANCE,C:\Users\ASUS\Videos\DATASET\TRASH\audit_hasil_pemisahan\salah_kamar\FROM_POLICE_TO_AMBULANCE_police_0382_seg01.wav
1461,FROM_POLICE_TO_AMBULANCE_police_0391_seg01.wav,Salah Kamar (Tertukar),POLICE,AMBULANCE,C:\Users\ASUS\Videos\DATASET\TRASH\audit_hasil_pemisahan\salah_kamar\FROM_POLICE_TO_AMBULANCE_police_0391_seg01.wav
1462,FROM_POLICE_TO_AMBULANCE_police_0395_seg01.wav,Salah Kamar (Tertukar),POLICE,AMBULANCE,C:\Users\ASUS\Videos\DATASET\TRASH\audit_hasil_pemisahan\salah_kamar\FROM_POLICE_TO_AMBULANCE_police_0395_seg01.wav
1463,FROM_POLICE_TO_AMBULANCE_police_0396_seg01.wav,Salah Kamar (Tertukar),POLICE,AMBULANCE,C:\Users\ASUS\Videos\DATASET\TRASH\audit_hasil_pemisahan\salah_kamar\FROM_POLICE_TO_AMBULANCE_police_0396_seg01.wav
1464,FROM_POLICE_TO_AMBULANCE_police_0397_seg01.wav,Salah Kamar (Tertukar),POLICE,AMBULANCE,C:\Users\ASUS\Videos\DATASET\TRASH\audit_hasil_pemisahan\salah_kamar\FROM_POLICE_TO_AMBULANCE_police_0397_seg01.wav
1465,FROM_POLICE_TO_AMBULANCE_police_0398_seg01.wav,Salah Kamar (Tertukar),POLICE,AMBULANCE,C:\Users\ASUS\Videos\DATASET\TRASH\audit_hasil_pemisahan\salah_kamar\FROM_POLICE_TO_AMBULANCE_police_0398_seg01.wav
1466,FROM_POLICE_TO_AMBULANCE_police_0399_seg01.wav,Salah Kamar (Tertukar),POLICE,AMBULANCE,C:\Users\ASUS\Videos\DATASET\TRASH\audit_hasil_pemisahan\salah_kamar\FROM_POLICE_TO_AMBULANCE_police_0399_seg01.wav
1467,FROM_POLICE_TO_AMBULANCE_police_0401_seg01.wav,Salah Kamar (Tertukar),POLICE,AMBULANCE,C:\Users\ASUS\Videos\DATASET\TRASH\audit_hasil_pemisahan\salah_kamar\FROM_POLICE_TO_AMBULANCE_police_0401_seg01.wav
1468,FROM_POLICE_TO_AMBULANCE_police_0402_seg01.wav,Salah Kamar (Tertukar),POLICE,AMBULANCE,C:\Users\ASUS\Videos\DATASET\TRASH\audit_hasil_pemisahan\salah_kamar\FROM_POLICE_TO_AMBULANCE_police_0402_seg01.wav
1469,FROM_POLICE_TO_AMBULANCE_police_0404_seg01.wav,Salah Kamar (Tertukar),POLICE,AMBULANCE,C:\Users\ASUS\Videos\DATASET\TRASH\audit_hasil_pemisahan\salah_kamar\FROM_POLICE_TO_AMBULANCE_police_0404_seg01.wav
1470,FROM_POLICE_TO_AMBULANCE_police_0405_seg01.wav,Salah Kamar (Tertukar),POLICE,AMBULANCE,C:\Users\ASUS\Videos\DATASET\TRASH\audit_hasil_pemisahan\salah_kamar\FROM_POLICE_TO_AMBULANCE_police_0405_seg01.wav
1471,FROM_POLICE_TO_AMBULANCE_police_0407_seg01.wav,Salah Kamar (Tertukar),POLICE,AMBULANCE,C:\Users\ASUS\Videos\DATASET\TRASH\audit_hasil_pemisahan\salah_kamar\FROM_POLICE_TO_AMBULANCE_police_0407_seg01.wav
1472,FROM_POLICE_TO_AMBULANCE_police_0416_seg01.wav,Salah Kamar (Tertukar),POLICE,AMBULANCE,C:\Users\ASUS\Videos\DATASET\TRASH\audit_hasil_pemisahan\salah_kamar\FROM_POLICE_TO_AMBULANCE_police_0416_seg01.wav
1473,FROM_POLICE_TO_AMBULANCE_police_0417_seg01.wav,Salah Kamar (Tertukar),POLICE,AMBULANCE,C:\Users\ASUS\Videos\DATASET\TRASH\audit_hasil_pemisahan\salah_kamar\FROM_POLICE_TO_AMBULANCE_police_0417_seg01.wav
1474,FROM_POLICE_TO_AMBULANCE_police_0418_seg01.wav,Salah Kamar (Tertukar),POLICE,AMBULANCE,C:\Users\ASUS\Videos\DATASET\TRASH\audit_hasil_pemisahan\salah_kamar\FROM_POLICE_TO_AMBULANCE_police_0418_seg01.wav
1475,FROM_POLICE_TO_AMBULANCE_police_0419_seg01.wav,Salah Kamar (Tertukar),POLICE,AMBULANCE,C:\Users\ASUS\Videos\DATASET\TRASH\audit_hasil_pemisahan\salah_kamar\FROM_POLICE_TO_AMBULANCE_police_0419_seg01.wav
1476,FROM_POLICE_TO_AMBULANCE_police_0420_seg01.wav,Salah Kamar (Tertukar),POLICE,AMBULANCE,C:\Users\ASUS\Videos\DATASET\TRASH\audit_hasil_pemisahan\salah_kamar\FROM_POLICE_TO_AMBULANCE_police_0420_seg01.wav
1477,FROM_POLICE_TO_AMBULANCE_police_0422_seg01.wav,Salah Kamar (Tertukar),POLICE,AMBULANCE,C:\Users\ASUS\Videos\DATASET\TRASH\audit_hasil_pemisahan\salah_kamar\FROM_POLICE_TO_AMBULANCE_police_0422_seg01.wav
1478,FROM_POLICE_TO_AMBULANCE_police_0423_seg01.wav,Salah Kamar (Tertukar),POLICE,AMBULANCE,C:\Users\ASUS\Videos\DATASET\TRASH\audit_hasil_pemisahan\salah_kamar\FROM_POLICE_TO_AMBULANCE_police_0423_seg01.wav
1479,FROM_POLICE_TO_AMBULANCE_police_0424_seg01.wav,Salah Kamar (Tertukar),POLICE,AMBULANCE,C:\Users\ASUS\Videos\DATASET\TRASH\audit_hasil_pemisahan\salah_kamar\FROM_POLICE_TO_AMBULANCE_police_0424_seg01.wav
1480,FROM_POLICE_TO_AMBULANCE_police_0425_seg01.wav,Salah Kamar (Tertukar),POLICE,AMBULANCE,C:\Users\ASUS\Videos\DATASET\TRASH\audit_hasil_pemisahan\salah_kamar\FROM_POLICE_TO_AMBULANCE_police_0425_seg01.wav
1481,FROM_POLICE_TO_AMBULANCE_police_0426_seg01.wav,Salah Kamar (Tertukar),POLICE,AMBULANCE,C:\Users\ASUS\Videos\DATASET\TRASH\audit_hasil_pemisahan\salah_kamar\FROM_POLICE_TO_AMBULANCE_police_0426_seg01.wav
1482,FROM_POLICE_TO_AMBULANCE_police_0427_seg01.wav,Salah Kamar (Tertukar),POLICE,AMBULANCE,C:\Users\ASUS\Videos\DATASET\TRASH\audit_hasil_pemisahan\salah_kamar\FROM_POLICE_TO_AMBULANCE_police_0427_seg01.wav
1483,FROM_POLICE_TO_AMBULANCE_police_0428_noise_light.wav,Salah Kamar (Tertukar),POLICE,AMBULANCE,C:\Users\ASUS\Videos\DATASET\TRASH\audit_hasil_pemisahan\salah_kamar\FROM_POLICE_TO_AMBULANCE_police_0428_noise_light.wav
1484,FROM_POLICE_TO_AMBULANCE_police_0428_seg01.wav,Salah Kamar (Tertukar),POLICE,AMBULANCE,C:\Users\ASUS\Videos\DATASET\TRASH\audit_hasil_pemisahan\salah_kamar\FROM_POLICE_TO_AMBULANCE_police_0428_seg01.wav
1485,FROM_POLICE_TO_AMBULANCE_police_0429_seg01.wav,Salah Kamar (Tertukar),POLICE,AMBULANCE,C:\Users\ASUS\Videos\DATASET\TRASH\audit_hasil_pemisahan\salah_kamar\FROM_POLICE_TO_AMBULANCE_police_0429_seg01.wav
1486,FROM_POLICE_TO_AMBULANCE_police_0430_seg01.wav,Salah Kamar (Tertukar),POLICE,AMBULANCE,C:\Users\ASUS\Videos\DATASET\TRASH\audit_hasil_pemisahan\salah_kamar\FROM_POLICE_TO_AMBULANCE_police_0430_seg01.wav
1487,FROM_POLICE_TO_AMBULANCE_police_0431_seg01.wav,Salah Kamar (Tertukar),POLICE,AMBULANCE,C:\Users\ASUS\Videos\DATASET\TRASH\audit_hasil_pemisahan\salah_kamar\FROM_POLICE_TO_AMBULANCE_police_0431_seg01.wav
1488,FROM_POLICE_TO_AMBULANCE_police_0432_seg01.wav,Salah Kamar (Tertukar),POLICE,AMBULANCE,C:\Users\ASUS\Videos\DATASET\TRASH\audit_hasil_pemisahan\salah_kamar\FROM_POLICE_TO_AMBULANCE_police_0432_seg01.wav
1489,FROM_POLICE_TO_AMBULANCE_police_0433_seg01.wav,Salah Kamar (Tertukar),POLICE,AMBULANCE,C:\Users\ASUS\Videos\DATASET\TRASH\audit_hasil_pemisahan\salah_kamar\FROM_POLICE_TO_AMBULANCE_police_0433_seg01.wav
1490,FROM_POLICE_TO_AMBULANCE_police_0434_seg01.wav,Salah Kamar (Tertukar),POLICE,AMBULANCE,C:\Users\ASUS\Videos\DATASET\TRASH\audit_hasil_pemisahan\salah_kamar\FROM_POLICE_TO_AMBULANCE_police_0434_seg01.wav
1491,FROM_POLICE_TO_AMBULANCE_police_0435_seg01.wav,Salah Kamar (Tertukar),POLICE,AMBULANCE,C:\Users\ASUS\Videos\DATASET\TRASH\audit_hasil_pemisahan\salah_kamar\FROM_POLICE_TO_AMBULANCE_police_0435_seg01.wav
1492,FROM_POLICE_TO_AMBULANCE_police_0436_seg01.wav,Salah Kamar (Tertukar),POLICE,AMBULANCE,C:\Users\ASUS\Videos\DATASET\TRASH\audit_hasil_pemisahan\salah_kamar\FROM_POLICE_TO_AMBULANCE_police_0436_seg01.wav
1493,FROM_POLICE_TO_AMBULANCE_police_0437_seg01.wav,Salah Kamar (Tertukar),POLICE,AMBULANCE,C:\Users\ASUS\Videos\DATASET\TRASH\audit_hasil_pemisahan\salah_kamar\FROM_POLICE_TO_AMBULANCE_police_0437_seg01.wav
1494,FROM_POLICE_TO_AMBULANCE_police_0438_seg01.wav,Salah Kamar (Tertukar),POLICE,AMBULANCE,C:\Users\ASUS\Videos\DATASET\TRASH\audit_hasil_pemisahan\salah_kamar\FROM_POLICE_TO_AMBULANCE_police_0438_seg01.wav
1495,FROM_POLICE_TO_AMBULANCE_police_0439_seg01.wav,Salah Kamar (Tertukar),POLICE,AMBULANCE,C:\Users\ASUS\Videos\DATASET\TRASH\audit_hasil_pemisahan\salah_kamar\FROM_POLICE_TO_AMBULANCE_police_0439_seg01.wav
1496,FROM_POLICE_TO_AMBULANCE_police_0440_seg01.wav,Salah Kamar (Tertukar),POLICE,AMBULANCE,C:\Users\ASUS\Videos\DATASET\TRASH\audit_hasil_pemisahan\salah_kamar\FROM_POLICE_TO_AMBULANCE_police_0440_seg01.wav
1497,FROM_POLICE_TO_AMBULANCE_police_0441_seg01.wav,Salah Kamar (Tertukar),POLICE,AMBULANCE,C:\Users\ASUS\Videos\DATASET\TRASH\audit_hasil_pemisahan\salah_kamar\FROM_POLICE_TO_AMBULANCE_police_0441_seg01.wav
1498,FROM_POLICE_TO_AMBULANCE_police_0442_seg01.wav,Salah Kamar (Tertukar),POLICE,AMBULANCE,C:\Users\ASUS\Videos\DATASET\TRASH\audit_hasil_pemisahan\salah_kamar\FROM_POLICE_TO_AMBULANCE_police_0442_seg01.wav
1499,FROM_POLICE_TO_AMBULANCE_police_0443_noise_light.wav,Salah Kamar (Tertukar),POLICE,AMBULANCE,C:\Users\ASUS\Videos\DATASET\TRASH\audit_hasil_pemisahan\salah_kamar\FROM_POLICE_TO_AMBULANCE_police_0443_noise_light.wav
1500,FROM_POLICE_TO_AMBULANCE_police_0443_seg01.wav,Salah Kamar (Tertukar),POLICE,AMBULANCE,C:\Users\ASUS\Videos\DATASET\TRASH\audit_hasil_pemisahan\salah_kamar\FROM_POLICE_TO_AMBULANCE_police_0443_seg01.wav
1501,FROM_POLICE_TO_AMBULANCE_police_0444_seg01.wav,Salah Kamar (Tertukar),POLICE,AMBULANCE,C:\Users\ASUS\Videos\DATASET\TRASH\audit_hasil_pemisahan\salah_kamar\FROM_POLICE_TO_AMBULANCE_police_0444_seg01.wav
1502,FROM_POLICE_TO_AMBULANCE_police_0445_seg01.wav,Salah Kamar (Tertukar),POLICE,AMBULANCE,C:\Users\ASUS\Videos\DATASET\TRASH\audit_hasil_pemisahan\salah_kamar\FROM_POLICE_TO_AMBULANCE_police_0445_seg01.wav
1503,FROM_POLICE_TO_AMBULANCE_police_0448_noise_light.wav,Salah Kamar (Tertukar),POLICE,AMBULANCE,C:\Users\ASUS\Videos\DATASET\TRASH\audit_hasil_pemisahan\salah_kamar\FROM_POLICE_TO_AMBULANCE_police_0448_noise_light.wav
1504,FROM_POLICE_TO_AMBULANCE_police_0454_seg01.wav,Salah Kamar (Tertukar),POLICE,AMBULANCE,C:\Users\ASUS\Videos\DATASET\TRASH\audit_hasil_pemisahan\salah_kamar\FROM_POLICE_TO_AMBULANCE_police_0454_seg01.wav
1505,FROM_POLICE_TO_AMBULANCE_police_0455_seg01.wav,Salah Kamar (Tertukar),POLICE,AMBULANCE,C:\Users\ASUS\Videos\DATASET\TRASH\audit_hasil_pemisahan\salah_kamar\FROM_POLICE_TO_AMBULANCE_police_0455_seg01.wav
1506,FROM_POLICE_TO_AMBULANCE_police_0456_seg01.wav,Salah Kamar (Tertukar),POLICE,AMBULANCE,C:\Users\ASUS\Videos\DATASET\TRASH\audit_hasil_pemisahan\salah_kamar\FROM_POLICE_TO_AMBULANCE_police_0456_seg01.wav
1507,FROM_POLICE_TO_AMBULANCE_police_0457_seg01.wav,Salah Kamar (Tertukar),POLICE,AMBULANCE,C:\Users\ASUS\Videos\DATASET\TRASH\audit_hasil_pemisahan\salah_kamar\FROM_POLICE_TO_AMBULANCE_police_0457_seg01.wav
1508,FROM_POLICE_TO_AMBULANCE_SYNTH_pol_0.wav,Salah Kamar (Tertukar),POLICE,AMBULANCE,C:\Users\ASUS\Videos\DATASET\TRASH\audit_hasil_pemisahan\salah_kamar\FROM_POLICE_TO_AMBULANCE_SYNTH_pol_0.wav
1509,FROM_POLICE_TO_AMBULANCE_SYNTH_pol_1.wav,Salah Kamar (Tertukar),POLICE,AMBULANCE,C:\Users\ASUS\Videos\DATASET\TRASH\audit_hasil_pemisahan\salah_kamar\FROM_POLICE_TO_AMBULANCE_SYNTH_pol_1.wav
1510,FROM_POLICE_TO_AMBULANCE_SYNTH_pol_10.wav,Salah Kamar (Tertukar),POLICE,AMBULANCE,C:\Users\ASUS\Videos\DATASET\TRASH\audit_hasil_pemisahan\salah_kamar\FROM_POLICE_TO_AMBULANCE_SYNTH_pol_10.wav
1511,FROM_POLICE_TO_AMBULANCE_SYNTH_pol_11.wav,Salah Kamar (Tertukar),POLICE,AMBULANCE,C:\Users\ASUS\Videos\DATASET\TRASH\audit_hasil_pemisahan\salah_kamar\FROM_POLICE_TO_AMBULANCE_SYNTH_pol_11.wav
1512,FROM_POLICE_TO_AMBULANCE_SYNTH_pol_12.wav,Salah Kamar (Tertukar),POLICE,AMBULANCE,C:\Users\ASUS\Videos\DATASET\TRASH\audit_hasil_pemisahan\salah_kamar\FROM_POLICE_TO_AMBULANCE_SYNTH_pol_12.wav
1513,FROM_POLICE_TO_AMBULANCE_SYNTH_pol_13.wav,Salah Kamar (Tertukar),POLICE,AMBULANCE,C:\Users\ASUS\Videos\DATASET\TRASH\audit_hasil_pemisahan\salah_kamar\FROM_POLICE_TO_AMBULANCE_SYNTH_pol_13.wav
1514,FROM_POLICE_TO_AMBULANCE_SYNTH_pol_14.wav,Salah Kamar (Tertukar),POLICE,AMBULANCE,C:\Users\ASUS\Videos\DATASET\TRASH\audit_hasil_pemisahan\salah_kamar\FROM_POLICE_TO_AMBULANCE_SYNTH_pol_14.wav
1515,FROM_POLICE_TO_AMBULANCE_SYNTH_pol_15.wav,Salah Kamar (Tertukar),POLICE,AMBULANCE,C:\Users\ASUS\Videos\DATASET\TRASH\audit_hasil_pemisahan\salah_kamar\FROM_POLICE_TO_AMBULANCE_SYNTH_pol_15.wav
1516,FROM_POLICE_TO_AMBULANCE_SYNTH_pol_16.wav,Salah Kamar (Tertukar),POLICE,AMBULANCE,C:\Users\ASUS\Videos\DATASET\TRASH\audit_hasil_pemisahan\salah_kamar\FROM_POLICE_TO_AMBULANCE_SYNTH_pol_16.wav
1517,FROM_POLICE_TO_AMBULANCE_SYNTH_pol_17.wav,Salah Kamar (Tertukar),POLICE,AMBULANCE,C:\Users\ASUS\Videos\DATASET\TRASH\audit_hasil_pemisahan\salah_kamar\FROM_POLICE_TO_AMBULANCE_SYNTH_pol_17.wav
1518,FROM_POLICE_TO_AMBULANCE_SYNTH_pol_18.wav,Salah Kamar (Tertukar),POLICE,AMBULANCE,C:\Users\ASUS\Videos\DATASET\TRASH\audit_hasil_pemisahan\salah_kamar\FROM_POLICE_TO_AMBULANCE_SYNTH_pol_18.wav
1519,FROM_POLICE_TO_AMBULANCE_SYNTH_pol_19.wav,Salah Kamar (Tertukar),POLICE,AMBULANCE,C:\Users\ASUS\Videos\DATASET\TRASH\audit_hasil_pemisahan\salah_kamar\FROM_POLICE_TO_AMBULANCE_SYNTH_pol_19.wav
1520,FROM_POLICE_TO_AMBULANCE_SYNTH_pol_2.wav,Salah Kamar (Tertukar),POLICE,AMBULANCE,C:\Users\ASUS\Videos\DATASET\TRASH\audit_hasil_pemisahan\salah_kamar\FROM_POLICE_TO_AMBULANCE_SYNTH_pol_2.wav
1521,FROM_POLICE_TO_AMBULANCE_SYNTH_pol_3.wav,Salah Kamar (Tertukar),POLICE,AMBULANCE,C:\Users\ASUS\Videos\DATASET\TRASH\audit_hasil_pemisahan\salah_kamar\FROM_POLICE_TO_AMBULANCE_SYNTH_pol_3.wav
1522,FROM_POLICE_TO_AMBULANCE_SYNTH_pol_4.wav,Salah Kamar (Tertukar),POLICE,AMBULANCE,C:\Users\ASUS\Videos\DATASET\TRASH\audit_hasil_pemisahan\salah_kamar\FROM_POLICE_TO_AMBULANCE_SYNTH_pol_4.wav
1523,FROM_POLICE_TO_AMBULANCE_SYNTH_pol_5.wav,Salah Kamar (Tertukar),POLICE,AMBULANCE,C:\Users\ASUS\Videos\DATASET\TRASH\audit_hasil_pemisahan\salah_kamar\FROM_POLICE_TO_AMBULANCE_SYNTH_pol_5.wav
1524,FROM_POLICE_TO_AMBULANCE_SYNTH_pol_6.wav,Salah Kamar (Tertukar),POLICE,AMBULANCE,C:\Users\ASUS\Videos\DATASET\TRASH\audit_hasil_pemisahan\salah_kamar\FROM_POLICE_TO_AMBULANCE_SYNTH_pol_6.wav
1525,FROM_POLICE_TO_AMBULANCE_SYNTH_pol_7.wav,Salah Kamar (Tertukar),POLICE,AMBULANCE,C:\Users\ASUS\Videos\DATASET\TRASH\audit_hasil_pemisahan\salah_kamar\FROM_POLICE_TO_AMBULANCE_SYNTH_pol_7.wav
1526,FROM_POLICE_TO_AMBULANCE_SYNTH_pol_8.wav,Salah Kamar (Tertukar),POLICE,AMBULANCE,C:\Users\ASUS\Videos\DATASET\TRASH\audit_hasil_pemisahan\salah_kamar\FROM_POLICE_TO_AMBULANCE_SYNTH_pol_8.wav
1527,FROM_POLICE_TO_AMBULANCE_SYNTH_pol_9.wav,Salah Kamar (Tertukar),POLICE,AMBULANCE,C:\Users\ASUS\Videos\DATASET\TRASH\audit_hasil_pemisahan\salah_kamar\FROM_POLICE_TO_AMBULANCE_SYNTH_pol_9.wav
1528,FROM_POLICE_TO_FIRETRUCK_aug_noise_1348_police_0106_seg01.wav,Salah Kamar (Tertukar),POLICE,FIRETRUCK,C:\Users\ASUS\Videos\DATASET\TRASH\audit_hasil_pemisahan\salah_kamar\FROM_POLICE_TO_FIRETRUCK_aug_noise_1348_police_0106_seg01.wav
1529,FROM_POLICE_TO_FIRETRUCK_aug_noise_2652_police_0082_seg01.wav,Salah Kamar (Tertukar),POLICE,FIRETRUCK,C:\Users\ASUS\Videos\DATASET\TRASH\audit_hasil_pemisahan\salah_kamar\FROM_POLICE_TO_FIRETRUCK_aug_noise_2652_police_0082_seg01.wav
1530,FROM_POLICE_TO_FIRETRUCK_aug_noise_4554_police_0110_seg01.wav,Salah Kamar (Tertukar),POLICE,FIRETRUCK,C:\Users\ASUS\Videos\DATASET\TRASH\audit_hasil_pemisahan\salah_kamar\FROM_POLICE_TO_FIRETRUCK_aug_noise_4554_police_0110_seg01.wav
1531,FROM_POLICE_TO_FIRETRUCK_aug_pitch_5662_police_0453_seg01.wav,Salah Kamar (Tertukar),POLICE,FIRETRUCK,C:\Users\ASUS\Videos\DATASET\TRASH\audit_hasil_pemisahan\salah_kamar\FROM_POLICE_TO_FIRETRUCK_aug_pitch_5662_police_0453_seg01.wav
1532,FROM_POLICE_TO_FIRETRUCK_aug_pitch_7625_police_0078_shift.wav,Salah Kamar (Tertukar),POLICE,FIRETRUCK,C:\Users\ASUS\Videos\DATASET\TRASH\audit_hasil_pemisahan\salah_kamar\FROM_POLICE_TO_FIRETRUCK_aug_pitch_7625_police_0078_shift.wav
1533,FROM_POLICE_TO_FIRETRUCK_dl_v3_pol_new_02_part0004.wav,Salah Kamar (Tertukar),POLICE,FIRETRUCK,C:\Users\ASUS\Videos\DATASET\TRASH\audit_hasil_pemisahan\salah_kamar\FROM_POLICE_TO_FIRETRUCK_dl_v3_pol_new_02_part0004.wav
1534,FROM_POLICE_TO_FIRETRUCK_police_0082_seg01.wav,Salah Kamar (Tertukar),POLICE,FIRETRUCK,C:\Users\ASUS\Videos\DATASET\TRASH\audit_hasil_pemisahan\salah_kamar\FROM_POLICE_TO_FIRETRUCK_police_0082_seg01.wav
1535,FROM_POLICE_TO_FIRETRUCK_police_0088_seg01.wav,Salah Kamar (Tertukar),POLICE,FIRETRUCK,C:\Users\ASUS\Videos\DATASET\TRASH\audit_hasil_pemisahan\salah_kamar\FROM_POLICE_TO_FIRETRUCK_police_0088_seg01.wav
1536,FROM_POLICE_TO_FIRETRUCK_police_0092_seg01.wav,Salah Kamar (Tertukar),POLICE,FIRETRUCK,C:\Users\ASUS\Videos\DATASET\TRASH\audit_hasil_pemisahan\salah_kamar\FROM_POLICE_TO_FIRETRUCK_police_0092_seg01.wav
1537,FROM_POLICE_TO_FIRETRUCK_police_0105_seg01.wav,Salah Kamar (Tertukar),POLICE,FIRETRUCK,C:\Users\ASUS\Videos\DATASET\TRASH\audit_hasil_pemisahan\salah_kamar\FROM_POLICE_TO_FIRETRUCK_police_0105_seg01.wav
1538,FROM_POLICE_TO_FIRETRUCK_police_0106_seg01.wav,Salah Kamar (Tertukar),POLICE,FIRETRUCK,C:\Users\ASUS\Videos\DATASET\TRASH\audit_hasil_pemisahan\salah_kamar\FROM_POLICE_TO_FIRETRUCK_police_0106_seg01.wav
1539,FROM_POLICE_TO_FIRETRUCK_police_0107_seg01.wav,Salah Kamar (Tertukar),POLICE,FIRETRUCK,C:\Users\ASUS\Videos\DATASET\TRASH\audit_hasil_pemisahan\salah_kamar\FROM_POLICE_TO_FIRETRUCK_police_0107_seg01.wav
1540,FROM_POLICE_TO_FIRETRUCK_police_0108_seg01.wav,Salah Kamar (Tertukar),POLICE,FIRETRUCK,C:\Users\ASUS\Videos\DATASET\TRASH\audit_hasil_pemisahan\salah_kamar\FROM_POLICE_TO_FIRETRUCK_police_0108_seg01.wav
1541,FROM_POLICE_TO_FIRETRUCK_police_0109_seg01.wav,Salah Kamar (Tertukar),POLICE,FIRETRUCK,C:\Users\ASUS\Videos\DATASET\TRASH\audit_hasil_pemisahan\salah_kamar\FROM_POLICE_TO_FIRETRUCK_police_0109_seg01.wav
1542,FROM_POLICE_TO_FIRETRUCK_police_0110_seg01.wav,Salah Kamar (Tertukar),POLICE,FIRETRUCK,C:\Users\ASUS\Videos\DATASET\TRASH\audit_hasil_pemisahan\salah_kamar\FROM_POLICE_TO_FIRETRUCK_police_0110_seg01.wav
1543,FROM_POLICE_TO_FIRETRUCK_police_0111_seg01.wav,Salah Kamar (Tertukar),POLICE,FIRETRUCK,C:\Users\ASUS\Videos\DATASET\TRASH\audit_hasil_pemisahan\salah_kamar\FROM_POLICE_TO_FIRETRUCK_police_0111_seg01.wav
1544,FROM_POLICE_TO_FIRETRUCK_police_0208_seg01.wav,Salah Kamar (Tertukar),POLICE,FIRETRUCK,C:\Users\ASUS\Videos\DATASET\TRASH\audit_hasil_pemisahan\salah_kamar\FROM_POLICE_TO_FIRETRUCK_police_0208_seg01.wav
1545,ambulance_0001_seg01.wav,Hening / Corrupt,UNKNOWN,NONE,C:\Users\ASUS\Videos\DATASET\TRASH\audit_hasil_pemisahan\hening_rusak\ambulance_0001_seg01.wav
1546,ambulance_0002_seg01.wav,Hening / Corrupt,UNKNOWN,NONE,C:\Users\ASUS\Videos\DATASET\TRASH\audit_hasil_pemisahan\hening_rusak\ambulance_0002_seg01.wav
1547,ambulance_0008_seg01.wav,Hening / Corrupt,UNKNOWN,NONE,C:\Users\ASUS\Videos\DATASET\TRASH\audit_hasil_pemisahan\hening_rusak\ambulance_0008_seg01.wav
1548,ambulance_0008_seg06.wav,Hening / Corrupt,UNKNOWN,NONE,C:\Users\ASUS\Videos\DATASET\TRASH\audit_hasil_pemisahan\hening_rusak\ambulance_0008_seg06.wav
