/*
 * Siren Classifier - Model Byte Array Header
 * Generated automatically by export_model.py
 * Original Model: siren_classifier_model.h5
 * Model Format: TensorFlow Lite (Dynamic Range Quantized)
 * Size: 19264 bytes
 */

#ifndef SIREN_MODEL_DATA_H
#define SIREN_MODEL_DATA_H

// Align the array for TensorFlow Lite Micro memory alignment requirements
#ifdef __has_attribute
#define MODEL_ALIGN __attribute__((aligned(4)))
#else
#define MODEL_ALIGN
#endif

const unsigned int g_siren_model_data_len = 19264;

const unsigned char g_siren_model_data[] MODEL_ALIGN = {
    0x20, 0x00, 0x00, 0x00, 0x54, 0x46, 0x4c, 0x33, 0x00, 0x00, 0x00, 0x00, 
    0x14, 0x00, 0x20, 0x00, 0x1c, 0x00, 0x18, 0x00, 0x14, 0x00, 0x10, 0x00, 
    0x0c, 0x00, 0x00, 0x00, 0x08, 0x00, 0x04, 0x00, 0x14, 0x00, 0x00, 0x00, 
    0x1c, 0x00, 0x00, 0x00, 0x94, 0x00, 0x00, 0x00, 0xec, 0x00, 0x00, 0x00, 
    0xbc, 0x30, 0x00, 0x00, 0xcc, 0x30, 0x00, 0x00, 0x68, 0x4a, 0x00, 0x00, 
    0x03, 0x00, 0x00, 0x00, 0x01, 0x00, 0x00, 0x00, 0x10, 0x00, 0x00, 0x00, 
    0x00, 0x00, 0x0a, 0x00, 0x10, 0x00, 0x0c, 0x00, 0x08, 0x00, 0x04, 0x00, 
    0x0a, 0x00, 0x00, 0x00, 0x0c, 0x00, 0x00, 0x00, 0x1c, 0x00, 0x00, 0x00, 
    0x3c, 0x00, 0x00, 0x00, 0x0f, 0x00, 0x00, 0x00, 0x73, 0x65, 0x72, 0x76, 
    0x69, 0x6e, 0x67, 0x5f, 0x64, 0x65, 0x66, 0x61, 0x75, 0x6c, 0x74, 0x00, 
    0x01, 0x00, 0x00, 0x00, 0x04, 0x00, 0x00, 0x00, 0x94, 0xff, 0xff, 0xff, 
    0x26, 0x00, 0x00, 0x00, 0x04, 0x00, 0x00, 0x00, 0x08, 0x00, 0x00, 0x00, 
    0x6f, 0x75, 0x74, 0x70, 0x75, 0x74, 0x5f, 0x30, 0x00, 0x00, 0x00, 0x00, 
    0x01, 0x00, 0x00, 0x00, 0x04, 0x00, 0x00, 0x00, 0x06, 0xcf, 0xff, 0xff, 
    0x04, 0x00, 0x00, 0x00, 0x0b, 0x00, 0x00, 0x00, 0x69, 0x6e, 0x70, 0x75, 
    0x74, 0x5f, 0x6c, 0x61, 0x79, 0x65, 0x72, 0x00, 0x02, 0x00, 0x00, 0x00, 
    0x34, 0x00, 0x00, 0x00, 0x04, 0x00, 0x00, 0x00, 0xdc, 0xff, 0xff, 0xff, 
    0x29, 0x00, 0x00, 0x00, 0x04, 0x00, 0x00, 0x00, 0x13, 0x00, 0x00, 0x00, 
    0x43, 0x4f, 0x4e, 0x56, 0x45, 0x52, 0x53, 0x49, 0x4f, 0x4e, 0x5f, 0x4d, 
    0x45, 0x54, 0x41, 0x44, 0x41, 0x54, 0x41, 0x00, 0x08, 0x00, 0x0c, 0x00, 
    0x08, 0x00, 0x04, 0x00, 0x08, 0x00, 0x00, 0x00, 0x28, 0x00, 0x00, 0x00, 
    0x04, 0x00, 0x00, 0x00, 0x13, 0x00, 0x00, 0x00, 0x6d, 0x69, 0x6e, 0x5f, 
    0x72, 0x75, 0x6e, 0x74, 0x69, 0x6d, 0x65, 0x5f, 0x76, 0x65, 0x72, 0x73, 
    0x69, 0x6f, 0x6e, 0x00, 0x2a, 0x00, 0x00, 0x00, 0xcc, 0x2f, 0x00, 0x00, 
    0xc4, 0x2f, 0x00, 0x00, 0x74, 0x2f, 0x00, 0x00, 0x24, 0x2d, 0x00, 0x00, 
    0xd4, 0x2c, 0x00, 0x00, 0x04, 0x2c, 0x00, 0x00, 0x34, 0x2b, 0x00, 0x00, 
    0xe4, 0x2a, 0x00, 0x00, 0x94, 0x2a, 0x00, 0x00, 0x04, 0x2a, 0x00, 0x00, 
    0x74, 0x29, 0x00, 0x00, 0x5c, 0x29, 0x00, 0x00, 0x4c, 0x25, 0x00, 0x00, 
    0xfc, 0x22, 0x00, 0x00, 0x6c, 0x22, 0x00, 0x00, 0x5c, 0x1a, 0x00, 0x00, 
    0xcc, 0x15, 0x00, 0x00, 0xbc, 0x14, 0x00, 0x00, 0xec, 0x13, 0x00, 0x00, 
    0x5c, 0x13, 0x00, 0x00, 0x3c, 0x13, 0x00, 0x00, 0x2c, 0x0d, 0x00, 0x00, 
    0x1c, 0x01, 0x00, 0x00, 0x14, 0x01, 0x00, 0x00, 0x0c, 0x01, 0x00, 0x00, 
    0x04, 0x01, 0x00, 0x00, 0xfc, 0x00, 0x00, 0x00, 0xf4, 0x00, 0x00, 0x00, 
    0xec, 0x00, 0x00, 0x00, 0xe4, 0x00, 0x00, 0x00, 0xdc, 0x00, 0x00, 0x00, 
    0xd4, 0x00, 0x00, 0x00, 0xcc, 0x00, 0x00, 0x00, 0xc4, 0x00, 0x00, 0x00, 
    0xbc, 0x00, 0x00, 0x00, 0xb4, 0x00, 0x00, 0x00, 0xac, 0x00, 0x00, 0x00, 
    0xa4, 0x00, 0x00, 0x00, 0x9c, 0x00, 0x00, 0x00, 0x94, 0x00, 0x00, 0x00, 
    0x74, 0x00, 0x00, 0x00, 0x04, 0x00, 0x00, 0x00, 0x26, 0xd0, 0xff, 0xff, 
    0x04, 0x00, 0x00, 0x00, 0x60, 0x00, 0x00, 0x00, 0x0c, 0x00, 0x00, 0x00, 
    0x08, 0x00, 0x0e, 0x00, 0x08, 0x00, 0x04, 0x00, 0x08, 0x00, 0x00, 0x00, 
    0x10, 0x00, 0x00, 0x00, 0x28, 0x00, 0x00, 0x00, 0x00, 0x00, 0x06, 0x00, 
    0x08, 0x00, 0x04, 0x00, 0x06, 0x00, 0x00, 0x00, 0x04, 0x00, 0x00, 0x00, 
    0x01, 0x00, 0x00, 0x00, 0xea, 0x03, 0x00, 0x00, 0x0c, 0x00, 0x18, 0x00, 
    0x14, 0x00, 0x10, 0x00, 0x0c, 0x00, 0x04, 0x00, 0x0c, 0x00, 0x00, 0x00, 
    0xfd, 0xc4, 0x7d, 0x1a, 0x9d, 0x29, 0xe0, 0x0a, 0x02, 0x00, 0x00, 0x00, 
    0x02, 0x00, 0x00, 0x00, 0x04, 0x00, 0x00, 0x00, 0x06, 0x00, 0x00, 0x00, 
    0x32, 0x2e, 0x32, 0x30, 0x2e, 0x30, 0x00, 0x00, 0x92, 0xd0, 0xff, 0xff, 
    0x04, 0x00, 0x00, 0x00, 0x10, 0x00, 0x00, 0x00, 0x32, 0x2e, 0x31, 0x37, 
    0x2e, 0x30, 0x00, 0x00, 0x00, 0x00, 0x00, 0x00, 0x00, 0x00, 0x00, 0x00, 
    0x48, 0xb7, 0xff, 0xff, 0x4c, 0xb7, 0xff, 0xff, 0x50, 0xb7, 0xff, 0xff, 
    0x54, 0xb7, 0xff, 0xff, 0x58, 0xb7, 0xff, 0xff, 0x5c, 0xb7, 0xff, 0xff, 
    0x60, 0xb7, 0xff, 0xff, 0x64, 0xb7, 0xff, 0xff, 0x68, 0xb7, 0xff, 0xff, 
    0x6c, 0xb7, 0xff, 0xff, 0x70, 0xb7, 0xff, 0xff, 0x74, 0xb7, 0xff, 0xff, 
    0x78, 0xb7, 0xff, 0xff, 0x7c, 0xb7, 0xff, 0xff, 0x80, 0xb7, 0xff, 0xff, 
    0x84, 0xb7, 0xff, 0xff, 0x88, 0xb7, 0xff, 0xff, 0xf2, 0xd0, 0xff, 0xff, 
    0x04, 0x00, 0x00, 0x00, 0x00, 0x0c, 0x00, 0x00, 0xf3, 0x14, 0xcf, 0xe0, 
    0xdf, 0xe5, 0x28, 0x28, 0x2e, 0x04, 0xf4, 0xd8, 0xda, 0x81, 0xf5, 0xb7, 
    0x0d, 0xce, 0xc8, 0xf9, 0xd9, 0xd9, 0xa9, 0x08, 0xd8, 0xd0, 0x0c, 0xb8, 
    0xf5, 0x44, 0x3c, 0x45, 0xc9, 0xed, 0xb4, 0xec, 0xd0, 0xdf, 0x14, 0xc6, 
    0x57, 0xde, 0x27, 0x17, 0x96, 0xc6, 0xcb, 0xd2, 0x3c, 0xfa, 0xe8, 0x06, 
    0x03, 0x19, 0xca, 0xe1, 0x22, 0x25, 0x32, 0xe0, 0xc2, 0x9d, 0x32, 0x0a, 
    0xde, 0xa8, 0xea, 0x08, 0xa1, 0xc4, 0x99, 0x00, 0xfd, 0xe8, 0x12, 0x0a, 
    0xdb, 0x58, 0x42, 0x1e, 0xa2, 0xe4, 0x82, 0x41, 0xc4, 0xd0, 0xa3, 0xde, 
    0x3f, 0x9b, 0xfa, 0x29, 0x81, 0xbd, 0x41, 0xe7, 0x06, 0xd6, 0x54, 0x66, 
    0xdd, 0x5b, 0xcd, 0xbf, 0x43, 0x20, 0x4b, 0x47, 0xe6, 0x34, 0x7f, 0x73, 
    0x31, 0xb4, 0x56, 0xfa, 0xdd, 0x0d, 0x16, 0xcc, 0xf0, 0x2f, 0x09, 0x38, 
    0xf5, 0x31, 0xdf, 0xe6, 0xd8, 0xe0, 0x05, 0x47, 0x1d, 0x47, 0x08, 0xf6, 
    0xd3, 0xca, 0x37, 0x15, 0x3c, 0x17, 0x64, 0x2d, 0xf4, 0x0a, 0x60, 0x25, 
    0x02, 0x5c, 0x0d, 0x10, 0x57, 0xd0, 0x1b, 0x07, 0x17, 0xf2, 0xf0, 0x1e, 
    0xf4, 0xe5, 0x03, 0x36, 0xcf, 0x5f, 0x06, 0xc7, 0xac, 0xb2, 0xa7, 0x34, 
    0xd2, 0x14, 0x2d, 0xf4, 0xd6, 0x24, 0x54, 0xcb, 0x20, 0x6e, 0x7f, 0x51, 
    0xef, 0x3f, 0x0e, 0xb2, 0x69, 0xb9, 0xed, 0xef, 0xc9, 0x25, 0x30, 0x22, 
    0xcf, 0x25, 0x29, 0xf3, 0x48, 0xd7, 0x3b, 0xdf, 0x17, 0xf2, 0x0d, 0x1e, 
    0xbf, 0xc9, 0x17, 0x13, 0xf7, 0x42, 0x1a, 0xc6, 0xd0, 0xbc, 0x07, 0xf2, 
    0x04, 0x19, 0x12, 0xdd, 0xe1, 0x1b, 0x38, 0xdb, 0x1a, 0x46, 0x7f, 0x56, 
    0x2b, 0x20, 0x3b, 0xed, 0x5b, 0xf7, 0xf8, 0xc5, 0x15, 0xea, 0x55, 0x56, 
    0xf9, 0x4f, 0xbe, 0xa8, 0x2a, 0x47, 0x1c, 0x34, 0xdd, 0x2d, 0x4d, 0x7f, 
    0x0c, 0xad, 0x43, 0xf8, 0x08, 0xf8, 0x0d, 0xd0, 0x12, 0x40, 0x12, 0x1b, 
    0x0b, 0x33, 0xd2, 0xf6, 0xd3, 0xf6, 0xf5, 0x4c, 0x26, 0x1b, 0xe8, 0xc9, 
    0xe8, 0xc0, 0x3b, 0x1f, 0x34, 0x18, 0x48, 0x25, 0x0d, 0x2a, 0xaf, 0xc9, 
    0x15, 0xd4, 0x21, 0x18, 0x35, 0xf6, 0x0f, 0xd4, 0xb5, 0x81, 0xee, 0x89, 
    0xcf, 0xd0, 0xc9, 0xfd, 0xd2, 0xc4, 0xb2, 0x24, 0x15, 0xb4, 0xdf, 0x9c, 
    0xd7, 0x4a, 0x2c, 0x74, 0xd2, 0xe8, 0xac, 0xef, 0xbd, 0xbe, 0xce, 0xb1, 
    0x5c, 0xbe, 0x3b, 0x27, 0x93, 0xbd, 0xc0, 0xe5, 0xe4, 0x01, 0x0d, 0xe7, 
    0xb7, 0x34, 0x46, 0x55, 0x11, 0x12, 0x07, 0xfa, 0x10, 0x2f, 0xe3, 0x1d, 
    0xc8, 0x49, 0x11, 0xe2, 0x22, 0x7f, 0x27, 0x16, 0x19, 0x04, 0xd5, 0xca, 
    0x2c, 0x9f, 0xc2, 0xea, 0x3d, 0xfd, 0x5f, 0x17, 0x69, 0x19, 0x62, 0x42, 
    0xd2, 0xe5, 0x00, 0xbf, 0x50, 0x41, 0xd4, 0xc9, 0xe1, 0x9e, 0xe3, 0xe3, 
    0x0a, 0xab, 0x3f, 0x25, 0x02, 0x1b, 0xd7, 0x1f, 0x2c, 0x24, 0xb8, 0xe8, 
    0xf0, 0x7f, 0x05, 0x00, 0x2d, 0x4a, 0x37, 0x1e, 0x40, 0x07, 0xce, 0xe5, 
    0x19, 0xd9, 0xda, 0xea, 0x64, 0x18, 0x39, 0x12, 0x63, 0xfb, 0x27, 0x45, 
    0xe1, 0x36, 0xfe, 0xc4, 0x1e, 0x51, 0xec, 0xe9, 0xdc, 0x2b, 0x1c, 0x07, 
    0xf3, 0xed, 0x25, 0xe9, 0x7f, 0x16, 0x30, 0xbb, 0x25, 0xfd, 0xf6, 0x1e, 
    0xcf, 0xff, 0x0c, 0x40, 0xea, 0x0e, 0x2a, 0xec, 0xe5, 0xc4, 0x00, 0xee, 
    0x03, 0x19, 0x69, 0x32, 0xcb, 0x32, 0x18, 0xef, 0x32, 0x28, 0x2a, 0x31, 
    0x39, 0x11, 0x28, 0xf4, 0x18, 0x0d, 0x1d, 0xe3, 0xec, 0xb4, 0xbe, 0xb1, 
    0x33, 0xb3, 0x19, 0x3e, 0xd2, 0xe5, 0xcf, 0xd7, 0xd4, 0xdd, 0xc4, 0x81, 
    0x05, 0x4a, 0xa1, 0x01, 0x27, 0xf2, 0xd6, 0x4f, 0x2e, 0xf3, 0x11, 0xb9, 
    0xd6, 0xe4, 0x17, 0x3e, 0x27, 0x16, 0xf2, 0xcd, 0xcb, 0xbd, 0xd6, 0xd3, 
    0x19, 0x22, 0xe5, 0x02, 0xbd, 0xeb, 0xad, 0xcd, 0xf8, 0xd4, 0x14, 0x3f, 
    0x17, 0x00, 0xab, 0xbf, 0xc4, 0x48, 0xd5, 0x2c, 0x1f, 0x4a, 0x46, 0x4f, 
    0x4f, 0x10, 0x2c, 0x14, 0xec, 0x01, 0x50, 0xe0, 0x1b, 0x7f, 0x18, 0x4e, 
    0x51, 0xf9, 0x86, 0xa5, 0x1d, 0x05, 0x1d, 0x3e, 0x0a, 0xd0, 0xb8, 0xdc, 
    0xbb, 0x31, 0xb3, 0x12, 0x2c, 0x57, 0x6d, 0x52, 0x2e, 0xac, 0xa7, 0xa9, 
    0x19, 0xd3, 0x13, 0x3b, 0xc7, 0x06, 0xb9, 0xf1, 0xef, 0xec, 0xbe, 0x81, 
    0x21, 0x4d, 0xbf, 0xe2, 0x1d, 0xf4, 0xf0, 0x50, 0x31, 0x0f, 0x2c, 0xaf, 
    0x08, 0xd1, 0x16, 0x47, 0x1e, 0x06, 0x13, 0xef, 0xe5, 0xaf, 0xd1, 0xf7, 
    0x11, 0x2b, 0xbc, 0xfc, 0xcb, 0x14, 0xfa, 0xf1, 0xef, 0xfb, 0x22, 0x58, 
    0x0f, 0x54, 0xc7, 0xc5, 0x03, 0x26, 0x41, 0x48, 0xef, 0x01, 0x7f, 0x66, 
    0x23, 0xc6, 0x61, 0xdb, 0xe6, 0xd4, 0x05, 0xc2, 0xf6, 0x23, 0x1f, 0x16, 
    0x15, 0x37, 0xf2, 0xcf, 0xc0, 0xcd, 0xd4, 0x4f, 0x2e, 0x08, 0xbb, 0xd9, 
    0xe8, 0xc3, 0x25, 0x13, 0x0c, 0x13, 0x5e, 0xeb, 0x00, 0x13, 0x60, 0x4e, 
    0x03, 0x7f, 0xfc, 0x16, 0x3e, 0xea, 0x31, 0x5c, 0x12, 0x0f, 0x03, 0x20, 
    0xf3, 0xc3, 0xea, 0x2a, 0xf8, 0x53, 0x09, 0xd7, 0xe4, 0xd0, 0xc5, 0x57, 
    0x2a, 0x03, 0xce, 0xdd, 0xe6, 0x13, 0x10, 0xfb, 0x2b, 0x6c, 0x2d, 0x71, 
    0xf4, 0x11, 0x42, 0xd4, 0x50, 0xe2, 0x18, 0xf1, 0xb8, 0x4e, 0x50, 0x05, 
    0x05, 0x3a, 0x2b, 0x07, 0x24, 0xe9, 0x38, 0x0c, 0xd5, 0xf0, 0xf5, 0x2c, 
    0x01, 0xe7, 0xf7, 0x2b, 0xec, 0x32, 0x22, 0xae, 0xd1, 0xa8, 0xc0, 0x22, 
    0xf5, 0xfe, 0x26, 0xf3, 0xe7, 0x02, 0x5a, 0xb9, 0xfa, 0x52, 0x7f, 0x0a, 
    0x0d, 0x07, 0x0d, 0xd5, 0x31, 0xe1, 0xfe, 0x0a, 0xd6, 0xa2, 0xb3, 0xe1, 
    0x25, 0xd2, 0xd9, 0x0d, 0x9a, 0xeb, 0xb2, 0x11, 0x0d, 0x49, 0xc6, 0xe5, 
    0x45, 0x62, 0x08, 0x1d, 0x0a, 0x37, 0x7f, 0x39, 0x44, 0x4a, 0x01, 0xce, 
    0x1a, 0xac, 0xb3, 0xc9, 0x54, 0xfe, 0x63, 0xf2, 0x0f, 0xcf, 0x0a, 0x00, 
    0xd1, 0x45, 0x8c, 0xfe, 0x3d, 0x64, 0xf3, 0x08, 0x3a, 0x44, 0x7f, 0x42, 
    0xfe, 0x33, 0x0c, 0xdd, 0x7d, 0x13, 0x32, 0xab, 0x1f, 0xf7, 0xef, 0xf7, 
    0x09, 0xd2, 0xd6, 0x3e, 0xb2, 0xaf, 0xf9, 0xf1, 0xea, 0x9d, 0xde, 0x1b, 
    0x08, 0xff, 0x7b, 0x05, 0xdc, 0x0b, 0xf1, 0xdc, 0x00, 0x4c, 0x49, 0x00, 
    0x31, 0xfb, 0x4b, 0x07, 0x1c, 0xa5, 0x34, 0xb0, 0x14, 0xed, 0xbf, 0xe5, 
    0xc5, 0xd3, 0x1b, 0x4a, 0xfd, 0xf1, 0x04, 0xb0, 0xbc, 0x8e, 0x0a, 0x9f, 
    0xfa, 0xb2, 0xcb, 0xf2, 0xe6, 0xdf, 0x81, 0x0e, 0xf7, 0xd1, 0x29, 0xaa, 
    0xda, 0x78, 0x3b, 0x58, 0xcd, 0xe7, 0xa9, 0x07, 0xae, 0xa0, 0xcf, 0xea, 
    0x71, 0xde, 0x09, 0x23, 0x9c, 0xc6, 0xd0, 0xbf, 0xe1, 0x38, 0xde, 0xca, 
    0xe9, 0xf9, 0x1b, 0x2e, 0x27, 0xce, 0xfb, 0xe9, 0x9a, 0x82, 0x04, 0xb0, 
    0x02, 0xaa, 0xb1, 0xee, 0xc4, 0x08, 0xb5, 0xc0, 0xd1, 0x92, 0xe7, 0xd7, 
    0xa3, 0x36, 0x4a, 0x22, 0xb8, 0xfc, 0x01, 0xa0, 0xa8, 0x49, 0x66, 0x81, 
    0x39, 0xae, 0x08, 0x01, 0x04, 0xaf, 0x94, 0xb7, 0x05, 0x1c, 0xf4, 0xfc, 
    0xeb, 0x22, 0x2a, 0x44, 0xa3, 0xa0, 0xd7, 0xe4, 0x42, 0x32, 0xa9, 0xe9, 
    0xe0, 0x55, 0xdb, 0xf7, 0x0d, 0x74, 0x0a, 0x07, 0x58, 0xf1, 0x34, 0xd2, 
    0xb2, 0xa6, 0x40, 0x2e, 0x7b, 0x1c, 0x45, 0xd4, 0xf0, 0x32, 0x60, 0xd2, 
    0xca, 0x30, 0xd9, 0xe9, 0x3d, 0x15, 0x81, 0x28, 0x13, 0xe7, 0x2b, 0x59, 
    0x1a, 0x35, 0xb1, 0xcb, 0x1d, 0x0f, 0x30, 0x07, 0x0a, 0xd6, 0x7f, 0x2b, 
    0x05, 0x85, 0x5d, 0xe7, 0xd4, 0xaf, 0xde, 0xb1, 0xf4, 0x40, 0x08, 0x25, 
    0x25, 0x45, 0x09, 0x0b, 0x82, 0xa0, 0xb5, 0x79, 0xf5, 0xde, 0x93, 0xc3, 
    0xcf, 0xa0, 0xfd, 0x25, 0xf7, 0x07, 0x76, 0xd2, 0xdc, 0x37, 0xff, 0x01, 
    0xec, 0x0a, 0x1c, 0x33, 0x29, 0xbe, 0x00, 0xea, 0x0c, 0xe8, 0xf7, 0x03, 
    0xfd, 0xf3, 0xe1, 0xd3, 0xef, 0x4f, 0xeb, 0xe2, 0x0d, 0xc8, 0xf4, 0xe6, 
    0x8d, 0x29, 0x22, 0x17, 0xe8, 0x0d, 0x3a, 0xdf, 0xa1, 0x58, 0x62, 0xa6, 
    0x0d, 0xd0, 0x03, 0xfe, 0x39, 0xf9, 0x81, 0xd9, 0x06, 0xdb, 0xed, 0xf1, 
    0xed, 0xe3, 0x04, 0x0a, 0xc0, 0xc9, 0xaa, 0x17, 0x58, 0x30, 0xd4, 0x09, 
    0x0f, 0x39, 0xd6, 0x3f, 0xef, 0x0d, 0x38, 0xf3, 0x11, 0x4d, 0x24, 0x1d, 
    0x01, 0xd0, 0xc8, 0xc9, 0x7f, 0xf1, 0x3e, 0xdc, 0xca, 0x22, 0x05, 0x02, 
    0xb2, 0x28, 0xb9, 0x19, 0x1d, 0x24, 0x06, 0x4c, 0xeb, 0x87, 0xc7, 0xd7, 
    0x03, 0xd0, 0xb9, 0x38, 0xa8, 0xfb, 0xc8, 0x42, 0x4b, 0x60, 0xe9, 0xdc, 
    0x25, 0x7e, 0xe3, 0xfa, 0x26, 0x21, 0x7f, 0xf6, 0x16, 0x5a, 0xe3, 0xbb, 
    0x31, 0xc6, 0xeb, 0xd4, 0x6d, 0x00, 0x47, 0x25, 0x15, 0xee, 0xe5, 0x0a, 
    0xc4, 0x4a, 0x91, 0xe2, 0xee, 0x7e, 0xe0, 0x07, 0xd1, 0x28, 0x67, 0x1c, 
    0xdf, 0x61, 0x30, 0xfa, 0x39, 0xdb, 0x1d, 0xf2, 0xef, 0x0a, 0xfa, 0x20, 
    0xed, 0xba, 0xfb, 0x13, 0xb7, 0x27, 0x06, 0xab, 0xcd, 0xa9, 0xbe, 0x30, 
    0xd0, 0x17, 0x3a, 0x06, 0xc4, 0x2e, 0x40, 0xb0, 0xfc, 0x7f, 0x4f, 0x35, 
    0x00, 0x03, 0x22, 0xe5, 0x66, 0xed, 0x0c, 0xd8, 0xf3, 0x19, 0xb7, 0xc5, 
    0x17, 0xc9, 0x36, 0x37, 0x1a, 0xb9, 0xe1, 0xb3, 0xd6, 0xa8, 0xbf, 0x81, 
    0xe3, 0x0e, 0xaf, 0xe2, 0xdd, 0xe0, 0xcf, 0x1d, 0xf3, 0xc8, 0xfc, 0x91, 
    0xaa, 0x22, 0x5c, 0x67, 0x1c, 0xf9, 0xd5, 0xd0, 0xbe, 0xe6, 0x13, 0xc4, 
    0x63, 0xde, 0x0e, 0x0a, 0xa9, 0xc3, 0x84, 0xaa, 0xec, 0xdb, 0x24, 0x7f, 
    0x12, 0x2b, 0xa0, 0xac, 0x05, 0x45, 0x34, 0x70, 0x08, 0xfd, 0x7e, 0x7c, 
    0x1d, 0x99, 0x74, 0xe3, 0xc3, 0xc7, 0x2e, 0xc5, 0xe1, 0x55, 0x23, 0x15, 
    0x1b, 0x4b, 0xeb, 0xc8, 0xa0, 0xc8, 0xdb, 0x6a, 0x1f, 0xf8, 0xb8, 0xe1, 
    0xc0, 0xc6, 0xf6, 0x1d, 0x23, 0x2d, 0x58, 0xfc, 0x3e, 0x18, 0xf9, 0x31, 
    0xdf, 0xd8, 0xea, 0xe4, 0x20, 0xf3, 0x1c, 0x19, 0xca, 0xbd, 0x47, 0xd9, 
    0xde, 0xa0, 0x0b, 0xea, 0xd8, 0xbb, 0xb4, 0xab, 0xe6, 0x22, 0x09, 0x0c, 
    0xf6, 0x47, 0x0a, 0x10, 0xc2, 0xb0, 0x81, 0x32, 0xc6, 0xb8, 0xbf, 0xb3, 
    0x0a, 0xa0, 0x19, 0x2f, 0xd6, 0xd4, 0x47, 0xf7, 0x1c, 0xae, 0xd9, 0x35, 
    0x31, 0xe5, 0xcf, 0xe1, 0xa7, 0x56, 0xeb, 0x04, 0x30, 0x28, 0x35, 0x21, 
    0x3a, 0x20, 0x0a, 0xec, 0xf4, 0xff, 0x4b, 0xfe, 0x5e, 0x7f, 0xec, 0x2d, 
    0x47, 0xbb, 0xa5, 0xbf, 0x43, 0xf0, 0x13, 0x4e, 0x06, 0xd2, 0xac, 0xf5, 
    0xf6, 0x01, 0x9d, 0x2e, 0x2a, 0x5f, 0x30, 0xf7, 0xfe, 0xc9, 0xab, 0xb7, 
    0x05, 0xa5, 0x21, 0x36, 0xd6, 0xfa, 0xd7, 0xf8, 0xc6, 0xe2, 0xf7, 0x81, 
    0xf1, 0x19, 0xb5, 0xeb, 0x28, 0xd0, 0xc7, 0x38, 0x36, 0xfc, 0xe8, 0xc5, 
    0xcf, 0x0b, 0x0d, 0x46, 0x10, 0xeb, 0xd8, 0xda, 0xaf, 0x8f, 0xb6, 0xec, 
    0x4b, 0xe1, 0xde, 0x18, 0xaa, 0x0f, 0xe6, 0xdb, 0x11, 0xae, 0xb7, 0xa3, 
    0x31, 0x97, 0x17, 0x47, 0xba, 0xf3, 0xdf, 0xe2, 0xe3, 0xe6, 0xc5, 0x81, 
    0x13, 0x32, 0xc4, 0xed, 0x2d, 0x04, 0x00, 0x63, 0x3d, 0x0d, 0xff, 0xb0, 
    0xf0, 0xea, 0xf0, 0x5b, 0x1b, 0xf3, 0x01, 0xd4, 0xbf, 0x9f, 0xf4, 0xe5, 
    0x19, 0x0d, 0xce, 0x16, 0xac, 0xed, 0xec, 0xd3, 0xf9, 0x2d, 0xf0, 0x0c, 
    0xfc, 0x00, 0xf5, 0x0e, 0x07, 0x0a, 0x15, 0xe8, 0x05, 0xc0, 0x07, 0xdd, 
    0xe0, 0xc3, 0xeb, 0x15, 0xca, 0xb5, 0x9b, 0x22, 0xfb, 0xf4, 0xf5, 0xf9, 
    0xf7, 0x43, 0x47, 0x43, 0xc2, 0xec, 0x81, 0x10, 0xd7, 0xdf, 0xd8, 0xd5, 
    0x6b, 0xd1, 0x03, 0x30, 0x95, 0x9f, 0x1c, 0xac, 0xfd, 0x9a, 0xbf, 0xc5, 
    0x0d, 0xc2, 0xdb, 0x1a, 0x8e, 0xe8, 0xbb, 0xe7, 0x43, 0x4f, 0xb5, 0xd0, 
    0x1c, 0x5e, 0xdf, 0x2b, 0x40, 0x39, 0x6a, 0x34, 0x37, 0x35, 0xfa, 0xe9, 
    0x18, 0xbe, 0xa3, 0xee, 0x33, 0xf0, 0x47, 0x12, 0x0e, 0xd2, 0xfe, 0xec, 
    0xd4, 0x48, 0x81, 0xf1, 0xfd, 0x5d, 0xeb, 0xf0, 0xe1, 0x8c, 0xcf, 0xf7, 
    0x21, 0xcf, 0xa7, 0xfe, 0x85, 0x1c, 0xde, 0x4d, 0x48, 0x49, 0x00, 0x0f, 
    0x19, 0x6a, 0xfc, 0xd9, 0x33, 0x27, 0x7f, 0x1b, 0x2c, 0x72, 0xfe, 0xd5, 
    0x55, 0xb5, 0xbc, 0xcf, 0x37, 0xe7, 0x62, 0x3a, 0x1e, 0xd5, 0xd8, 0x09, 
    0xc2, 0x1b, 0x9e, 0xe8, 0x12, 0x7c, 0xf3, 0xe2, 0x06, 0x92, 0xdd, 0xf9, 
    0xe7, 0xc8, 0x74, 0x2b, 0x36, 0x4c, 0xbf, 0x37, 0xeb, 0x01, 0xc1, 0xe5, 
    0xbe, 0x7f, 0xf7, 0xea, 0x0d, 0x6e, 0x03, 0x1c, 0x4e, 0xf0, 0xe9, 0xd8, 
    0x3e, 0xf7, 0xea, 0xf0, 0x6d, 0x36, 0x34, 0x14, 0x7f, 0xd2, 0x4c, 0x71, 
    0xda, 0x28, 0xfe, 0x96, 0x2a, 0x5a, 0x05, 0x10, 0x2d, 0x00, 0x08, 0x2d, 
    0x0c, 0x07, 0xca, 0xe0, 0x01, 0x2f, 0x2a, 0x05, 0x02, 0xd4, 0x22, 0xf8, 
    0x03, 0x91, 0xfb, 0xfc, 0xb4, 0xaf, 0xb0, 0x00, 0x0f, 0xf1, 0x09, 0x06, 
    0x24, 0x5b, 0x44, 0x26, 0xb6, 0xd3, 0x81, 0x32, 0xd2, 0xcd, 0xa1, 0xce, 
    0x44, 0xb5, 0xed, 0x25, 0xa6, 0xbc, 0x3d, 0xce, 0x4b, 0xa2, 0xae, 0xcf, 
    0xf6, 0xdb, 0xf1, 0x01, 0xb8, 0x60, 0xea, 0xfb, 0x24, 0x01, 0x06, 0xc5, 
    0x18, 0x0a, 0xa7, 0xfe, 0xf1, 0xd0, 0xbe, 0x3a, 0x68, 0x34, 0x07, 0xed, 
    0x36, 0xee, 0xd1, 0x49, 0x17, 0xe2, 0xe4, 0x46, 0xa9, 0x81, 0x94, 0xb1, 
    0x46, 0xe3, 0xa8, 0x14, 0xb0, 0x06, 0x1c, 0xa8, 0x17, 0x90, 0xc4, 0x97, 
    0x49, 0xab, 0x2c, 0x4b, 0xa5, 0xdc, 0x81, 0xe9, 0x38, 0x3d, 0x9d, 0xc0, 
    0x29, 0x5e, 0xd0, 0x10, 0x48, 0x40, 0x2e, 0x62, 0x1a, 0x57, 0x32, 0xae, 
    0x43, 0xda, 0xd2, 0x18, 0x51, 0xe5, 0x30, 0xcd, 0xf5, 0xe3, 0xca, 0x17, 
    0xc7, 0x49, 0xbb, 0xed, 0xe0, 0x20, 0xf3, 0x17, 0x20, 0x2b, 0xd2, 0xe7, 
    0xad, 0xea, 0x3f, 0x1f, 0x7f, 0xfb, 0x06, 0x8b, 0xdb, 0x8a, 0xf2, 0xad, 
    0xd7, 0xaa, 0x9c, 0x0d, 0xc1, 0xf3, 0x84, 0xd4, 0xe7, 0xbd, 0x3e, 0xbd, 
    0xd8, 0x3b, 0x68, 0x4f, 0x99, 0x1e, 0xc8, 0xe4, 0xcd, 0x15, 0x4d, 0xaa, 
    0x5f, 0xb4, 0x26, 0xfd, 0xba, 0xa4, 0xc1, 0x8e, 0x3b, 0xdd, 0x30, 0x54, 
    0xc2, 0x33, 0xb3, 0x9c, 0x0c, 0x53, 0x14, 0x23, 0x19, 0x16, 0x7e, 0x5a, 
    0x4f, 0xa1, 0x54, 0xe7, 0xcf, 0xd7, 0x13, 0xc4, 0xe5, 0x47, 0x25, 0x11, 
    0x33, 0x39, 0xd4, 0xcd, 0xaa, 0xc4, 0xf8, 0x64, 0x22, 0xf4, 0xa0, 0xc7, 
    0xb6, 0xd0, 0xff, 0x2e, 0x2b, 0x41, 0x7f, 0x06, 0x06, 0xc9, 0xee, 0x07, 
    0x08, 0xd8, 0xe6, 0x24, 0x20, 0x01, 0x1a, 0xd5, 0x95, 0xd1, 0x31, 0xff, 
    0xd7, 0xba, 0x1f, 0xa2, 0xf7, 0xbd, 0xc5, 0xb0, 0x08, 0xfc, 0xe5, 0x0e, 
    0xb4, 0x7f, 0xd8, 0xfe, 0xb7, 0xab, 0xb7, 0x2e, 0xaa, 0xb6, 0xe3, 0x9e, 
    0xd5, 0xc0, 0x0e, 0xff, 0xa2, 0xca, 0xea, 0x3e, 0x0a, 0xa8, 0xb9, 0x16, 
    0x12, 0xdb, 0xc7, 0xf3, 0xab, 0x2a, 0xdf, 0x22, 0x1a, 0x5a, 0x06, 0x21, 
    0x22, 0x44, 0x03, 0xf8, 0x14, 0x1f, 0x60, 0xf1, 0x41, 0x65, 0xea, 0xf6, 
    0x21, 0xbb, 0xa3, 0xcc, 0x4e, 0x09, 0x4b, 0x1b, 0x0d, 0xd3, 0xd5, 0xed, 
    0xee, 0x1a, 0x81, 0xfc, 0x26, 0x6a, 0x14, 0xde, 0x01, 0x94, 0xf1, 0xf0, 
    0xdc, 0xb0, 0x2e, 0x32, 0xe9, 0x38, 0xde, 0x27, 0x2c, 0x43, 0xc1, 0xdb, 
    0xe5, 0x7f, 0x02, 0xd2, 0x32, 0x56, 0x30, 0x24, 0x4a, 0x00, 0xd5, 0xdd, 
    0x33, 0xc4, 0xec, 0xdc, 0x3a, 0xef, 0x63, 0x15, 0x6b, 0xf8, 0x25, 0x57, 
    0xf7, 0x25, 0x01, 0xbc, 0x29, 0x37, 0xf0, 0xee, 0x1d, 0x0d, 0xd7, 0x0e, 
    0xf3, 0x0c, 0x0b, 0x13, 0x0d, 0xdb, 0x19, 0x05, 0xa8, 0x86, 0xff, 0xc7, 
    0x10, 0x9e, 0xf7, 0xde, 0xe6, 0xdc, 0x81, 0xdc, 0xe8, 0xbe, 0xf8, 0xe7, 
    0xc8, 0x4d, 0x0a, 0x18, 0xc0, 0xed, 0xcf, 0xeb, 0xb3, 0x24, 0x09, 0xa7, 
    0x19, 0xbe, 0x1c, 0x21, 0xcb, 0xa5, 0xf0, 0xe9, 0x2b, 0xe7, 0x23, 0x7b, 
    0x06, 0x63, 0xb0, 0xd1, 0x16, 0x0a, 0x54, 0x30, 0xda, 0xe4, 0x7f, 0x57, 
    0x23, 0x98, 0x74, 0xe8, 0xfa, 0x8e, 0xc2, 0xc6, 0x1e, 0x39, 0xf9, 0x26, 
    0xdb, 0x5f, 0x13, 0xc8, 0x84, 0xbb, 0xb8, 0x6d, 0x1a, 0x21, 0xa3, 0xb9, 
    0xe6, 0x96, 0x34, 0x25, 0xf2, 0xd8, 0x7a, 0xf7, 0xa6, 0x23, 0x2e, 0x20, 
    0xea, 0x1f, 0x31, 0x0d, 0x4e, 0xe5, 0xfb, 0xf6, 0x12, 0x15, 0xf2, 0x25, 
    0xc8, 0xd5, 0xfe, 0x1c, 0xe7, 0x65, 0x0d, 0xb4, 0xbf, 0xa9, 0xd5, 0xfb, 
    0x0a, 0x01, 0x24, 0xea, 0xdc, 0x08, 0x41, 0xc5, 0x0e, 0x71, 0x7f, 0x42, 
    0xf4, 0x25, 0xfb, 0xd4, 0x6c, 0xbd, 0xf9, 0xed, 0xfd, 0x9a, 0xf6, 0xcc, 
    0xdf, 0xa8, 0x29, 0x26, 0xa7, 0x1c, 0xd9, 0x45, 0x2c, 0x4a, 0xaf, 0xe8, 
    0x1c, 0x7f, 0x00, 0xf1, 0x3d, 0x36, 0x3a, 0x1d, 0x41, 0x0c, 0xda, 0xd2, 
    0x2f, 0xc6, 0xdc, 0xf4, 0x4d, 0x1a, 0x64, 0x02, 0x1f, 0x05, 0x14, 0x29, 
    0xd9, 0x25, 0xed, 0xcb, 0xfc, 0x4e, 0xea, 0x0f, 0xfd, 0x14, 0x7f, 0x61, 
    0x1b, 0x73, 0xda, 0xf4, 0x33, 0xec, 0x36, 0x26, 0x1e, 0xf8, 0x3a, 0x11, 
    0xe1, 0xc4, 0xff, 0x1f, 0xef, 0x29, 0xf2, 0xca, 0xe1, 0xc7, 0xea, 0x4e, 
    0x35, 0x01, 0xf2, 0xe0, 0xdc, 0x01, 0xe9, 0x0b, 0x0e, 0x65, 0x15, 0x61, 
    0xd5, 0x0b, 0x38, 0xd8, 0x50, 0xed, 0x2f, 0xe1, 0x24, 0x4f, 0x05, 0x44, 
    0x42, 0x57, 0xc7, 0xdc, 0xf4, 0x56, 0xfa, 0x0c, 0x45, 0xe2, 0x16, 0x00, 
    0xef, 0x9f, 0x0e, 0x66, 0xae, 0x8a, 0xd3, 0x4a, 0x0f, 0xef, 0x2b, 0x0f, 
    0x3f, 0x24, 0x51, 0x2f, 0xd6, 0xbc, 0x88, 0x1c, 0x1b, 0xd3, 0x99, 0xe9, 
    0x7f, 0xdd, 0x08, 0x17, 0xba, 0xc1, 0x52, 0x8b, 0xbd, 0x2e, 0x6c, 0x1d, 
    0x05, 0x4c, 0x21, 0x0a, 0x63, 0xcd, 0x35, 0x11, 0xf0, 0x1c, 0xf4, 0x12, 
    0x14, 0xcb, 0xe9, 0x3a, 0xc5, 0x41, 0x0f, 0xaa, 0xb2, 0x9b, 0xc6, 0x49, 
    0x1b, 0x0d, 0x17, 0xde, 0xec, 0x0b, 0x3c, 0xd6, 0x20, 0x7f, 0x66, 0x1c, 
    0x00, 0x25, 0x0e, 0xaf, 0x71, 0xcb, 0x02, 0x05, 0xdf, 0x81, 0x11, 0xfc, 
    0x1d, 0xce, 0xf6, 0x2b, 0xfb, 0x34, 0xed, 0x15, 0x09, 0x54, 0xe4, 0x24, 
    0xde, 0x74, 0x28, 0xfe, 0x32, 0x50, 0x76, 0x17, 0x33, 0x1f, 0xcc, 0xbb, 
    0x19, 0xb1, 0xd4, 0xb6, 0x2c, 0x0b, 0x77, 0x2b, 0x5a, 0x0c, 0xfe, 0x37, 
    0xe5, 0x0f, 0xf4, 0xd1, 0x41, 0x51, 0xfe, 0xc3, 0xe2, 0x8d, 0x02, 0xdd, 
    0xdd, 0xd5, 0x37, 0x4f, 0xe9, 0x34, 0xcb, 0x46, 0xfd, 0x4c, 0xb8, 0xf6, 
    0xea, 0x7f, 0x0a, 0xf4, 0x27, 0x53, 0x0f, 0x1d, 0x30, 0xf4, 0xf7, 0xc9, 
    0x2c, 0xc4, 0xfb, 0xff, 0x50, 0x08, 0x39, 0x2f, 0x5a, 0x1d, 0x28, 0x5b, 
    0xe2, 0x14, 0xe8, 0xb1, 0x28, 0x62, 0xe5, 0xea, 0x0b, 0xf9, 0xa9, 0x8e, 
    0xeb, 0x9e, 0x2b, 0x33, 0xc9, 0xbb, 0xb1, 0x07, 0x15, 0xf6, 0xad, 0x81, 
    0xf5, 0x61, 0xa2, 0x14, 0x13, 0x20, 0xfa, 0x4b, 0x37, 0xe7, 0x0b, 0xb0, 
    0xca, 0xcf, 0x13, 0x34, 0x6e, 0x00, 0x2c, 0xc8, 0xd5, 0xe3, 0x11, 0xd1, 
    0xf9, 0x42, 0xd9, 0xda, 0xde, 0xee, 0x8a, 0x02, 0x0c, 0xb4, 0xff, 0x2a, 
    0x09, 0xf1, 0xc0, 0xd3, 0xb2, 0x39, 0xe5, 0x2c, 0x39, 0x53, 0x2f, 0x32, 
    0x1b, 0x27, 0x0f, 0xe4, 0xd6, 0x13, 0x45, 0xf7, 0x30, 0x76, 0x1d, 0x2f, 
    0x73, 0xe4, 0x81, 0xc5, 0x27, 0x0d, 0x2e, 0x2e, 0x0d, 0xe1, 0xc2, 0xd7, 
    0xd6, 0x38, 0x9d, 0x15, 0x43, 0x66, 0x37, 0x21, 0xcb, 0x01, 0x48, 0x36, 
    0xea, 0x3f, 0x3f, 0xe2, 0x53, 0xe9, 0x0f, 0xfe, 0xfc, 0x12, 0x09, 0x1f, 
    0xf8, 0xd5, 0x19, 0x48, 0xfc, 0x63, 0xf9, 0xa1, 0xa4, 0x8f, 0x92, 0xfe, 
    0xe7, 0x12, 0x2a, 0xdc, 0xe7, 0x0a, 0x44, 0xb5, 0x2b, 0x71, 0x7f, 0x6f, 
    0x14, 0x2d, 0x27, 0xef, 0x6c, 0xe5, 0xef, 0xf7, 0x38, 0x94, 0xae, 0xd1, 
    0xec, 0xb2, 0xd6, 0x14, 0xba, 0x7c, 0xda, 0xef, 0xf0, 0x00, 0x2f, 0xc0, 
    0xf0, 0x38, 0xc6, 0xf3, 0xf2, 0xd4, 0xfb, 0x40, 0x52, 0x4b, 0x4f, 0x04, 
    0x2a, 0xd7, 0xb9, 0x26, 0x21, 0x00, 0xea, 0x2b, 0xd0, 0x81, 0x9a, 0x9b, 
    0x11, 0xd3, 0xba, 0x46, 0xe6, 0x25, 0x2e, 0xf5, 0x1e, 0x21, 0xf3, 0x13, 
    0xf8, 0xdd, 0xee, 0xdb, 0xfd, 0x43, 0x1e, 0x23, 0xbf, 0xda, 0x43, 0xe7, 
    0xef, 0x86, 0x19, 0x16, 0xa9, 0xc1, 0x9a, 0xe0, 0x2f, 0x15, 0xef, 0x11, 
    0xde, 0x65, 0x2b, 0x23, 0xbb, 0xcb, 0x81, 0x45, 0xb2, 0xa4, 0xa8, 0xd6, 
    0x4e, 0xac, 0x0a, 0x43, 0x9e, 0xb3, 0x33, 0xd6, 0x13, 0xb1, 0x28, 0x35, 
    0xee, 0xf1, 0xa9, 0xb2, 0xe7, 0x74, 0x03, 0x4c, 0x3a, 0x30, 0x4e, 0x3a, 
    0x44, 0xf1, 0x0f, 0x16, 0xd1, 0xe4, 0x25, 0xef, 0x1f, 0x71, 0x3a, 0x46, 
    0x78, 0x12, 0xb0, 0xc8, 0x00, 0x16, 0x02, 0x65, 0x00, 0xd2, 0xab, 0xaf, 
    0xca, 0xf9, 0xac, 0x23, 0x14, 0x51, 0x7f, 0x48, 0xe8, 0xf2, 0x3a, 0x6c, 
    0xdf, 0x58, 0xfe, 0xc2, 0x42, 0xf9, 0x53, 0x4e, 0xe1, 0x10, 0x65, 0x7f, 
    0x3c, 0xb8, 0x57, 0xdb, 0xf1, 0x22, 0x11, 0xc4, 0x1c, 0x2a, 0x13, 0x04, 
    0xce, 0x15, 0xdb, 0xfc, 0xd6, 0x09, 0x36, 0x48, 0x20, 0x6e, 0xff, 0xe1, 
    0xda, 0xec, 0x43, 0x1a, 0x5d, 0x12, 0x4e, 0x00, 0xf2, 0xa9, 0xd8, 0xd7, 
    0xc1, 0xa7, 0x7d, 0x1a, 0x3c, 0x46, 0xda, 0x26, 0x15, 0x22, 0xca, 0xd1, 
    0xcc, 0x7f, 0xde, 0xf0, 0x13, 0x7d, 0x26, 0x26, 0x2b, 0x03, 0xc4, 0xe6, 
    0x4f, 0xe8, 0xbb, 0x17, 0x7c, 0x2e, 0x39, 0x1b, 0x6c, 0xc7, 0x53, 0x61, 
    0xf4, 0x6a, 0x22, 0xc1, 0x33, 0x4f, 0xff, 0x05, 0xfe, 0xbb, 0xb2, 0xbc, 
    0x4a, 0xaa, 0x05, 0x23, 0x81, 0xe9, 0x91, 0xf2, 0x06, 0x4a, 0xa5, 0xcd, 
    0x12, 0x68, 0xeb, 0x23, 0x1a, 0x49, 0x72, 0x4b, 0x1b, 0x44, 0x05, 0xd6, 
    0x06, 0xa4, 0xb4, 0xef, 0x5f, 0x13, 0x52, 0xf9, 0xec, 0xd0, 0xf6, 0x10, 
    0x03, 0x40, 0x98, 0x0d, 0x1e, 0x6d, 0xee, 0x10, 0x19, 0xc0, 0x31, 0x49, 
    0x07, 0x04, 0x9c, 0xb9, 0xfe, 0x2b, 0x09, 0x2b, 0x0b, 0x45, 0x53, 0x47, 
    0x59, 0xcf, 0x2c, 0x02, 0xdf, 0xf4, 0x47, 0xca, 0x03, 0x7f, 0xfc, 0x41, 
    0x43, 0x11, 0x9e, 0xd2, 0xec, 0xec, 0x01, 0x44, 0x07, 0xf6, 0xb0, 0xca, 
    0xd0, 0x05, 0xc7, 0x0b, 0x31, 0x4e, 0x66, 0x4e, 0x1e, 0xe6, 0xc0, 0xbe, 
    0x0f, 0xb8, 0x19, 0x34, 0xe4, 0xfd, 0xe0, 0xd2, 0xde, 0xdc, 0xc7, 0x81, 
    0xfe, 0x34, 0xac, 0xfa, 0x1d, 0xe7, 0xd0, 0x3f, 0x1d, 0xf1, 0x10, 0xc8, 
    0xcd, 0x02, 0x21, 0x3b, 0x36, 0x15, 0xf3, 0xd9, 0xcd, 0xbc, 0xe4, 0xdb, 
    0x26, 0x0d, 0xfa, 0xef, 0xb6, 0xe0, 0xb8, 0xde, 0xfe, 0xdc, 0xff, 0xff, 
    0x04, 0x00, 0x00, 0x00, 0x00, 0x06, 0x00, 0x00, 0x0b, 0x29, 0x7f, 0xeb, 
    0x15, 0x1f, 0xe1, 0x55, 0xc0, 0xca, 0x4b, 0x41, 0xe6, 0xbe, 0xd5, 0x1c, 
    0x1f, 0x03, 0xb1, 0xdf, 0x31, 0xc8, 0x2c, 0xdf, 0xfe, 0xce, 0xfc, 0x2a, 
    0x3b, 0x24, 0xfb, 0x14, 0xba, 0x4d, 0xad, 0x3d, 0xf4, 0xcc, 0xb2, 0xef, 
    0x1b, 0x0c, 0xd2, 0x48, 0xf1, 0xc1, 0xcc, 0x55, 0xac, 0x6b, 0x34, 0xfc, 
    0x29, 0x11, 0x09, 0x78, 0x7f, 0xf4, 0x25, 0xaf, 0x1c, 0xef, 0xbc, 0x2b, 
    0x57, 0x1c, 0x24, 0x31, 0xb1, 0xbd, 0x00, 0xd3, 0x13, 0xee, 0xbf, 0x1f, 
    0xb1, 0xf4, 0x81, 0x01, 0x29, 0x40, 0x27, 0x43, 0x17, 0xf4, 0x07, 0x04, 
    0x35, 0x4b, 0x1f, 0x09, 0x2e, 0xd6, 0xeb, 0x0a, 0xd0, 0x52, 0x26, 0xf0, 
    0xe9, 0x1a, 0x5c, 0xf0, 0xea, 0xf4, 0x0c, 0x57, 0xd0, 0xb9, 0x39, 0xd1, 
    0x3e, 0x18, 0x64, 0xaa, 0xed, 0x64, 0x56, 0x7b, 0x7f, 0x34, 0xca, 0x36, 
    0x2f, 0x9f, 0x13, 0xb0, 0xd6, 0x1c, 0x5a, 0xf1, 0xf0, 0x29, 0xfa, 0x7f, 
    0x27, 0xff, 0x53, 0x2a, 0xc8, 0x16, 0xd9, 0xd2, 0x43, 0xaf, 0x7a, 0x97, 
    0xee, 0x15, 0xb4, 0x41, 0xf6, 0xa8, 0x42, 0x42, 0x3d, 0x2f, 0x9d, 0xe9, 
    0x30, 0x21, 0xfb, 0x3b, 0xe1, 0xcf, 0x0b, 0x06, 0xcc, 0xce, 0x36, 0x25, 
    0x81, 0xe3, 0xff, 0x07, 0xec, 0x43, 0x2f, 0x14, 0xdd, 0xfd, 0x30, 0x59, 
    0x40, 0xf7, 0x28, 0xee, 0x0c, 0xe9, 0x0d, 0x1a, 0xdc, 0xef, 0x51, 0x02, 
    0x28, 0x27, 0xe9, 0x08, 0xcc, 0xce, 0xd9, 0xbc, 0x08, 0x07, 0xec, 0x08, 
    0x24, 0xff, 0xe2, 0x26, 0xdc, 0x45, 0xcc, 0xcc, 0x1d, 0x3c, 0x43, 0xf6, 
    0x81, 0xb2, 0x2b, 0x25, 0xd7, 0x30, 0x28, 0x12, 0xea, 0xef, 0xab, 0xa5, 
    0x0a, 0x42, 0xf7, 0xd8, 0x81, 0x22, 0xcd, 0xa7, 0x2b, 0xfb, 0xca, 0x09, 
    0xe4, 0x6b, 0xaf, 0x42, 0xfb, 0xc8, 0xc4, 0x0e, 0x5f, 0x48, 0x3d, 0xc9, 
    0x8e, 0xd9, 0x46, 0xcf, 0x13, 0xa0, 0xb4, 0x01, 0xee, 0x08, 0xd2, 0x13, 
    0x09, 0xe7, 0xf5, 0x7f, 0xd2, 0xfb, 0xb2, 0xd1, 0xf5, 0x27, 0x0f, 0x0c, 
    0x5c, 0x3e, 0x5b, 0x2e, 0x1d, 0xe8, 0x0b, 0x3d, 0x3b, 0xf0, 0x38, 0x0c, 
    0x67, 0xe5, 0x03, 0x53, 0x3f, 0xd9, 0xef, 0xfd, 0xea, 0xdc, 0xb3, 0xda, 
    0x81, 0xc6, 0xee, 0x84, 0x7e, 0x11, 0xfe, 0xef, 0xe7, 0xf2, 0xf0, 0x0a, 
    0xfb, 0x49, 0x78, 0xf2, 0x6d, 0xe7, 0x8c, 0x23, 0x00, 0xc7, 0x43, 0xc4, 
    0x05, 0xfc, 0x05, 0x36, 0xa2, 0xba, 0x44, 0xb0, 0x0d, 0xce, 0xea, 0x7f, 
    0xd3, 0x17, 0xf5, 0x31, 0xcb, 0x1e, 0xc3, 0x4d, 0xe6, 0x64, 0xe2, 0xfc, 
    0x7c, 0x44, 0x37, 0x35, 0x0b, 0x25, 0xb8, 0x05, 0x07, 0x35, 0xc4, 0x41, 
    0x8c, 0xdb, 0xc7, 0x48, 0xf4, 0x0b, 0xfd, 0xd2, 0xea, 0x2f, 0x81, 0x19, 
    0xe5, 0xc7, 0x40, 0x72, 0x2f, 0x1b, 0x12, 0xdf, 0xe9, 0xfd, 0xbe, 0xe4, 
    0xc4, 0x1e, 0xf3, 0x18, 0x24, 0x53, 0x3d, 0xe6, 0xd3, 0xfb, 0x08, 0x44, 
    0x20, 0x50, 0x6a, 0x2d, 0xd2, 0xff, 0x4f, 0xe9, 0xed, 0xbf, 0x27, 0x38, 
    0xee, 0x25, 0x7f, 0xf2, 0xd6, 0x24, 0x2b, 0x1e, 0xdb, 0x0e, 0x4c, 0x1f, 
    0x0a, 0xec, 0xc7, 0xce, 0xc8, 0xe6, 0xd5, 0xd9, 0x3a, 0x29, 0x7f, 0x19, 
    0x1a, 0x59, 0xcd, 0x26, 0xe1, 0xc0, 0xd6, 0x30, 0x0a, 0xe5, 0x05, 0x1a, 
    0x2d, 0x44, 0xff, 0x21, 0x4e, 0x0b, 0x46, 0xdf, 0x09, 0x08, 0xc2, 0x04, 
    0xcc, 0xc8, 0xee, 0xc3, 0x1c, 0xd8, 0x46, 0x81, 0x22, 0x0a, 0x48, 0xea, 
    0x5c, 0xf7, 0x5a, 0x3c, 0xcb, 0x40, 0xf7, 0xdb, 0x59, 0x6c, 0x22, 0xf0, 
    0xf4, 0xe0, 0x3c, 0x08, 0x0b, 0x12, 0x11, 0xd2, 0xcf, 0xc8, 0x1c, 0x28, 
    0xd6, 0x0c, 0x29, 0x02, 0xe6, 0xec, 0x7f, 0x01, 0x00, 0xda, 0x05, 0xd7, 
    0xd7, 0x28, 0x43, 0x1e, 0xf0, 0xf7, 0x21, 0x14, 0xee, 0xfe, 0xe3, 0x7f, 
    0x05, 0x01, 0x3e, 0x24, 0xb2, 0x12, 0x3c, 0xf6, 0xc3, 0xde, 0x29, 0x57, 
    0xab, 0xb1, 0x21, 0xed, 0x22, 0xda, 0x32, 0xf3, 0x1a, 0xe0, 0x01, 0xff, 
    0x2f, 0xd6, 0x1c, 0x31, 0xdc, 0x09, 0xda, 0x1e, 0xc3, 0x03, 0xe7, 0xe3, 
    0xfe, 0xe8, 0xfe, 0xfa, 0xae, 0xe8, 0xbc, 0x17, 0x81, 0xf3, 0xff, 0x00, 
    0xef, 0x15, 0x25, 0x25, 0xc0, 0xb9, 0xf7, 0xc9, 0x24, 0x05, 0xee, 0xfe, 
    0x20, 0xbe, 0x48, 0xe3, 0xb1, 0x26, 0x86, 0xe0, 0x0d, 0xef, 0x25, 0x3f, 
    0x12, 0x2f, 0x4c, 0x87, 0xe9, 0x4a, 0x49, 0xd6, 0xf0, 0xbb, 0xc5, 0xfc, 
    0x1a, 0xe1, 0x41, 0x81, 0xb4, 0x26, 0x07, 0x81, 0xd3, 0x8f, 0x4a, 0xd6, 
    0x32, 0xdd, 0x7b, 0x5c, 0x25, 0x41, 0xdb, 0x64, 0x63, 0xf2, 0xc5, 0x1c, 
    0xf6, 0x4b, 0x24, 0x6a, 0x8d, 0x6b, 0x27, 0x97, 0x48, 0x6c, 0x40, 0xa0, 
    0x06, 0xbb, 0x5b, 0x53, 0xcb, 0x35, 0x2e, 0x60, 0x81, 0x1e, 0xdf, 0xc7, 
    0x5c, 0x1e, 0xbc, 0x21, 0xf5, 0x23, 0x4c, 0x73, 0x32, 0xf9, 0xfa, 0xba, 
    0xe6, 0x4e, 0xf1, 0x4a, 0xca, 0x9d, 0xa2, 0xb8, 0x08, 0xf0, 0x58, 0x54, 
    0xe7, 0xa3, 0x21, 0x59, 0xc7, 0x28, 0xd1, 0x0b, 0xb5, 0x36, 0xf9, 0xdf, 
    0xe2, 0x4a, 0x57, 0x2f, 0xba, 0xfd, 0xb1, 0xd4, 0x47, 0x34, 0x04, 0x3f, 
    0x00, 0xeb, 0x81, 0x16, 0xaa, 0xcd, 0x65, 0x2a, 0x4b, 0xc3, 0xec, 0x7f, 
    0xd5, 0xdc, 0x1d, 0xb4, 0x1c, 0xee, 0x3f, 0x99, 0x22, 0xb8, 0x25, 0x47, 
    0x4a, 0xc1, 0x29, 0xc2, 0x0a, 0x1e, 0x57, 0xe2, 0x20, 0xf2, 0xd3, 0x01, 
    0x22, 0x0b, 0xf7, 0xae, 0xe8, 0xbb, 0x3f, 0x42, 0xb3, 0xd7, 0x65, 0xcb, 
    0xaa, 0xd1, 0xd8, 0x28, 0x50, 0xa8, 0x0e, 0x29, 0xe7, 0x60, 0xfe, 0x81, 
    0xc0, 0xe4, 0x99, 0x3f, 0x6b, 0x30, 0x20, 0xe6, 0xb4, 0x00, 0x3b, 0xf9, 
    0x43, 0x4b, 0xb9, 0x2b, 0x5f, 0x43, 0x37, 0xc1, 0x3c, 0xef, 0xee, 0xd1, 
    0x26, 0xdb, 0xfa, 0xf1, 0xa0, 0x99, 0xf0, 0xcb, 0xd2, 0x08, 0x3a, 0x1e, 
    0xc3, 0xe3, 0x1d, 0x81, 0xe9, 0x32, 0x36, 0x1c, 0x4b, 0xc1, 0x48, 0x3d, 
    0x7f, 0x27, 0xe7, 0x0e, 0x8d, 0xf9, 0x37, 0x05, 0x07, 0xe8, 0x67, 0x9c, 
    0xee, 0x4f, 0x4e, 0xeb, 0x0c, 0xb7, 0x4b, 0x9f, 0xf6, 0x1c, 0x25, 0x84, 
    0xcb, 0xfb, 0xbe, 0xe1, 0xd0, 0x39, 0x43, 0xe8, 0xe6, 0x08, 0xc5, 0x3f, 
    0xa2, 0xeb, 0x21, 0xa3, 0xb0, 0xee, 0x2e, 0x10, 0x81, 0xd5, 0x19, 0xea, 
    0xbf, 0x9a, 0xaa, 0xd0, 0x39, 0x47, 0xb9, 0xf8, 0xe3, 0xfb, 0xdb, 0x5a, 
    0xf4, 0x21, 0x02, 0x36, 0xb6, 0xcc, 0x46, 0x40, 0x81, 0x43, 0xfe, 0x0b, 
    0xb8, 0x2e, 0xe0, 0x56, 0x0e, 0x1b, 0x19, 0xfc, 0x02, 0xec, 0xb7, 0xd6, 
    0xf4, 0xbd, 0xe9, 0x1b, 0xa2, 0x6d, 0x1b, 0x93, 0x05, 0xdc, 0xd2, 0xac, 
    0x49, 0x90, 0x23, 0xd9, 0xb0, 0x6c, 0x2d, 0xf2, 0x9b, 0x57, 0xe6, 0xb7, 
    0xb0, 0xd8, 0x5e, 0x9b, 0xe8, 0x28, 0x10, 0x83, 0x10, 0x04, 0x6b, 0x81, 
    0xab, 0xf9, 0xfe, 0x09, 0x59, 0xb5, 0xd0, 0x18, 0xde, 0x52, 0x2b, 0xdb, 
    0xc8, 0xe2, 0x19, 0xfa, 0x01, 0x25, 0xd5, 0xc9, 0xe2, 0x3b, 0xf9, 0xc1, 
    0xfd, 0x2c, 0xa7, 0x01, 0x04, 0x81, 0x38, 0xff, 0x81, 0x07, 0xec, 0xcf, 
    0x2b, 0x96, 0x3f, 0xcf, 0xf0, 0x1f, 0xf4, 0x0b, 0x5f, 0xa3, 0xa4, 0x1a, 
    0x8e, 0x21, 0xdb, 0x3e, 0x2d, 0xdf, 0x12, 0x49, 0x1a, 0x25, 0x42, 0xb9, 
    0x17, 0x23, 0xab, 0x1f, 0xe2, 0xf7, 0xd4, 0xe0, 0x16, 0x09, 0x06, 0x81, 
    0xf4, 0x09, 0xfd, 0x03, 0xfe, 0x14, 0xd0, 0xf0, 0xef, 0xf3, 0xfd, 0x04, 
    0x8c, 0x45, 0xf5, 0xde, 0xfc, 0x32, 0xf9, 0x0e, 0xd7, 0x1d, 0xde, 0xd3, 
    0x0b, 0x0f, 0x12, 0x5d, 0x06, 0x9e, 0xb3, 0x7b, 0xec, 0xf8, 0xbe, 0xed, 
    0xf4, 0x88, 0xed, 0x22, 0x3b, 0x81, 0x33, 0x05, 0x91, 0x12, 0xf0, 0xb9, 
    0x54, 0x30, 0xe4, 0xdf, 0x24, 0x8b, 0xb9, 0xff, 0xcd, 0xcc, 0xf7, 0xba, 
    0xab, 0x13, 0xe2, 0x3b, 0xc7, 0xc9, 0x32, 0xfe, 0x63, 0xed, 0x19, 0xc2, 
    0x7f, 0x30, 0xb8, 0x03, 0xdb, 0x1d, 0x18, 0xe2, 0x38, 0x1d, 0x21, 0xb2, 
    0x82, 0x0d, 0xd2, 0xd2, 0xba, 0x03, 0xf2, 0x24, 0xf5, 0xb1, 0x08, 0xd0, 
    0xaa, 0x7f, 0xfc, 0x95, 0xfb, 0x0d, 0x96, 0xcf, 0x4d, 0x46, 0x18, 0x2f, 
    0x01, 0x29, 0xe4, 0xbb, 0x17, 0x08, 0xb7, 0x52, 0xd5, 0x1f, 0x40, 0x01, 
    0x00, 0x40, 0x1a, 0x0c, 0x5d, 0xf7, 0x11, 0xce, 0xd4, 0xcf, 0xe7, 0x07, 
    0x1e, 0x8f, 0x11, 0xf8, 0xe8, 0xfa, 0xdd, 0x13, 0x10, 0xf1, 0x19, 0x01, 
    0x2b, 0xb0, 0xae, 0x37, 0xf0, 0x35, 0x7f, 0xa9, 0x13, 0xe6, 0x43, 0x0a, 
    0xd2, 0x0d, 0x53, 0xdd, 0x3c, 0xfa, 0xe7, 0x03, 0xff, 0xe2, 0xb8, 0x1a, 
    0xfe, 0xdd, 0x25, 0xf6, 0xf5, 0x7f, 0xea, 0x3e, 0x12, 0x0a, 0xf8, 0xf8, 
    0x57, 0x89, 0x1b, 0xfe, 0xda, 0x7f, 0x07, 0xda, 0x29, 0x24, 0x51, 0x09, 
    0xc2, 0x3c, 0xee, 0x00, 0xed, 0xd0, 0xa9, 0x4f, 0x03, 0xc9, 0x31, 0x28, 
    0x71, 0x09, 0xcb, 0x55, 0x2b, 0x3d, 0x4d, 0xba, 0x53, 0xba, 0xd1, 0x0e, 
    0xd1, 0xbf, 0x38, 0x11, 0xd3, 0x9a, 0xa9, 0xbd, 0xef, 0xc3, 0x98, 0xf5, 
    0xb0, 0xa5, 0xd4, 0x51, 0x59, 0x7f, 0xf6, 0x0b, 0xa8, 0xf0, 0xe9, 0x16, 
    0x4d, 0x14, 0x22, 0x20, 0xaf, 0x27, 0x06, 0x18, 0xc5, 0xba, 0x3d, 0x19, 
    0xaa, 0xd0, 0x2f, 0xaa, 0xd4, 0x96, 0x11, 0x93, 0xc6, 0x41, 0xe1, 0x12, 
    0x1c, 0x1a, 0xc5, 0xbb, 0x24, 0x4d, 0x2e, 0xde, 0xc1, 0x7f, 0x22, 0x3d, 
    0xc2, 0x11, 0xf8, 0xdb, 0xab, 0xc0, 0x1b, 0xa6, 0xac, 0xfd, 0x13, 0xc2, 
    0xce, 0x14, 0x66, 0x1a, 0x08, 0x98, 0xf6, 0xc3, 0x1f, 0xd1, 0x81, 0xe4, 
    0x3a, 0x2c, 0xfa, 0x1a, 0x0c, 0x2b, 0xaf, 0x2f, 0x07, 0x34, 0xe9, 0x01, 
    0xe4, 0x6d, 0xcb, 0xeb, 0x22, 0x33, 0xfb, 0xe3, 0x02, 0x4e, 0x39, 0xf0, 
    0x18, 0x28, 0x3d, 0x47, 0xec, 0x66, 0xdc, 0xcf, 0x0f, 0x8f, 0x3a, 0x35, 
    0x12, 0x03, 0x7f, 0x8d, 0xaf, 0xd3, 0xdd, 0xac, 0xd7, 0xe8, 0x57, 0x0c, 
    0x26, 0xb4, 0xcd, 0xc8, 0x6e, 0xee, 0x93, 0xba, 0x81, 0x96, 0x82, 0x11, 
    0x98, 0xec, 0x34, 0x54, 0xaa, 0xb1, 0xff, 0xd6, 0x97, 0x29, 0xab, 0x7f, 
    0x6b, 0xa1, 0x12, 0xf7, 0xb5, 0x1d, 0xfa, 0xfa, 0x32, 0x84, 0x16, 0x2b, 
    0xd8, 0xc9, 0x31, 0x27, 0xcf, 0xb1, 0x02, 0xf1, 0x81, 0x03, 0xad, 0xe9, 
    0x17, 0xd5, 0x07, 0x3d, 0x11, 0xca, 0xa9, 0x15, 0xe3, 0x33, 0x50, 0x42, 
    0x44, 0x08, 0xe3, 0xfb, 0xbc, 0x00, 0x9f, 0x31, 0xb6, 0x25, 0xeb, 0xc3, 
    0xbf, 0xe1, 0x81, 0x2c, 0xfb, 0x26, 0x7a, 0x6b, 0x99, 0x0a, 0x3a, 0x02, 
    0x17, 0xee, 0x1c, 0x27, 0xb6, 0xec, 0xf0, 0x3d, 0xbe, 0xc4, 0x60, 0x4f, 
    0xb5, 0x39, 0xed, 0x71, 0x6b, 0x7f, 0x1e, 0xbf, 0xd0, 0xf9, 0x01, 0xf2, 
    0xec, 0x02, 0x42, 0xe1, 0xc6, 0x25, 0xf5, 0xaf, 0xd5, 0x9c, 0xe6, 0x3f, 
    0xdb, 0xf8, 0xd2, 0xf9, 0xbd, 0x11, 0xe8, 0xe4, 0x45, 0xa0, 0x13, 0xde, 
    0xf6, 0x2a, 0x81, 0x2f, 0xd4, 0xf4, 0xf7, 0x3c, 0x4d, 0x21, 0xce, 0xb4, 
    0x0e, 0x28, 0x4e, 0xa3, 0x01, 0xee, 0x8e, 0xef, 0x25, 0x88, 0x46, 0xb0, 
    0xd2, 0x4b, 0xb8, 0x5f, 0x49, 0xdd, 0xbc, 0xf5, 0xc0, 0x6d, 0x1a, 0x38, 
    0xc0, 0x5d, 0x7f, 0x32, 0xa9, 0xff, 0xb8, 0xb6, 0xf2, 0x07, 0x36, 0xe7, 
    0x3c, 0xad, 0x10, 0xb3, 0x00, 0x33, 0x42, 0xb0, 0x0a, 0xe3, 0xff, 0xff, 
    0x04, 0x00, 0x00, 0x00, 0x10, 0x00, 0x00, 0x00, 0xf7, 0x04, 0xda, 0x3b, 
    0x21, 0xc0, 0x95, 0x3d, 0xe0, 0xa5, 0xea, 0xbd, 0x97, 0x87, 0xe7, 0x3d, 
    0x26, 0xe3, 0xff, 0xff, 0x04, 0x00, 0x00, 0x00, 0x80, 0x00, 0x00, 0x00, 
    0x47, 0x40, 0xcd, 0xbc, 0x4d, 0x62, 0x81, 0x3d, 0xa7, 0xb9, 0x75, 0x3b, 
    0x44, 0xfa, 0x20, 0xbe, 0x53, 0x54, 0xfc, 0xbc, 0x44, 0xfb, 0x4f, 0x3c, 
    0xf0, 0x7e, 0x4f, 0xbd, 0x63, 0x14, 0xa2, 0xbd, 0x6b, 0xb1, 0x1f, 0xbe, 
    0x1c, 0x87, 0x29, 0xbc, 0xe4, 0x1a, 0x6d, 0xbd, 0x31, 0x7f, 0x03, 0xbe, 
    0x7b, 0x6c, 0x4b, 0x3e, 0xcb, 0x75, 0x27, 0xbe, 0x88, 0x4c, 0x28, 0x3c, 
    0x70, 0x7d, 0x08, 0xbe, 0xf5, 0x05, 0x20, 0x3d, 0x63, 0xc8, 0x30, 0xbc, 
    0xec, 0x7a, 0xb9, 0xbc, 0x7c, 0x33, 0x43, 0x3d, 0x81, 0xda, 0xc9, 0xbc, 
    0x6f, 0xb3, 0x15, 0x3d, 0x6b, 0x90, 0x4a, 0xbd, 0x62, 0x64, 0xe1, 0xbd, 
    0x0a, 0xd1, 0x84, 0xbd, 0x21, 0x84, 0xff, 0xbd, 0xc1, 0xf6, 0xb7, 0xbd, 
    0xc5, 0xe3, 0x17, 0x3e, 0x3c, 0x9f, 0xbe, 0xbc, 0xc2, 0xa9, 0xb7, 0x3d, 
    0xc9, 0x5b, 0xb3, 0x3c, 0xa0, 0x15, 0x30, 0xbe, 0xb2, 0xe3, 0xff, 0xff, 
    0x04, 0x00, 0x00, 0x00, 0xc0, 0x00, 0x00, 0x00, 0x15, 0xf4, 0x61, 0xbc, 
    0x14, 0x6d, 0xa5, 0x3d, 0x96, 0x23, 0x34, 0x3c, 0x76, 0x9c, 0xda, 0x3c, 
    0x0c, 0x2d, 0xf0, 0x3c, 0x11, 0xa1, 0x9c, 0x3c, 0xe7, 0xe0, 0x4b, 0x3d, 
    0x94, 0x02, 0x0e, 0xbd, 0x50, 0x59, 0x73, 0xbd, 0x80, 0x27, 0xb5, 0xbd, 
    0xc9, 0xae, 0x4f, 0xbe, 0x29, 0xf8, 0x27, 0x3d, 0xc1, 0xc9, 0xb3, 0xbd, 
    0xdf, 0x26, 0xb8, 0xbc, 0xf5, 0x27, 0xb3, 0xba, 0xc9, 0x9f, 0x83, 0x37, 
    0x52, 0x5d, 0x88, 0x3d, 0x7d, 0xeb, 0x12, 0x3d, 0x31, 0x36, 0xf8, 0xbd, 
    0x26, 0x80, 0xc5, 0x3d, 0x02, 0x9b, 0xc7, 0x3d, 0x81, 0x2d, 0xcb, 0x3d, 
    0xf1, 0xb8, 0x0c, 0xbd, 0xb9, 0xbc, 0xac, 0xbd, 0xd3, 0x46, 0xfd, 0x3c, 
    0x45, 0xa0, 0x8f, 0xbd, 0x6a, 0xa4, 0x37, 0x3e, 0x05, 0x42, 0x55, 0xbd, 
    0xa2, 0x41, 0xc3, 0xbd, 0xf8, 0xca, 0xa1, 0x3d, 0xcb, 0x2e, 0x7b, 0xbe, 
    0x48, 0x98, 0x8f, 0xbd, 0x5b, 0xb0, 0x91, 0xbd, 0x23, 0x90, 0x86, 0xbc, 
    0x37, 0x82, 0x57, 0xbc, 0x6f, 0x8b, 0x91, 0xbd, 0x3c, 0x9b, 0xdd, 0xbd, 
    0xea, 0x84, 0x8c, 0xbc, 0x99, 0xc6, 0x3f, 0xbd, 0x66, 0x61, 0xb0, 0x3c, 
    0x76, 0x6e, 0xa4, 0xbe, 0x27, 0x8c, 0x9b, 0xbe, 0x74, 0xd0, 0xa8, 0xbc, 
    0xd1, 0x71, 0xb1, 0x3d, 0xbd, 0xc5, 0xf2, 0x3c, 0x82, 0x59, 0x5b, 0xbe, 
    0x57, 0xd2, 0xd7, 0xbc, 0xe9, 0x20, 0x2f, 0xbe, 0x7e, 0xe4, 0xff, 0xff, 
    0x04, 0x00, 0x00, 0x00, 0x00, 0x01, 0x00, 0x00, 0xeb, 0xe8, 0x00, 0xbd, 
    0x22, 0xfe, 0xd4, 0x3d, 0x56, 0xd8, 0x0d, 0x3e, 0x99, 0xcd, 0x3f, 0xbc, 
    0x7f, 0xf6, 0xaf, 0xbd, 0x3b, 0x09, 0x47, 0x3d, 0x2d, 0xb2, 0x02, 0xbd, 
    0x88, 0x5f, 0x72, 0x3d, 0x0f, 0xed, 0xd4, 0x3c, 0x7e, 0x76, 0x83, 0xbd, 
    0x7b, 0x4d, 0xb9, 0x3d, 0x35, 0xf7, 0x09, 0x3e, 0xd9, 0x0b, 0xd2, 0x3d, 
    0xd3, 0x88, 0x36, 0x3d, 0xdf, 0x13, 0xf6, 0x3d, 0x34, 0x81, 0xee, 0xbc, 
    0xf3, 0xde, 0x93, 0xbc, 0x16, 0xd8, 0xb0, 0x3d, 0x21, 0x7c, 0x0d, 0xbd, 
    0x81, 0x5b, 0xc8, 0x3d, 0xa8, 0x00, 0xb7, 0x3d, 0xbc, 0xee, 0x5a, 0x3d, 
    0xba, 0x59, 0xb7, 0x3c, 0x1e, 0x71, 0xb6, 0xbc, 0xd1, 0x39, 0x0b, 0xbc, 
    0x32, 0xcb, 0xbd, 0x3c, 0xc7, 0x6e, 0xf2, 0x3d, 0xca, 0x69, 0xb4, 0xbc, 
    0x42, 0x7d, 0xcb, 0x3d, 0x92, 0xef, 0x18, 0x3e, 0xf2, 0x0a, 0xda, 0x3d, 
    0x10, 0x65, 0xc7, 0x3d, 0xb2, 0x7d, 0x78, 0x3d, 0xa8, 0x53, 0x1e, 0xbd, 
    0x3d, 0xb7, 0x86, 0x3d, 0xeb, 0xc5, 0x59, 0xbd, 0xce, 0xd5, 0x17, 0x3e, 
    0x48, 0x73, 0x84, 0x3e, 0xb0, 0xb3, 0xe3, 0xbc, 0x26, 0xd0, 0x12, 0x3c, 
    0xfa, 0x47, 0x63, 0xbd, 0x00, 0x59, 0xa8, 0xbd, 0x88, 0x05, 0x71, 0x3c, 
    0x6e, 0x58, 0x32, 0xbb, 0xc8, 0xc5, 0xb5, 0x3d, 0xda, 0x1c, 0xcb, 0x3d, 
    0xc1, 0xa3, 0xd2, 0xbd, 0x0e, 0x5a, 0x55, 0xbc, 0x6f, 0xa4, 0xea, 0x3d, 
    0xad, 0x57, 0xef, 0x3c, 0xc4, 0xb2, 0x37, 0xbc, 0x7e, 0x17, 0x9b, 0x3d, 
    0x20, 0x8d, 0x88, 0xbc, 0xe6, 0x6e, 0x42, 0x3e, 0x9a, 0xa3, 0x06, 0x3e, 
    0x7d, 0x75, 0xdc, 0xbd, 0x44, 0x54, 0xa3, 0x3e, 0x20, 0xca, 0xdd, 0x3d, 
    0xfb, 0x39, 0x11, 0x3e, 0xd0, 0x2b, 0xea, 0x3d, 0x91, 0x10, 0xbb, 0x3c, 
    0x09, 0xb9, 0xe6, 0xbb, 0x8e, 0x7d, 0x84, 0x3d, 0x7d, 0x2b, 0xd3, 0x3d, 
    0x8a, 0xe5, 0xff, 0xff, 0x04, 0x00, 0x00, 0x00, 0x80, 0x04, 0x00, 0x00, 
    0x08, 0x8f, 0xcb, 0xbc, 0x2f, 0x71, 0xb2, 0x3c, 0xda, 0x9e, 0xac, 0x3b, 
    0xcc, 0x73, 0x1d, 0xbe, 0xff, 0xec, 0x17, 0x3e, 0x6f, 0xa5, 0x23, 0x3e, 
    0x8f, 0x82, 0xa0, 0x3d, 0x6f, 0x81, 0x02, 0x3e, 0x93, 0xed, 0xd9, 0x3c, 
    0x09, 0xc2, 0x38, 0xbe, 0x29, 0x81, 0x8d, 0x3c, 0xbd, 0x32, 0xec, 0xbd, 
    0x6a, 0xef, 0xf4, 0x3d, 0xcb, 0x34, 0x92, 0x3e, 0x43, 0x37, 0x85, 0xbd, 
    0x9c, 0xf1, 0x99, 0xbd, 0xa8, 0xca, 0xa7, 0xbc, 0x02, 0x48, 0x7b, 0xbd, 
    0xdc, 0xdc, 0x0d, 0xbe, 0xe1, 0xb9, 0x46, 0xbe, 0xd0, 0x25, 0x63, 0x3d, 
    0xf8, 0x5d, 0x78, 0xbd, 0x85, 0x28, 0xa5, 0x3d, 0xb2, 0xf5, 0xa4, 0xbd, 
    0xc0, 0x83, 0x94, 0xbd, 0xe4, 0x7b, 0xd2, 0xbc, 0x8f, 0x41, 0xa5, 0x3d, 
    0xef, 0xcf, 0x9e, 0xbd, 0x38, 0xeb, 0x1e, 0x3e, 0x0f, 0xd9, 0x8e, 0xbd, 
    0xc7, 0xa2, 0x2b, 0x3d, 0x2b, 0x16, 0x5f, 0x3d, 0x96, 0xa2, 0xc1, 0xbd, 
    0x7e, 0x6d, 0x32, 0xbe, 0xbf, 0xb5, 0xbc, 0xbd, 0x31, 0x9f, 0xa5, 0xbd, 
    0x50, 0x3e, 0xe9, 0xbd, 0x47, 0xef, 0xb2, 0x3c, 0x05, 0xe2, 0xb2, 0xbd, 
    0x03, 0x62, 0x02, 0xbe, 0xa7, 0x2f, 0xb6, 0x3d, 0x36, 0x71, 0xc7, 0xbd, 
    0x8a, 0x14, 0x90, 0xbd, 0xfe, 0x01, 0x1c, 0x3e, 0xe8, 0x2c, 0xcb, 0x3d, 
    0x70, 0x1d, 0xbd, 0x3d, 0xe5, 0xf1, 0x36, 0xbe, 0xf1, 0x5b, 0x49, 0xbd, 
    0x9e, 0x0b, 0xeb, 0x3d, 0x98, 0x82, 0x03, 0x3e, 0x82, 0x3f, 0xc2, 0xbd, 
    0x76, 0xcd, 0xb8, 0x3d, 0x48, 0xe4, 0x5c, 0x3e, 0x82, 0x92, 0x97, 0x3d, 
    0xa3, 0xa2, 0xc1, 0x3d, 0x01, 0x6c, 0xb5, 0x3b, 0x22, 0x19, 0xff, 0x3a, 
    0xd1, 0xdb, 0x96, 0xbc, 0x36, 0x20, 0x97, 0x3d, 0x06, 0xba, 0xab, 0xbd, 
    0xc2, 0x74, 0x10, 0xbe, 0xeb, 0xc6, 0x03, 0xbc, 0x59, 0x76, 0xef, 0x3d, 
    0xfc, 0xf8, 0x25, 0x3e, 0xf5, 0x4e, 0x4d, 0xbc, 0x83, 0x66, 0xc9, 0xbd, 
    0x1d, 0xed, 0x72, 0xbe, 0x92, 0xfb, 0xc0, 0xbd, 0x6c, 0x0d, 0x9b, 0x3d, 
    0x0d, 0x8d, 0x07, 0x3e, 0x7f, 0x15, 0xfe, 0x3d, 0x01, 0xbb, 0xd6, 0xbd, 
    0x64, 0xc2, 0x1c, 0x3e, 0xe7, 0x93, 0x23, 0xbe, 0x42, 0xca, 0xfc, 0x3c, 
    0x52, 0xb5, 0xb6, 0x3c, 0xf8, 0xee, 0x58, 0xbd, 0xf7, 0xb2, 0x8f, 0x3d, 
    0x66, 0xac, 0x26, 0xbc, 0x0c, 0x3b, 0xcd, 0xbd, 0xa9, 0x5c, 0x1a, 0x3d, 
    0xdc, 0x04, 0xbd, 0xbd, 0x32, 0x49, 0x1d, 0xbd, 0xfc, 0x88, 0xd3, 0x3c, 
    0x5a, 0x63, 0xd1, 0x3d, 0x5d, 0x68, 0x37, 0xbe, 0xc7, 0x85, 0x2f, 0xbd, 
    0x25, 0x0f, 0x3e, 0xbd, 0x33, 0x7e, 0x0c, 0xbe, 0x9b, 0x4d, 0x12, 0xbe, 
    0x3a, 0x9e, 0xcd, 0xbd, 0x0f, 0xfb, 0xae, 0xbc, 0x98, 0x02, 0x2f, 0xbd, 
    0x66, 0x9b, 0x24, 0x3e, 0x2e, 0x58, 0x14, 0x3d, 0x7c, 0xf7, 0xc4, 0xbc, 
    0xfe, 0x93, 0x1e, 0xbe, 0x19, 0x39, 0x1e, 0x3d, 0xcb, 0x45, 0x26, 0x3d, 
    0x62, 0x5f, 0xfd, 0xbd, 0xef, 0x2e, 0x2b, 0x3c, 0xbb, 0x10, 0x93, 0x3d, 
    0xf8, 0x73, 0xaa, 0xbd, 0x6c, 0xd3, 0x40, 0x3e, 0x1f, 0xe0, 0xb0, 0x3c, 
    0xf8, 0xd4, 0x99, 0xbb, 0xbb, 0x22, 0x3b, 0x3d, 0xda, 0x7b, 0xc7, 0x3d, 
    0x4f, 0x66, 0x33, 0x3e, 0x82, 0x60, 0x07, 0x3e, 0xd4, 0xf3, 0xe6, 0x3d, 
    0x3d, 0x9c, 0x3e, 0x3d, 0x8a, 0x40, 0xcf, 0xbc, 0xa8, 0xf7, 0x40, 0xbe, 
    0x52, 0x6e, 0x5c, 0xbd, 0xce, 0x12, 0xf4, 0xbc, 0xfa, 0x65, 0x18, 0xbe, 
    0xab, 0xba, 0xac, 0x3b, 0xed, 0x7f, 0x46, 0x3d, 0x4d, 0xd4, 0x12, 0xbe, 
    0xde, 0xca, 0x6e, 0xba, 0x62, 0x46, 0x04, 0xbe, 0xee, 0x03, 0x2c, 0x3d, 
    0x36, 0x67, 0x78, 0xbe, 0x56, 0x9b, 0xc0, 0x3c, 0xb9, 0x41, 0x28, 0x3d, 
    0x29, 0xef, 0x86, 0xbb, 0xd1, 0x5c, 0x56, 0xbc, 0xf0, 0x15, 0x10, 0xbe, 
    0xd5, 0x19, 0xe0, 0xbd, 0xb4, 0xdd, 0x8a, 0xbd, 0xde, 0xc0, 0x0c, 0x3d, 
    0x8b, 0xba, 0x1a, 0xbe, 0x26, 0x2f, 0x0d, 0xbc, 0x89, 0x74, 0xcd, 0xbd, 
    0x9c, 0x11, 0xcb, 0x3d, 0x20, 0x4d, 0x7b, 0x3d, 0x9d, 0xc1, 0xa5, 0x3d, 
    0x0d, 0x55, 0xb4, 0xbd, 0x4d, 0x7b, 0xec, 0x3c, 0x47, 0x78, 0x06, 0x3d, 
    0x17, 0xdb, 0xdd, 0x3d, 0xf4, 0xca, 0xfd, 0x3d, 0x92, 0x31, 0x03, 0xbe, 
    0xb9, 0xd0, 0x16, 0x3e, 0x49, 0x10, 0xc0, 0xbd, 0xb8, 0x73, 0x92, 0xbd, 
    0xc9, 0x6c, 0x59, 0x3e, 0xb3, 0x8f, 0x88, 0xbd, 0xd6, 0x85, 0x09, 0x3e, 
    0x87, 0x39, 0xfd, 0x3c, 0xe4, 0xf2, 0x54, 0x3d, 0x12, 0xbc, 0x1e, 0xbd, 
    0xc2, 0xbb, 0x0f, 0xbc, 0x19, 0x51, 0x00, 0x3e, 0x9a, 0x7f, 0x24, 0xbe, 
    0x8e, 0xca, 0xac, 0xbd, 0x08, 0xab, 0x0a, 0xbb, 0x90, 0x05, 0x76, 0x3d, 
    0x34, 0x98, 0x0a, 0x3e, 0x6d, 0x98, 0xc7, 0xbd, 0xa0, 0xdd, 0xc7, 0xbc, 
    0x75, 0x7f, 0x12, 0xbe, 0xbb, 0xee, 0x5a, 0x3b, 0xde, 0x1c, 0xac, 0x3d, 
    0xa1, 0xf3, 0x0b, 0x3e, 0x9e, 0xef, 0x13, 0x3e, 0xc9, 0x26, 0xe8, 0xbd, 
    0x59, 0x78, 0x74, 0x3e, 0x92, 0x50, 0xb4, 0x3d, 0xe3, 0x41, 0xcd, 0x3d, 
    0x23, 0xe0, 0x25, 0x3e, 0xfd, 0xf4, 0x97, 0x3c, 0xb1, 0x7f, 0x91, 0x3d, 
    0xc0, 0x9b, 0x49, 0x3e, 0x8f, 0xcf, 0xba, 0xbd, 0xef, 0x41, 0x94, 0xbd, 
    0x2c, 0x6b, 0x77, 0xbd, 0x8a, 0x3a, 0xa2, 0x3d, 0xfb, 0x62, 0xfe, 0x3c, 
    0x12, 0x49, 0xff, 0x3d, 0xe1, 0x57, 0xe7, 0xbd, 0x7f, 0x1b, 0xdb, 0xbd, 
    0x2a, 0x26, 0x3e, 0xbd, 0x33, 0xcd, 0xaf, 0xbd, 0x59, 0xc6, 0x14, 0xbe, 
    0x3d, 0x2c, 0xaa, 0xbc, 0xbc, 0x17, 0x82, 0xbd, 0xa0, 0xd7, 0xdd, 0x3d, 
    0x45, 0x88, 0x54, 0x3e, 0xc6, 0xcd, 0x62, 0xbd, 0x11, 0x90, 0xc4, 0x3d, 
    0x52, 0xac, 0x95, 0xbd, 0xce, 0x17, 0x2f, 0x3b, 0xed, 0x89, 0x37, 0xbd, 
    0x23, 0x14, 0xb5, 0xbd, 0x20, 0xa1, 0xc1, 0x3d, 0xd3, 0x3c, 0xa9, 0x3d, 
    0x93, 0x59, 0xd3, 0x3c, 0x3a, 0x41, 0x0e, 0x3c, 0xfa, 0x38, 0x26, 0xbd, 
    0x59, 0xd7, 0x1a, 0xbe, 0xa0, 0x1f, 0xcd, 0x3d, 0x96, 0x29, 0x86, 0x3c, 
    0xc9, 0xfe, 0x14, 0x3e, 0x12, 0x69, 0xc9, 0x3d, 0x02, 0x06, 0xa8, 0x3d, 
    0xa7, 0x30, 0x06, 0x3c, 0x82, 0x75, 0x54, 0x3d, 0xac, 0xe7, 0x40, 0xbe, 
    0x49, 0x39, 0x24, 0xbe, 0x99, 0xea, 0x0b, 0xbe, 0x4c, 0x85, 0xd0, 0xbd, 
    0x67, 0x73, 0xff, 0x3d, 0x77, 0x4e, 0x03, 0xbd, 0xa8, 0xa8, 0xe7, 0xbd, 
    0x41, 0x17, 0x9f, 0xbd, 0xea, 0x7a, 0x33, 0xbe, 0x86, 0xbf, 0xa6, 0x3d, 
    0xc4, 0xfb, 0xa3, 0xbd, 0x4a, 0x37, 0x80, 0x3d, 0xaf, 0x4f, 0x5c, 0xbd, 
    0x7f, 0xae, 0x48, 0x3d, 0x7b, 0xbb, 0x56, 0x3d, 0x84, 0x28, 0x92, 0xbd, 
    0x7f, 0xcd, 0x0f, 0xbe, 0xe6, 0x08, 0x74, 0x3c, 0xab, 0x3d, 0xfe, 0xbc, 
    0xcd, 0x67, 0x08, 0xbe, 0x58, 0x7a, 0x87, 0x3d, 0xd5, 0xd9, 0xcf, 0x3c, 
    0x93, 0x72, 0x16, 0xbd, 0x28, 0xd6, 0xfe, 0x3b, 0xd5, 0x80, 0xcc, 0xbd, 
    0x57, 0x8c, 0x4c, 0x3d, 0x6e, 0x9a, 0x19, 0x3e, 0x31, 0xfb, 0x83, 0x3d, 
    0x8f, 0x1b, 0x83, 0x3d, 0xe2, 0x6c, 0x8b, 0xbd, 0x2e, 0xe5, 0x52, 0xbd, 
    0xc7, 0xf2, 0x16, 0x3e, 0xcb, 0xd4, 0xed, 0x3d, 0x85, 0x21, 0x87, 0xbd, 
    0x51, 0xca, 0x90, 0x3d, 0x6c, 0x7f, 0x5d, 0x3c, 0x53, 0x7e, 0xa8, 0xbc, 
    0xab, 0x7e, 0x2c, 0x3e, 0x74, 0x3b, 0x9d, 0x3c, 0xa8, 0x82, 0x3c, 0xbc, 
    0x8d, 0xce, 0xf0, 0x3b, 0x47, 0xf4, 0xcb, 0x3d, 0xcd, 0x80, 0xd2, 0xbd, 
    0x21, 0xa1, 0x70, 0xbe, 0xf3, 0xcf, 0xf2, 0x3b, 0xcf, 0x69, 0x0c, 0x3e, 
    0xf5, 0x7d, 0x23, 0x3e, 0x32, 0xa1, 0x25, 0xbd, 0xa3, 0x97, 0xa7, 0xbc, 
    0x89, 0x8b, 0xa4, 0xbd, 0xeb, 0xfc, 0xcf, 0xbc, 0x2f, 0x14, 0xff, 0x3d, 
    0x74, 0xa7, 0x93, 0x3d, 0x97, 0xd9, 0x32, 0x3e, 0x43, 0x43, 0x3d, 0xbd, 
    0xb4, 0xad, 0x30, 0x3e, 0xc1, 0x3e, 0xb6, 0xbd, 0x21, 0x53, 0x27, 0x3e, 
    0xe6, 0xd0, 0x80, 0x3d, 0x89, 0x39, 0x9c, 0xbd, 0xa9, 0xcb, 0xd8, 0xbc, 
    0x56, 0x23, 0xea, 0x3d, 0x18, 0x0c, 0xa2, 0xbb, 0x8d, 0xf6, 0xb7, 0x3d, 
    0xc5, 0x08, 0x13, 0x3c, 0xed, 0x67, 0x0f, 0x3e, 0x6e, 0x27, 0x03, 0xbe, 
    0xdc, 0x74, 0x99, 0x3d, 0x4b, 0x7e, 0x2d, 0xbe, 0xdf, 0x74, 0x22, 0x3c, 
    0x70, 0x04, 0x5d, 0xbd, 0xab, 0x08, 0xdc, 0xbd, 0xd0, 0x0f, 0x0e, 0xbe, 
    0x94, 0x0d, 0x42, 0xbd, 0xf7, 0x84, 0xd0, 0x3c, 0x14, 0x56, 0xff, 0x3d, 
    0x1d, 0xdf, 0x65, 0x3e, 0xe2, 0x12, 0xec, 0xba, 0xaf, 0x69, 0x55, 0xbd, 
    0x16, 0xea, 0xff, 0xff, 0x04, 0x00, 0x00, 0x00, 0x00, 0x08, 0x00, 0x00, 
    0x19, 0x72, 0x80, 0xbc, 0x68, 0xc0, 0xca, 0xbe, 0xb3, 0x1c, 0x5e, 0x3e, 
    0x56, 0x7a, 0x0c, 0x3e, 0x04, 0x6d, 0x8f, 0xbd, 0x1d, 0xb8, 0x44, 0xbe, 
    0xfd, 0x1a, 0x45, 0xbe, 0x23, 0x10, 0x2d, 0xbe, 0x11, 0x63, 0xa0, 0x3e, 
    0xeb, 0xae, 0x95, 0x3e, 0xc0, 0xae, 0x18, 0x3e, 0x78, 0x5b, 0x87, 0xbd, 
    0xc7, 0x4c, 0xbb, 0x3e, 0xec, 0x85, 0xa6, 0x3e, 0x92, 0x69, 0xe0, 0xbd, 
    0xb0, 0x8e, 0xb0, 0xbc, 0xb8, 0x0c, 0x63, 0xbe, 0x4c, 0x39, 0x87, 0xbe, 
    0xf6, 0x09, 0x01, 0x3d, 0xf0, 0x12, 0x82, 0x3e, 0x12, 0x4b, 0xd0, 0x3d, 
    0x21, 0x7f, 0x39, 0x3e, 0x44, 0x65, 0xcb, 0xbd, 0x2b, 0xa9, 0x60, 0xbe, 
    0x42, 0x98, 0x28, 0xbe, 0x83, 0x7f, 0x61, 0x3e, 0x57, 0xa4, 0x7a, 0xbe, 
    0xa9, 0xd9, 0xb2, 0xbd, 0x8b, 0x55, 0xb5, 0xbe, 0x1e, 0xd0, 0x79, 0xbe, 
    0x4e, 0x02, 0xd4, 0x3d, 0x0e, 0xf1, 0x85, 0x3e, 0xf5, 0xf9, 0x4b, 0xbe, 
    0x7f, 0x6d, 0x28, 0xbd, 0x5e, 0xd0, 0x7c, 0xbe, 0x25, 0xb3, 0x54, 0xbe, 
    0x43, 0xe9, 0xe9, 0xbd, 0xf4, 0x7d, 0x97, 0x3e, 0xb5, 0x5b, 0x8a, 0xbe, 
    0x78, 0xd5, 0x30, 0x3e, 0x04, 0x77, 0x40, 0xbe, 0x8a, 0xd2, 0x99, 0x3c, 
    0x3d, 0xc5, 0xe4, 0xbc, 0x49, 0x6f, 0xa2, 0xbe, 0x95, 0x4b, 0x54, 0xbd, 
    0xf8, 0x53, 0x23, 0x3e, 0x67, 0x65, 0x02, 0x3f, 0x94, 0x11, 0x28, 0xbe, 
    0x69, 0x0c, 0x70, 0xbe, 0x35, 0x2f, 0xaf, 0x3e, 0x7d, 0xfa, 0x42, 0x3e, 
    0xc1, 0x94, 0x30, 0xbe, 0x13, 0xea, 0x66, 0x3e, 0x93, 0xa5, 0x7e, 0x3c, 
    0x15, 0x8e, 0x9a, 0xbd, 0xf0, 0x4f, 0x88, 0xbc, 0x18, 0xe6, 0x16, 0xbe, 
    0x58, 0xfd, 0x93, 0x3e, 0x92, 0x15, 0xa6, 0x3e, 0x9e, 0xc6, 0x92, 0x3d, 
    0xd0, 0x5a, 0xad, 0x3d, 0xb1, 0xe4, 0x95, 0x3c, 0x33, 0xac, 0xab, 0x3c, 
    0x3b, 0x15, 0x41, 0x3e, 0x34, 0xa3, 0xa7, 0xbc, 0xa9, 0xf0, 0xe9, 0xbc, 
    0x20, 0x8b, 0xab, 0xbd, 0x45, 0x31, 0x0a, 0xbe, 0x29, 0x4f, 0x17, 0xbf, 
    0x70, 0xe9, 0xa0, 0x3e, 0x84, 0xa2, 0x1d, 0xbe, 0x0b, 0x0c, 0x87, 0xbd, 
    0x39, 0xff, 0xa0, 0x3e, 0x34, 0x77, 0x04, 0x3d, 0xe6, 0x9d, 0x25, 0x3e, 
    0x41, 0x3f, 0xc6, 0xbd, 0x5c, 0xd8, 0x81, 0x3e, 0x59, 0xcb, 0x41, 0xbe, 
    0x16, 0x92, 0x67, 0x3e, 0xfa, 0x52, 0x09, 0x3f, 0xeb, 0x19, 0xea, 0xbd, 
    0xa0, 0x19, 0x84, 0x3e, 0x28, 0x5d, 0xad, 0xbd, 0x17, 0xf0, 0x0b, 0xbe, 
    0x99, 0x1b, 0x8b, 0xbe, 0x6f, 0xea, 0x77, 0x3e, 0x92, 0x72, 0x24, 0x3e, 
    0x48, 0x8e, 0xa2, 0xbe, 0xda, 0x4d, 0x6a, 0xbe, 0xdb, 0xaa, 0x27, 0x3e, 
    0x1a, 0x51, 0x8f, 0x3e, 0x02, 0xf7, 0x4b, 0xbe, 0xf9, 0x4f, 0x4a, 0x3e, 
    0xf6, 0x9a, 0x14, 0xbe, 0xd5, 0x93, 0xdf, 0xbd, 0xcf, 0x92, 0x84, 0xbe, 
    0x41, 0x75, 0x56, 0xbe, 0xc7, 0xf0, 0x4d, 0xbd, 0x54, 0x58, 0x96, 0xbe, 
    0xf5, 0x2c, 0x9f, 0xbd, 0x08, 0x29, 0x2f, 0x3d, 0xa6, 0x0c, 0x44, 0x3e, 
    0x9b, 0x3a, 0x2f, 0x3e, 0xe9, 0x0a, 0x15, 0x3e, 0x27, 0xca, 0xdb, 0x3e, 
    0xf1, 0xc7, 0x7f, 0xbe, 0xc4, 0x09, 0x5a, 0xbe, 0x06, 0xe6, 0x8e, 0xbe, 
    0x09, 0x26, 0x9b, 0x3d, 0xad, 0xfc, 0x82, 0xbd, 0x75, 0xcf, 0x14, 0xbe, 
    0xb0, 0x9b, 0x59, 0x3e, 0x76, 0x03, 0x97, 0xbe, 0xb9, 0xd7, 0x25, 0x3d, 
    0xcc, 0x8c, 0xe5, 0xbd, 0xc6, 0x24, 0x53, 0xbe, 0x68, 0xf5, 0xe6, 0x3d, 
    0x96, 0xe6, 0x9f, 0xbe, 0x12, 0xa0, 0x48, 0x3e, 0xb9, 0x0a, 0x93, 0xbe, 
    0xde, 0xdc, 0x90, 0xbd, 0x1d, 0x1b, 0x79, 0x3e, 0x25, 0x3f, 0xb5, 0xbd, 
    0x93, 0xf1, 0x00, 0xbf, 0xf3, 0x5e, 0x5c, 0xbe, 0x22, 0x1c, 0x6b, 0x3e, 
    0x57, 0xae, 0x47, 0xbe, 0x64, 0x79, 0x80, 0xbe, 0x4b, 0xa2, 0x2e, 0x3d, 
    0x38, 0xeb, 0xd3, 0xbe, 0x00, 0x18, 0x95, 0xbe, 0x45, 0x0e, 0x0e, 0x3e, 
    0x31, 0x62, 0xbf, 0x3c, 0x6f, 0x91, 0x1b, 0xbe, 0xe8, 0xbc, 0x31, 0x3c, 
    0x28, 0x6a, 0xdd, 0xbd, 0xd5, 0x6f, 0xc5, 0x3d, 0x04, 0x97, 0x64, 0x3d, 
    0x39, 0xf7, 0xd1, 0xbd, 0x2d, 0x49, 0x11, 0x3b, 0x7c, 0xaf, 0xed, 0xbe, 
    0x4a, 0x05, 0xd5, 0xbd, 0xdd, 0xf1, 0xb1, 0x3e, 0x5d, 0xe5, 0x99, 0x3d, 
    0xed, 0xc4, 0x09, 0x3e, 0xeb, 0x57, 0xef, 0xbd, 0x22, 0xdd, 0x52, 0x3e, 
    0x89, 0xc8, 0x83, 0x3e, 0x8c, 0xbc, 0x56, 0x3e, 0x23, 0xfb, 0xa3, 0xbd, 
    0x47, 0x2a, 0xd6, 0x3e, 0x86, 0xa8, 0x51, 0xbe, 0xab, 0xd4, 0x7d, 0x3e, 
    0xa1, 0x67, 0x10, 0x3d, 0x53, 0xe9, 0x62, 0xbe, 0x3a, 0x4f, 0x87, 0xbe, 
    0x92, 0x52, 0x35, 0xbb, 0x1c, 0x99, 0x86, 0xbd, 0x24, 0x92, 0xb4, 0x3e, 
    0x17, 0x8d, 0x5f, 0x3c, 0xa1, 0x10, 0x22, 0xbe, 0x5d, 0xe9, 0x8b, 0xbe, 
    0xad, 0x43, 0xc9, 0x3e, 0xc9, 0xa8, 0x6e, 0xbd, 0xa0, 0x3e, 0x87, 0xbe, 
    0x32, 0xa0, 0x96, 0xbd, 0x7f, 0x7d, 0xbe, 0x3e, 0x28, 0x43, 0x80, 0x3e, 
    0x87, 0xc6, 0x7e, 0xbe, 0x23, 0x2f, 0x87, 0x3e, 0xa4, 0x03, 0x09, 0xbe, 
    0x31, 0x35, 0x28, 0xbe, 0x30, 0x29, 0xe7, 0x3d, 0xf3, 0xd9, 0x6a, 0xbd, 
    0x1f, 0xe8, 0xae, 0xbe, 0x93, 0x33, 0x30, 0xbe, 0x8c, 0xe7, 0xb0, 0xbe, 
    0xc6, 0x21, 0x1a, 0xbe, 0x90, 0x5f, 0x05, 0xbe, 0xc7, 0x17, 0x70, 0xbe, 
    0x28, 0xec, 0xb6, 0xbe, 0xba, 0x28, 0x26, 0x3e, 0x76, 0xdf, 0x93, 0x3e, 
    0xf4, 0x8b, 0x2e, 0x3d, 0x96, 0x96, 0x5c, 0xbe, 0x36, 0x73, 0xbf, 0xbd, 
    0xae, 0x74, 0xa8, 0xbe, 0xef, 0x60, 0x2e, 0x3e, 0xb4, 0x18, 0x14, 0xbe, 
    0x91, 0xde, 0xa0, 0xbd, 0x25, 0xf2, 0x23, 0x3e, 0xc7, 0x7d, 0x27, 0xbd, 
    0x00, 0x87, 0x50, 0x3e, 0xde, 0xfe, 0xb5, 0xbe, 0xac, 0x76, 0x60, 0x3d, 
    0x8e, 0xd9, 0x25, 0x3d, 0x25, 0x26, 0x18, 0x3d, 0x1a, 0x0e, 0x92, 0x3e, 
    0x34, 0x23, 0x3e, 0x3e, 0x55, 0xcd, 0x85, 0x3d, 0xb0, 0xca, 0x56, 0xbe, 
    0x21, 0x80, 0x5b, 0xbd, 0x95, 0x40, 0xa5, 0xbd, 0xed, 0xd2, 0xba, 0x3c, 
    0x1d, 0xeb, 0x93, 0xbe, 0x15, 0x52, 0x62, 0xbe, 0x08, 0x0e, 0x86, 0xbe, 
    0xba, 0x25, 0x9f, 0x3d, 0x49, 0x4f, 0x37, 0x3e, 0x8b, 0xe8, 0x9a, 0xbe, 
    0x70, 0xe6, 0x93, 0xbd, 0xf0, 0x3a, 0x91, 0xbe, 0xdb, 0x83, 0xea, 0xbd, 
    0x53, 0x0a, 0x2a, 0x3e, 0xca, 0xa5, 0x31, 0x3e, 0xb5, 0x7d, 0x7c, 0x3e, 
    0x30, 0xa8, 0x63, 0xbd, 0x3b, 0x64, 0x3b, 0xbe, 0xfd, 0xf4, 0x56, 0x3e, 
    0x09, 0xf0, 0x73, 0xbe, 0xc4, 0x62, 0xcc, 0xbe, 0x76, 0xe9, 0x22, 0xbd, 
    0x1e, 0xc1, 0x87, 0xbe, 0x9b, 0x16, 0x98, 0x3e, 0xf7, 0x6c, 0x16, 0x3e, 
    0xa7, 0xa7, 0x83, 0xbe, 0x43, 0x8d, 0x0e, 0x3e, 0xe9, 0x10, 0xaa, 0x3d, 
    0x09, 0xd5, 0xf5, 0x3d, 0x5c, 0x57, 0x41, 0x3e, 0xbd, 0x58, 0x87, 0xbe, 
    0x91, 0xc0, 0xc4, 0x3e, 0xcb, 0x65, 0x65, 0xbe, 0x57, 0x80, 0x00, 0xbd, 
    0x25, 0xbc, 0x01, 0xbe, 0x82, 0x64, 0x40, 0xbd, 0x6e, 0x64, 0x62, 0x3e, 
    0x4b, 0xc1, 0x80, 0x3d, 0x18, 0x4c, 0xad, 0xbe, 0x46, 0xf2, 0x82, 0x3e, 
    0x16, 0x9e, 0x87, 0x3d, 0xb4, 0x84, 0x18, 0x3e, 0x19, 0xaa, 0xab, 0xbe, 
    0x51, 0x11, 0x6c, 0xbe, 0x5f, 0xfd, 0xbd, 0xbe, 0x97, 0x1f, 0x96, 0x3e, 
    0xce, 0x94, 0x0d, 0x3e, 0xc4, 0x04, 0xa2, 0x3e, 0xe6, 0x28, 0x82, 0xbe, 
    0xad, 0x47, 0x85, 0x3e, 0xfd, 0x7e, 0x9c, 0xbe, 0x92, 0x08, 0x02, 0xbe, 
    0x29, 0x90, 0x38, 0xbe, 0x18, 0xcf, 0xce, 0xbe, 0x3d, 0x00, 0x3f, 0xbe, 
    0x09, 0x9b, 0x95, 0x3d, 0x9b, 0xc2, 0x9c, 0x3e, 0x37, 0x1d, 0x81, 0xbe, 
    0x54, 0x36, 0x39, 0xbc, 0x2c, 0xe0, 0x74, 0xbe, 0x7c, 0x4a, 0x1d, 0xbe, 
    0xa4, 0x82, 0xfd, 0x3d, 0xdb, 0x73, 0x9a, 0xbd, 0x8f, 0x8d, 0x11, 0x3e, 
    0x67, 0x0d, 0x48, 0x3d, 0x6f, 0x71, 0x53, 0xbe, 0x66, 0xa8, 0x8a, 0x3e, 
    0xf5, 0x75, 0xab, 0xbc, 0x86, 0x89, 0x9f, 0xbe, 0xd3, 0x5d, 0xb2, 0x3e, 
    0x43, 0x26, 0x8a, 0xbe, 0x4f, 0x7b, 0x5c, 0x3e, 0x0f, 0xd1, 0x25, 0x3e, 
    0x5b, 0x5b, 0x9c, 0x3e, 0xaf, 0xe8, 0xa2, 0xbe, 0x57, 0xb8, 0x11, 0xbe, 
    0x99, 0xca, 0x1a, 0xbe, 0x2f, 0xd6, 0x3b, 0x3e, 0xa5, 0x48, 0x31, 0x3d, 
    0x04, 0x4b, 0x05, 0xbf, 0x2d, 0xf3, 0x96, 0x3e, 0x36, 0xf2, 0xd7, 0x37, 
    0xff, 0x12, 0x0e, 0xbe, 0xe8, 0x27, 0xcb, 0xbe, 0xfa, 0x00, 0xbd, 0xbd, 
    0xf7, 0x1c, 0x9c, 0xbe, 0xac, 0x04, 0x8b, 0xbe, 0xc9, 0xf4, 0xab, 0xbd, 
    0xfd, 0x81, 0xbe, 0x3e, 0xda, 0x68, 0x82, 0xbc, 0x8e, 0x25, 0x6d, 0xbd, 
    0xa5, 0x1b, 0xbf, 0x3e, 0xcf, 0x9d, 0x02, 0xbc, 0xa5, 0xd0, 0xfd, 0xbd, 
    0xb0, 0x88, 0x88, 0xbe, 0xec, 0x2f, 0x11, 0x3e, 0xd3, 0x5b, 0x26, 0xbe, 
    0xff, 0x0b, 0xf5, 0xbc, 0xfb, 0x1e, 0x27, 0xbd, 0x2a, 0xe8, 0x85, 0xbe, 
    0xb3, 0xeb, 0x06, 0xbe, 0xc2, 0x7a, 0x33, 0xbe, 0x2d, 0x22, 0xf6, 0x3c, 
    0x58, 0xf2, 0xbc, 0xbd, 0xff, 0x1f, 0xaa, 0xbd, 0xf1, 0x9c, 0xaa, 0xbe, 
    0x20, 0xfb, 0xa2, 0x3e, 0x88, 0x29, 0xe8, 0xbd, 0x74, 0x92, 0x13, 0xbe, 
    0x2f, 0xf0, 0x70, 0xbe, 0xb9, 0xbb, 0xc1, 0x3b, 0x8c, 0xd9, 0x69, 0xbe, 
    0x5f, 0x55, 0xe9, 0x3d, 0x8c, 0x13, 0xda, 0xbc, 0xa7, 0xfa, 0xfa, 0xbd, 
    0xe7, 0x43, 0x69, 0x3d, 0x9c, 0x97, 0x10, 0x3c, 0xb3, 0x51, 0x1e, 0x3d, 
    0xd2, 0x04, 0xb1, 0x3e, 0xc7, 0x3c, 0x28, 0x3e, 0x43, 0xc6, 0x19, 0xbe, 
    0x73, 0x3f, 0xd3, 0x3d, 0x81, 0x00, 0x1c, 0x3e, 0xd4, 0x98, 0xb6, 0xbe, 
    0xbd, 0x76, 0x54, 0x3e, 0x02, 0x1a, 0x83, 0x3e, 0x7b, 0xc7, 0x31, 0x3e, 
    0x2f, 0x2c, 0x9e, 0x3d, 0x93, 0x85, 0x69, 0xbe, 0xbb, 0x85, 0x9f, 0xbd, 
    0x15, 0x53, 0xee, 0x3c, 0x0f, 0x8f, 0x92, 0xbd, 0x50, 0xb3, 0x24, 0xbe, 
    0xb8, 0x6d, 0xeb, 0xbd, 0x86, 0xce, 0xb5, 0xbd, 0x18, 0x01, 0x6d, 0x3e, 
    0x5d, 0xa5, 0x0a, 0xbe, 0x1f, 0xc5, 0x15, 0xbe, 0x0d, 0xee, 0xab, 0xbe, 
    0x20, 0x9b, 0x8e, 0x3e, 0xfb, 0x9a, 0x00, 0x3e, 0x64, 0x83, 0xaa, 0xbe, 
    0xb9, 0x4f, 0x2f, 0x3e, 0xeb, 0x2b, 0x04, 0xbe, 0xe4, 0xba, 0xc8, 0x3d, 
    0xd4, 0x74, 0xe8, 0xbe, 0x74, 0x88, 0xfa, 0x3e, 0xa3, 0xec, 0x97, 0x3e, 
    0x8a, 0x84, 0x33, 0x3b, 0x10, 0x6a, 0x07, 0xbe, 0xe6, 0x10, 0x59, 0xbe, 
    0x8b, 0x97, 0xf7, 0xbd, 0x87, 0x50, 0x74, 0x3d, 0xb8, 0x4c, 0x88, 0x3d, 
    0x25, 0x53, 0x37, 0x3e, 0x5e, 0xd8, 0xd4, 0xbc, 0x01, 0xba, 0x8e, 0x3d, 
    0x21, 0x5f, 0xfc, 0x3c, 0x0c, 0xe1, 0x5c, 0x3c, 0xe4, 0xcb, 0x8b, 0xbd, 
    0x03, 0x37, 0x74, 0x3e, 0x54, 0xbf, 0xba, 0xbd, 0xb1, 0x1b, 0x81, 0x3e, 
    0x55, 0xa9, 0xba, 0xbe, 0x74, 0xd8, 0x00, 0xbf, 0xd9, 0x62, 0x3c, 0x3e, 
    0x4c, 0xb7, 0xa9, 0x3e, 0x64, 0x08, 0xee, 0xbc, 0x0d, 0xcf, 0x97, 0xbe, 
    0xf2, 0xea, 0x95, 0xbd, 0xd3, 0x87, 0x66, 0xbd, 0xc4, 0x1d, 0xc2, 0xbd, 
    0x3c, 0xb8, 0x59, 0x3d, 0x44, 0x67, 0x26, 0xbc, 0x86, 0x90, 0xd8, 0x3c, 
    0x1f, 0xc3, 0xc6, 0x3d, 0xcc, 0x50, 0xb5, 0xbb, 0x5e, 0xc7, 0x13, 0xbe, 
    0x4e, 0x2d, 0x54, 0xbe, 0xc0, 0x6a, 0x9a, 0xbe, 0x31, 0xd9, 0xd3, 0xbe, 
    0xe3, 0x7e, 0x80, 0xbd, 0xaf, 0x14, 0xef, 0x3d, 0x01, 0x09, 0xf5, 0x3d, 
    0xe9, 0x65, 0x7f, 0xbd, 0x51, 0x75, 0xf9, 0xbd, 0x23, 0xa1, 0x8a, 0x3e, 
    0x31, 0x44, 0x68, 0x3e, 0xd6, 0x0d, 0x25, 0x3e, 0x27, 0x81, 0x19, 0x3e, 
    0xc7, 0xd2, 0x6d, 0x3e, 0xd4, 0x53, 0x3c, 0xbd, 0xf2, 0xed, 0xa5, 0x3e, 
    0x0a, 0xdd, 0x4a, 0xbe, 0x3c, 0xb4, 0x45, 0x3e, 0x89, 0x74, 0x80, 0x3e, 
    0x03, 0xfa, 0x4b, 0xbe, 0x50, 0x46, 0xf0, 0xbe, 0x83, 0x5c, 0xb0, 0x3b, 
    0xe4, 0xef, 0xce, 0xbe, 0xae, 0xa1, 0x74, 0xbe, 0xb7, 0x14, 0x28, 0x3e, 
    0x22, 0x40, 0x66, 0xbe, 0xc8, 0x10, 0x87, 0xbe, 0x12, 0xcc, 0xfe, 0xbd, 
    0x2f, 0xa1, 0xc7, 0xbe, 0xe6, 0xfb, 0x58, 0xbe, 0xc0, 0xb5, 0x49, 0x3e, 
    0xf2, 0x37, 0x73, 0xbe, 0x23, 0xfb, 0xb2, 0xbe, 0x94, 0x59, 0x6f, 0x3e, 
    0x91, 0x67, 0x14, 0x3e, 0x08, 0x4f, 0x9d, 0x3e, 0x1a, 0xf6, 0xa9, 0x3d, 
    0xc4, 0x0e, 0x03, 0x3d, 0x59, 0xa2, 0x54, 0xbe, 0x99, 0x56, 0x2c, 0x3e, 
    0x81, 0xf3, 0x94, 0xbe, 0x3c, 0x6a, 0x9b, 0x3e, 0xba, 0x72, 0xc0, 0x3d, 
    0x16, 0xdc, 0x10, 0xbe, 0xd4, 0xd6, 0x5c, 0x3e, 0x12, 0x89, 0xe6, 0xbd, 
    0x11, 0x9e, 0x16, 0xbb, 0xae, 0x41, 0xbc, 0x3e, 0x3a, 0xcb, 0xaf, 0xbe, 
    0x43, 0x67, 0x84, 0x3e, 0x23, 0xfb, 0x2a, 0x3e, 0x29, 0x99, 0xc8, 0x3d, 
    0x28, 0x30, 0x6f, 0xbe, 0xc8, 0xd6, 0x6e, 0xbe, 0x55, 0xe0, 0x90, 0x3e, 
    0xa3, 0xf7, 0xfc, 0x3d, 0xba, 0xf4, 0x20, 0x3e, 0x13, 0xeb, 0xa9, 0xbc, 
    0x95, 0x49, 0x85, 0xbe, 0xfd, 0x78, 0xde, 0xbc, 0x48, 0xea, 0xe7, 0xbc, 
    0x0a, 0xb7, 0x18, 0x3d, 0x2f, 0x31, 0x8f, 0x3c, 0xe8, 0xa2, 0x1e, 0x3b, 
    0x23, 0x89, 0x9e, 0xbd, 0x6c, 0x44, 0x9d, 0x3e, 0x35, 0x0e, 0x36, 0xbe, 
    0x1d, 0xe4, 0x0c, 0xbe, 0xdb, 0x09, 0x87, 0x3d, 0x70, 0xe4, 0xf6, 0x3a, 
    0x9a, 0x82, 0x80, 0xbe, 0xa7, 0x00, 0x44, 0xbd, 0xdd, 0x5d, 0x13, 0x3e, 
    0x90, 0x17, 0xf8, 0x3d, 0xff, 0x4d, 0x1b, 0x3e, 0x08, 0x17, 0x7b, 0xbd, 
    0x56, 0xf2, 0xd9, 0xbe, 0x45, 0x1a, 0xbb, 0x3e, 0xdc, 0x26, 0x04, 0x3e, 
    0x18, 0xaa, 0x80, 0xbd, 0x04, 0x16, 0x3d, 0xbe, 0xd9, 0xab, 0x21, 0x3e, 
    0x1f, 0xf2, 0x8c, 0x3e, 0xbe, 0xeb, 0xfd, 0x3d, 0xcf, 0xb3, 0x35, 0x3e, 
    0x8b, 0x73, 0xb1, 0x3e, 0x26, 0x89, 0x14, 0xbe, 0x78, 0x43, 0xd6, 0x3c, 
    0x48, 0x9a, 0x74, 0xbc, 0xa0, 0x4f, 0x82, 0x3c, 0xd0, 0x40, 0x72, 0xbe, 
    0x68, 0xd2, 0x71, 0xbe, 0x2e, 0xcc, 0xbd, 0xbe, 0xff, 0x01, 0x97, 0xbe, 
    0x99, 0xd7, 0xfc, 0xbd, 0x6d, 0x6b, 0x57, 0xbe, 0x2b, 0x82, 0x61, 0xbe, 
    0x51, 0x1c, 0x83, 0xbe, 0xdf, 0x88, 0xf0, 0xbc, 0xf1, 0xeb, 0x52, 0xbe, 
    0x5a, 0x33, 0xa0, 0x3d, 0xe3, 0xa5, 0xd2, 0x3d, 0xc6, 0x72, 0x2d, 0x3e, 
    0x85, 0x50, 0xc9, 0xbd, 0x9b, 0x1e, 0x72, 0xbc, 0x0b, 0x59, 0xb4, 0x3d, 
    0xd6, 0x77, 0x2a, 0x3e, 0xf5, 0x6e, 0xad, 0xbd, 0x5f, 0x72, 0x6c, 0xbd, 
    0x31, 0x48, 0xdb, 0xbe, 0x03, 0x33, 0xff, 0x3d, 0x61, 0x70, 0x34, 0x3d, 
    0xb1, 0x76, 0x29, 0xbe, 0x27, 0x09, 0x7f, 0x3e, 0x45, 0x77, 0x73, 0xbe, 
    0x06, 0xb7, 0x0b, 0x3e, 0xa5, 0x9c, 0x64, 0x3d, 0x66, 0x34, 0xc7, 0x3d, 
    0x54, 0x1d, 0x18, 0xbc, 0x9f, 0x20, 0x45, 0x3e, 0x3f, 0xfc, 0x04, 0xbe, 
    0xe6, 0x0e, 0xfa, 0xbd, 0x0b, 0xb6, 0x1a, 0x3c, 0x0f, 0xbe, 0x09, 0x3e, 
    0xe1, 0x9e, 0x34, 0xbe, 0x83, 0x5e, 0xbe, 0xbe, 0xf8, 0x7e, 0xd2, 0x3c, 
    0x95, 0x0c, 0xb9, 0x3e, 0xc3, 0x66, 0x94, 0xbe, 0xe8, 0x85, 0x97, 0xbe, 
    0x9f, 0x6d, 0x9f, 0x3e, 0x97, 0xbb, 0x21, 0xbe, 0xfa, 0xe1, 0xb1, 0xbc, 
    0x60, 0x5a, 0xdc, 0xbe, 0xdb, 0xc3, 0x0f, 0x3d, 0x22, 0xf2, 0xff, 0xff, 
    0x04, 0x00, 0x00, 0x00, 0x80, 0x00, 0x00, 0x00, 0x00, 0x00, 0x00, 0x00, 
    0x00, 0x00, 0x00, 0x00, 0x00, 0x00, 0x00, 0x00, 0x00, 0x00, 0x00, 0x00, 
    0x00, 0x00, 0x00, 0x00, 0x00, 0x00, 0x00, 0x00, 0x00, 0x00, 0x00, 0x00, 
    0x00, 0x00, 0x00, 0x00, 0x00, 0x00, 0x00, 0x00, 0x00, 0x00, 0x00, 0x00, 
    0x00, 0x00, 0x00, 0x00, 0x00, 0x00, 0x00, 0x00, 0x00, 0x00, 0x00, 0x00, 
    0x00, 0x00, 0x00, 0x00, 0x00, 0x00, 0x00, 0x00, 0x00, 0x00, 0x00, 0x00, 
    0x00, 0x00, 0x00, 0x00, 0x00, 0x00, 0x00, 0x00, 0x00, 0x00, 0x00, 0x00, 
    0x00, 0x00, 0x00, 0x00, 0x00, 0x00, 0x00, 0x00, 0x00, 0x00, 0x00, 0x00, 
    0x00, 0x00, 0x00, 0x00, 0x00, 0x00, 0x00, 0x00, 0x00, 0x00, 0x00, 0x00, 
    0x00, 0x00, 0x00, 0x00, 0x00, 0x00, 0x00, 0x00, 0x00, 0x00, 0x00, 0x00, 
    0x00, 0x00, 0x00, 0x00, 0x00, 0x00, 0x00, 0x00, 0x00, 0x00, 0x00, 0x00, 
    0x00, 0x00, 0x00, 0x00, 0xae, 0xf2, 0xff, 0xff, 0x04, 0x00, 0x00, 0x00, 
    0x40, 0x02, 0x00, 0x00, 0xd2, 0x81, 0x3e, 0x3e, 0xfe, 0xa3, 0xee, 0x3c, 
    0x03, 0x24, 0xe7, 0xbd, 0x1c, 0x34, 0x02, 0x3e, 0x0b, 0xeb, 0xd8, 0xbc, 
    0x47, 0x9e, 0x0e, 0x3e, 0x8f, 0x0f, 0x22, 0x3e, 0xcd, 0x69, 0x01, 0x3e, 
    0x4e, 0x58, 0x1a, 0x3d, 0x5d, 0x38, 0x3a, 0x3e, 0xa1, 0x4a, 0x16, 0x3d, 
    0x83, 0xe1, 0x2e, 0x3e, 0x10, 0x83, 0x0d, 0xbc, 0x83, 0x93, 0x9d, 0x3d, 
    0x8b, 0x47, 0x99, 0x3c, 0x2d, 0xf4, 0xf7, 0x3d, 0x28, 0xd7, 0x5b, 0xba, 
    0xfb, 0xac, 0x4d, 0xbd, 0x92, 0x11, 0x2d, 0xbe, 0x42, 0xba, 0xde, 0xbd, 
    0xbc, 0x6e, 0x05, 0x3e, 0xa6, 0x0e, 0x80, 0xbe, 0x7a, 0x73, 0x6a, 0x3c, 
    0x60, 0xb2, 0xa2, 0x3c, 0x77, 0xa0, 0x34, 0x3e, 0xb6, 0x91, 0x2e, 0xbd, 
    0x02, 0x72, 0x03, 0xbe, 0xc1, 0xe6, 0x98, 0x3d, 0x79, 0x89, 0xcf, 0xbd, 
    0xd8, 0x56, 0xec, 0x3c, 0x3c, 0x32, 0xf0, 0x3d, 0x14, 0xc0, 0xca, 0x3d, 
    0x95, 0x96, 0xb4, 0x3d, 0x34, 0x6d, 0xdd, 0xbd, 0x34, 0x3c, 0x01, 0xbe, 
    0x85, 0xda, 0xde, 0xbd, 0x28, 0xa0, 0x1f, 0x3e, 0x6e, 0xd6, 0xea, 0x3d, 
    0x88, 0xf2, 0xad, 0xbc, 0x8c, 0xea, 0x91, 0x3d, 0x89, 0x1e, 0x97, 0x3d, 
    0x8f, 0xf3, 0x06, 0x3e, 0xab, 0x0b, 0x8c, 0x3d, 0x1a, 0x34, 0x53, 0xbd, 
    0x60, 0xaf, 0x0f, 0xbd, 0x0c, 0x6a, 0x2e, 0x3d, 0xb0, 0x0e, 0x07, 0x3e, 
    0xa9, 0xf1, 0x58, 0xbd, 0xc2, 0x86, 0xd3, 0xbc, 0x74, 0x2c, 0xb4, 0xbc, 
    0xb6, 0xb4, 0x7e, 0xbd, 0x68, 0x40, 0xc8, 0x3d, 0x9a, 0xc5, 0xe8, 0xbd, 
    0x3c, 0x75, 0x28, 0x3b, 0x3b, 0x37, 0x11, 0x3e, 0xc5, 0x9b, 0xa3, 0x3d, 
    0xdc, 0x66, 0x16, 0xbe, 0x4d, 0x9b, 0xae, 0x3d, 0xeb, 0x44, 0xef, 0xbd, 
    0x2b, 0xa1, 0x29, 0xbe, 0xec, 0x58, 0xce, 0x3b, 0x5d, 0x0d, 0x1d, 0x3e, 
    0x6c, 0x3a, 0x7c, 0x3d, 0x2b, 0x08, 0xde, 0x3d, 0xb2, 0x4e, 0x6a, 0x3e, 
    0x17, 0xd4, 0x43, 0x3e, 0xb6, 0xa5, 0x06, 0x3d, 0x00, 0x43, 0x8a, 0xbd, 
    0xc9, 0xdd, 0x16, 0x3e, 0xaa, 0xf2, 0xd7, 0xbd, 0xe9, 0xe7, 0xce, 0x3d, 
    0xed, 0x1d, 0xab, 0x3d, 0xdd, 0x2e, 0xba, 0xbb, 0x06, 0x9a, 0x02, 0x3e, 
    0x74, 0x36, 0x0f, 0x3e, 0xdf, 0x83, 0xe5, 0x3d, 0x07, 0xeb, 0x4f, 0x3e, 
    0xc7, 0x67, 0x4a, 0xbd, 0xf2, 0x12, 0x0b, 0xbd, 0x45, 0x0a, 0xa4, 0xbd, 
    0x75, 0x77, 0x5a, 0xbd, 0xc1, 0xf6, 0x97, 0x3c, 0x3b, 0x4c, 0x92, 0xbd, 
    0x9d, 0x90, 0x03, 0x3e, 0xba, 0xa2, 0xd9, 0x3d, 0x73, 0xd0, 0x10, 0x3d, 
    0x69, 0x83, 0x97, 0xbd, 0xf6, 0xf4, 0xef, 0xbd, 0xed, 0xf3, 0x22, 0xbe, 
    0xb6, 0xad, 0x01, 0xbe, 0xa2, 0xb5, 0x1e, 0x3e, 0xef, 0xaf, 0x04, 0x3e, 
    0xc9, 0xd3, 0x48, 0xbc, 0x44, 0xd4, 0xbe, 0x3c, 0x40, 0xce, 0x22, 0x3c, 
    0xf9, 0xbb, 0xee, 0xbd, 0x22, 0x31, 0xa8, 0x3c, 0x1b, 0xea, 0xfc, 0xbd, 
    0x51, 0xf5, 0xb1, 0x3d, 0xcf, 0x7e, 0x0c, 0xbe, 0xf5, 0x79, 0x1a, 0xbd, 
    0xe0, 0xf4, 0xc9, 0xbd, 0x74, 0x02, 0xef, 0x3d, 0xdb, 0xe5, 0xeb, 0xbc, 
    0x8d, 0x7b, 0xe6, 0xbd, 0x0a, 0x41, 0x42, 0xbd, 0x17, 0x50, 0x58, 0xbe, 
    0xc8, 0x17, 0x90, 0x3d, 0x25, 0x80, 0x1c, 0xbe, 0x86, 0xb9, 0xe2, 0x3d, 
    0xd8, 0x33, 0x80, 0xbd, 0x92, 0x66, 0x22, 0x3e, 0x97, 0x25, 0x30, 0x3d, 
    0xea, 0xee, 0x47, 0xbd, 0x22, 0x94, 0xb1, 0xbd, 0x8c, 0xdb, 0xae, 0xbd, 
    0xf3, 0xfc, 0x4b, 0x3d, 0x37, 0xa4, 0xee, 0x3d, 0x11, 0x0f, 0x39, 0xbe, 
    0x07, 0x18, 0x43, 0x3e, 0x81, 0x1c, 0x17, 0x3d, 0x1b, 0xa5, 0xb1, 0x3a, 
    0x57, 0x2f, 0x83, 0xbd, 0xbe, 0xed, 0x1f, 0x3e, 0x22, 0xa1, 0x04, 0x3e, 
    0x95, 0x56, 0x99, 0xbd, 0x2a, 0x76, 0x93, 0x3d, 0x5a, 0x43, 0x28, 0xbe, 
    0xb7, 0x17, 0xab, 0xbd, 0x88, 0x3f, 0xfa, 0x3a, 0xfd, 0x63, 0x84, 0xbb, 
    0x0b, 0x36, 0x69, 0xbd, 0x0f, 0x78, 0x15, 0x3e, 0xc5, 0xcf, 0x08, 0x3e, 
    0xd9, 0x70, 0x87, 0xbd, 0x62, 0x0f, 0x3c, 0xbd, 0xd8, 0xd0, 0x0d, 0xbe, 
    0xb5, 0x82, 0x49, 0xbe, 0x4d, 0xcf, 0x0e, 0xbd, 0x35, 0xe2, 0x31, 0x3e, 
    0x8e, 0xad, 0xbc, 0x3d, 0x74, 0xfb, 0xd8, 0xbc, 0x6e, 0x20, 0x86, 0xbe, 
    0x77, 0x4d, 0xc6, 0x3d, 0xfa, 0xf4, 0xff, 0xff, 0x04, 0x00, 0x00, 0x00, 
    0x00, 0x04, 0x00, 0x00, 0x48, 0x60, 0xcd, 0xbe, 0x9f, 0x85, 0x0a, 0xbf, 
    0xc1, 0x05, 0xdc, 0xbe, 0x28, 0x0a, 0x2f, 0xbe, 0x69, 0x4f, 0xc5, 0xbe, 
    0x54, 0xc2, 0xd5, 0xbe, 0xc7, 0x3d, 0x83, 0xbe, 0xe6, 0xd2, 0x10, 0x3e, 
    0x24, 0xdd, 0x13, 0x3e, 0xab, 0x7c, 0xde, 0xbe, 0x2a, 0xda, 0x96, 0x3e, 
    0x6f, 0x82, 0xc8, 0x3e, 0xbf, 0xe2, 0x76, 0x3e, 0x10, 0xc6, 0x16, 0xbf, 
    0x86, 0x07, 0xce, 0xbd, 0x00, 0xa5, 0xe6, 0xbe, 0x1b, 0xff, 0xea, 0x3e, 
    0x4e, 0xf7, 0x27, 0xbf, 0xf1, 0xf5, 0x43, 0xbe, 0xc1, 0x3f, 0x0a, 0xbf, 
    0x82, 0xf1, 0x94, 0x3e, 0xa5, 0xd8, 0x38, 0xbf, 0x9a, 0x7e, 0x36, 0xbe, 
    0x37, 0x53, 0xfa, 0x3e, 0x1a, 0x83, 0x08, 0x3f, 0x4e, 0x22, 0xb4, 0xbe, 
    0x48, 0x15, 0x68, 0xbd, 0xed, 0xd1, 0x94, 0xbe, 0x27, 0xfd, 0x2b, 0xbf, 
    0x92, 0x22, 0x5c, 0x3e, 0xd0, 0xb0, 0x60, 0x3e, 0x23, 0x3c, 0xd8, 0x3e, 
    0xd6, 0x8d, 0x14, 0xbf, 0xd2, 0x9f, 0xb6, 0x3e, 0x8e, 0x6a, 0x36, 0x3e, 
    0x40, 0xb1, 0xab, 0x3e, 0xb3, 0xa2, 0x52, 0xbe, 0xee, 0x44, 0x44, 0x3e, 
    0x24, 0xb8, 0x24, 0x3f, 0x85, 0xc8, 0x22, 0xbf, 0xa9, 0x74, 0x87, 0xbe, 
    0xa2, 0xbf, 0x0d, 0xbf, 0x2c, 0x59, 0x04, 0x3f, 0xe7, 0x96, 0x91, 0x3e, 
    0x7c, 0xdd, 0x0e, 0xbf, 0xc1, 0xa2, 0xe3, 0xbe, 0x83, 0x7c, 0x0a, 0xbe, 
    0x43, 0x67, 0xfd, 0x3e, 0xc3, 0xa0, 0x86, 0xbe, 0xbc, 0x0b, 0xd1, 0xbe, 
    0x85, 0xb9, 0xeb, 0xbe, 0x91, 0x60, 0x6e, 0x3e, 0x78, 0x9d, 0xa2, 0x3e, 
    0x05, 0x74, 0xd3, 0x3e, 0xdc, 0xee, 0xdf, 0x3e, 0xdd, 0xe3, 0x6b, 0xbe, 
    0x6e, 0x06, 0xa5, 0x3e, 0x6d, 0xd6, 0xbe, 0xbe, 0xdc, 0x4f, 0x40, 0x3e, 
    0x83, 0xb4, 0xef, 0xbe, 0x14, 0xc1, 0x49, 0x3e, 0xe3, 0x59, 0xed, 0x3e, 
    0x08, 0xfa, 0x84, 0x3e, 0x88, 0x14, 0x9c, 0x3e, 0x33, 0x1a, 0x2f, 0xbf, 
    0xb6, 0xac, 0xc7, 0x3e, 0x18, 0xa9, 0xba, 0x3e, 0x02, 0xa4, 0x05, 0x3d, 
    0x7f, 0x44, 0xa8, 0xbe, 0x89, 0x39, 0xda, 0x3e, 0x5b, 0x2e, 0x3d, 0xbf, 
    0x29, 0x44, 0xf3, 0xbe, 0x75, 0x26, 0x18, 0xbf, 0xe1, 0x5a, 0x49, 0xbe, 
    0x7b, 0x52, 0x29, 0xbf, 0x56, 0xea, 0x05, 0x3f, 0x7f, 0x81, 0xcb, 0xbe, 
    0x20, 0xab, 0x05, 0x3f, 0xa9, 0x1c, 0x23, 0x3e, 0xe1, 0xb5, 0x07, 0xbe, 
    0xe1, 0x32, 0x69, 0xbe, 0xf6, 0x51, 0xae, 0x3e, 0x0d, 0x9c, 0x8a, 0xbe, 
    0xac, 0xf2, 0x00, 0xbf, 0x7a, 0x01, 0x40, 0xbf, 0x9e, 0x45, 0x07, 0x3f, 
    0x54, 0x66, 0xb1, 0xbe, 0xa6, 0x53, 0x5b, 0xbe, 0xd0, 0x75, 0xc9, 0xbd, 
    0x73, 0x2b, 0x0f, 0x3e, 0x0e, 0x01, 0x68, 0xbf, 0x01, 0x87, 0x38, 0x3f, 
    0x98, 0x3f, 0xd2, 0x3e, 0xbe, 0x11, 0x87, 0x3e, 0xbd, 0x36, 0x47, 0xbe, 
    0x01, 0x39, 0x9b, 0xbe, 0xb8, 0x25, 0xcc, 0x3d, 0x16, 0xf1, 0xd5, 0xbe, 
    0x16, 0xc2, 0x98, 0xbd, 0xa1, 0x90, 0x10, 0xbf, 0x60, 0x0b, 0xe3, 0x3e, 
    0xc7, 0x66, 0x3f, 0x3e, 0x52, 0xf3, 0xf6, 0xbe, 0xc3, 0x83, 0x3c, 0xbf, 
    0xc0, 0x7d, 0x39, 0x3f, 0xaf, 0x27, 0xbe, 0x3e, 0x6f, 0x35, 0x92, 0x3e, 
    0x22, 0xb4, 0xdf, 0xbe, 0x8e, 0xe6, 0x7c, 0x3d, 0xcd, 0xf6, 0x23, 0x3f, 
    0xb6, 0xae, 0x88, 0xbe, 0x41, 0x99, 0xdb, 0xbe, 0x35, 0x5c, 0xa2, 0x3e, 
    0x32, 0x5a, 0xab, 0x3e, 0x56, 0x34, 0x4e, 0x3d, 0x01, 0x73, 0xae, 0xbd, 
    0x7a, 0xc9, 0xf3, 0xbe, 0x10, 0x45, 0x3a, 0xbf, 0x35, 0x97, 0xdb, 0x3e, 
    0x5a, 0x9f, 0x9d, 0xbd, 0xf7, 0xaa, 0xa1, 0x3e, 0x57, 0x62, 0xd0, 0x3e, 
    0xbe, 0x0f, 0xbd, 0x3e, 0x82, 0x23, 0xca, 0x3e, 0xff, 0xb0, 0x0c, 0xbf, 
    0x25, 0xcf, 0xaa, 0xbe, 0x6a, 0xa1, 0x11, 0x3f, 0xf9, 0x42, 0x2d, 0xbf, 
    0xc3, 0x14, 0x3e, 0x3d, 0xbd, 0xae, 0xd0, 0xbe, 0xa0, 0x52, 0x21, 0x3e, 
    0x4d, 0x86, 0xea, 0x3e, 0x6b, 0x55, 0xd4, 0x3e, 0xdc, 0x40, 0x86, 0x3d, 
    0xbb, 0x76, 0x64, 0xbe, 0x10, 0x07, 0x9e, 0x3e, 0xb3, 0xae, 0x1f, 0x3e, 
    0x3d, 0x13, 0x04, 0x3f, 0x3f, 0x4e, 0x8f, 0xbe, 0xaf, 0x62, 0x22, 0xbe, 
    0xec, 0xf4, 0x4f, 0xbf, 0x0c, 0xcc, 0x6a, 0x3e, 0xa0, 0x3d, 0x8a, 0x3e, 
    0xa8, 0x8c, 0x09, 0x3f, 0xb9, 0xb4, 0xe2, 0xbe, 0xef, 0xcc, 0xbb, 0x3e, 
    0xa6, 0x6a, 0x09, 0xbf, 0x04, 0x41, 0xc2, 0x3e, 0x45, 0x2a, 0xf1, 0x3e, 
    0xe8, 0xbe, 0x80, 0xbe, 0x85, 0xb5, 0x0e, 0x3f, 0xed, 0x25, 0x0e, 0x3d, 
    0x8e, 0x7d, 0xe3, 0xbe, 0x5e, 0x5e, 0x12, 0x3f, 0x55, 0x52, 0x7c, 0xbd, 
    0x31, 0xbd, 0xd6, 0x3d, 0xf9, 0x68, 0x8e, 0xbe, 0x34, 0xa4, 0x17, 0xbf, 
    0x6d, 0x96, 0x13, 0xbf, 0x3b, 0xb1, 0x18, 0xbf, 0xad, 0x9e, 0xb5, 0xbe, 
    0xb2, 0xdb, 0x28, 0xbf, 0xce, 0x5d, 0xb8, 0xbe, 0x43, 0x36, 0xe0, 0x3e, 
    0x3f, 0x4d, 0x9e, 0xbe, 0xd2, 0x31, 0x53, 0xbf, 0x3b, 0xfc, 0xcf, 0xbe, 
    0x81, 0x2c, 0xf0, 0x3e, 0xa4, 0x3c, 0x05, 0xbe, 0x4c, 0x3f, 0x00, 0xbf, 
    0xa7, 0x4a, 0xa4, 0xbe, 0x50, 0x65, 0x97, 0x3e, 0x1e, 0xf2, 0x9c, 0x3e, 
    0xe0, 0xc6, 0x57, 0x3e, 0x9c, 0x4e, 0x13, 0x3f, 0xd8, 0x33, 0x90, 0x3e, 
    0x5b, 0x43, 0x7a, 0x3e, 0x84, 0x13, 0xcf, 0xbe, 0x7d, 0xe3, 0xf4, 0x3e, 
    0x51, 0x96, 0x71, 0x3e, 0xd5, 0x83, 0x9b, 0x3e, 0x7b, 0x95, 0x58, 0x3d, 
    0x25, 0xe1, 0xa4, 0xbe, 0x30, 0x80, 0xf2, 0x3e, 0x02, 0x63, 0xf7, 0xbe, 
    0x0c, 0xb4, 0x1c, 0xbf, 0xa1, 0xc9, 0x00, 0xbf, 0x3d, 0xa4, 0xfa, 0x3e, 
    0x22, 0x2e, 0xa2, 0x3e, 0xe3, 0x18, 0x04, 0xbf, 0xae, 0x83, 0x52, 0xbe, 
    0xbe, 0x7f, 0x82, 0xbe, 0x04, 0xaa, 0x2f, 0x3f, 0x3d, 0x11, 0xf7, 0x3e, 
    0xfd, 0x43, 0x2c, 0xbf, 0xf5, 0x7c, 0x05, 0xbf, 0xf5, 0x04, 0x8b, 0xbe, 
    0xfb, 0x19, 0x4a, 0xbf, 0xd0, 0x4e, 0x14, 0x3f, 0x13, 0x84, 0xb0, 0xbe, 
    0x24, 0x7b, 0xb9, 0xbe, 0xd6, 0xfe, 0x91, 0x3e, 0x05, 0x7c, 0xaf, 0x3e, 
    0xa0, 0x2c, 0x42, 0xbe, 0xe2, 0xd8, 0x2e, 0x3e, 0xc9, 0x68, 0x8d, 0xbe, 
    0x40, 0xe5, 0x15, 0xbf, 0x9d, 0x51, 0x90, 0xbe, 0x1f, 0x02, 0x03, 0xbf, 
    0x0f, 0x86, 0x76, 0x3e, 0x5a, 0x2b, 0x2e, 0x3f, 0xbc, 0xd2, 0xa3, 0x3e, 
    0x6b, 0xa6, 0x1a, 0xbe, 0xcb, 0x5a, 0x32, 0xbd, 0x14, 0x04, 0x04, 0x3e, 
    0x32, 0x36, 0x00, 0xbf, 0xcc, 0x50, 0x23, 0xbf, 0xc6, 0xa8, 0x53, 0xbd, 
    0xdf, 0xc0, 0x8f, 0x3e, 0x6c, 0x2e, 0xbf, 0xbe, 0x6e, 0x2a, 0xd9, 0x3e, 
    0x94, 0xcf, 0x30, 0xbe, 0x8d, 0x07, 0xd3, 0x3e, 0x1c, 0x8d, 0xda, 0x3e, 
    0x21, 0xcb, 0xd5, 0x3e, 0xd6, 0x1a, 0xc3, 0xbe, 0xac, 0xe4, 0x21, 0xbf, 
    0x95, 0xee, 0x05, 0xbe, 0x98, 0xbd, 0xe0, 0x3e, 0x6c, 0xd8, 0x85, 0x3e, 
    0xb1, 0x72, 0xf1, 0x3d, 0x2d, 0x16, 0x27, 0x3f, 0x0f, 0x07, 0x2b, 0xbf, 
    0x62, 0xaf, 0xfb, 0x3e, 0x52, 0xa1, 0xa5, 0xbe, 0x3c, 0xf0, 0xf0, 0xbe, 
    0x70, 0x4e, 0x07, 0x3f, 0xa9, 0x5f, 0x2a, 0x3e, 0x1a, 0x42, 0x63, 0xbe, 
    0x62, 0x96, 0x39, 0xbe, 0xde, 0x48, 0x23, 0xbf, 0x8e, 0xb7, 0xb3, 0x3e, 
    0xeb, 0x13, 0xe2, 0xbe, 0xce, 0xc7, 0x32, 0xbf, 0x9d, 0x63, 0xd6, 0xbe, 
    0x14, 0x88, 0xa2, 0x3e, 0xa9, 0x9c, 0x31, 0xbe, 0x3a, 0xc1, 0xe7, 0xbe, 
    0xe6, 0x14, 0xa5, 0x3e, 0xec, 0x1b, 0xd4, 0x3e, 0x7f, 0x0c, 0x06, 0xbe, 
    0x63, 0x9d, 0x25, 0xbf, 0xe4, 0x32, 0xd7, 0xbd, 0x4f, 0x70, 0x4d, 0xbe, 
    0x5b, 0x6c, 0xb3, 0xbe, 0x1d, 0x71, 0xec, 0x3e, 0x06, 0xf9, 0xff, 0xff, 
    0x04, 0x00, 0x00, 0x00, 0x08, 0x00, 0x00, 0x00, 0x01, 0x00, 0x00, 0x00, 
    0x02, 0x00, 0x00, 0x00, 0x1a, 0xf9, 0xff, 0xff, 0x04, 0x00, 0x00, 0x00, 
    0x80, 0x00, 0x00, 0x00, 0x72, 0xbd, 0x59, 0x41, 0xed, 0xf2, 0xe4, 0x40, 
    0x33, 0xd6, 0x0c, 0x41, 0x79, 0x65, 0xa0, 0x41, 0x59, 0x30, 0xf0, 0x40, 
    0x9b, 0xb6, 0x0c, 0x41, 0x02, 0xe2, 0x13, 0x41, 0xb7, 0xd2, 0xf9, 0x40, 
    0x0d, 0xc7, 0xf2, 0x40, 0xc9, 0xb4, 0xf7, 0x40, 0x81, 0x6c, 0x05, 0x41, 
    0x4b, 0xa2, 0xf2, 0x40, 0xc7, 0x80, 0xae, 0x40, 0xf5, 0xab, 0x03, 0x41, 
    0x9c, 0x15, 0xd0, 0x40, 0x55, 0x60, 0xbb, 0x40, 0x4e, 0xe5, 0xb2, 0x40, 
    0x62, 0x80, 0xbc, 0x40, 0x14, 0x0b, 0xff, 0x40, 0x20, 0xc9, 0x11, 0x41, 
    0x67, 0x89, 0x42, 0x41, 0x0b, 0xb3, 0x8e, 0x40, 0x41, 0x02, 0x78, 0x41, 
    0xbd, 0xd6, 0x96, 0x41, 0x62, 0x43, 0x0e, 0x41, 0xee, 0xe2, 0x6f, 0x40, 
    0x36, 0x7b, 0xef, 0x40, 0xda, 0x9f, 0x14, 0x41, 0x72, 0x8f, 0x6f, 0x40, 
    0x62, 0xe5, 0x08, 0x41, 0xb6, 0xcf, 0x61, 0x41, 0x7d, 0x1d, 0x03, 0x41, 
    0xa6, 0xf9, 0xff, 0xff, 0x04, 0x00, 0x00, 0x00, 0x80, 0x00, 0x00, 0x00, 
    0x76, 0xa3, 0x15, 0xbf, 0x1a, 0x40, 0x1c, 0xbf, 0x37, 0x26, 0xc3, 0xbe, 
    0x98, 0x0e, 0x0a, 0xbd, 0xde, 0xd9, 0x00, 0xbf, 0x90, 0x9e, 0x96, 0xbe, 
    0xa7, 0x33, 0x84, 0xbe, 0x5c, 0x28, 0xb4, 0xbe, 0x4d, 0xa8, 0x3f, 0xbe, 
    0xb3, 0xdc, 0x14, 0xbf, 0x14, 0x31, 0xe6, 0xbe, 0xe4, 0x26, 0x13, 0xbf, 
    0x1e, 0x3a, 0x8b, 0xbf, 0xde, 0xd0, 0xbe, 0xbd, 0x0e, 0x80, 0x0e, 0xbf, 
    0x8f, 0x5a, 0xd7, 0xbe, 0x14, 0xb0, 0x4b, 0xbf, 0xae, 0xe2, 0xac, 0xbe, 
    0xe0, 0x47, 0x11, 0xbf, 0x24, 0xe3, 0x30, 0xbf, 0xfb, 0x6e, 0x06, 0xbf, 
    0xc1, 0x34, 0x39, 0xbf, 0x4b, 0xf8, 0xb5, 0xbe, 0x58, 0x2f, 0x99, 0xbe, 
    0xf8, 0xbf, 0xb9, 0xbe, 0x8a, 0xc9, 0xdf, 0xbe, 0xbf, 0x38, 0xde, 0xbe, 
    0x79, 0x4c, 0x86, 0xbf, 0x57, 0x7e, 0xcf, 0xbe, 0x98, 0x2f, 0x29, 0xbf, 
    0x0e, 0xec, 0xba, 0xbe, 0x35, 0x58, 0xae, 0xbe, 0x32, 0xfa, 0xff, 0xff, 
    0x04, 0x00, 0x00, 0x00, 0x40, 0x00, 0x00, 0x00, 0xff, 0x8e, 0xfe, 0x40, 
    0xfc, 0x0c, 0xb6, 0x40, 0x59, 0xcb, 0xb4, 0x40, 0xc0, 0x16, 0x2a, 0x41, 
    0x6b, 0xd3, 0x28, 0x40, 0x59, 0x4a, 0x7c, 0x41, 0x9f, 0x64, 0x2e, 0x41, 
    0xc8, 0xf4, 0x24, 0x41, 0xa0, 0x7c, 0xe4, 0x3f, 0xbb, 0x67, 0x0f, 0x41, 
    0x5e, 0x26, 0x97, 0x40, 0x76, 0xa5, 0xa9, 0x40, 0x51, 0x02, 0xca, 0x40, 
    0xa5, 0xc7, 0xc9, 0x40, 0x34, 0x01, 0xfa, 0x40, 0xd4, 0xc0, 0x3b, 0x40, 
    0x7e, 0xfa, 0xff, 0xff, 0x04, 0x00, 0x00, 0x00, 0x40, 0x00, 0x00, 0x00, 
    0x2f, 0xd7, 0x82, 0xbf, 0x67, 0x52, 0xda, 0xbe, 0x13, 0xba, 0x1e, 0xbf, 
    0x21, 0xf2, 0xfb, 0xbe, 0x55, 0x92, 0xe4, 0xbe, 0x12, 0x76, 0x30, 0xbf, 
    0x3e, 0xca, 0xf6, 0xbf, 0x2a, 0xb3, 0xd5, 0xbe, 0xb5, 0xba, 0xe6, 0xbe, 
    0x4a, 0x80, 0x34, 0xbf, 0xe3, 0x20, 0x18, 0xbf, 0xa4, 0x1e, 0x3d, 0xbf, 
    0xe5, 0x1a, 0x41, 0xbf, 0x55, 0xb7, 0x75, 0xbf, 0xa5, 0x07, 0x93, 0xbf, 
    0x72, 0x43, 0x35, 0xbf, 0xca, 0xfa, 0xff, 0xff, 0x04, 0x00, 0x00, 0x00, 
    0xc0, 0x00, 0x00, 0x00, 0x76, 0xa4, 0x8a, 0x40, 0xb5, 0x52, 0x2f, 0x41, 
    0x28, 0xf5, 0xbc, 0x41, 0x6e, 0x6f, 0x9b, 0x41, 0x32, 0x63, 0x2f, 0x40, 
    0xd5, 0x95, 0x8b, 0x41, 0xe1, 0xfa, 0x85, 0x40, 0x79, 0xaf, 0x2b, 0x41, 
    0x83, 0x87, 0x87, 0x41, 0x14, 0xa8, 0x04, 0x41, 0xf8, 0x08, 0x10, 0x41, 
    0xd4, 0xfc, 0x1e, 0x41, 0xba, 0xf2, 0x9c, 0x40, 0xcd, 0x62, 0x6b, 0x41, 
    0x73, 0x2a, 0x2c, 0x41, 0x34, 0x4a, 0x80, 0x41, 0x27, 0x4b, 0x83, 0x40, 
    0xaf, 0xef, 0x6f, 0x41, 0x38, 0x52, 0xce, 0x41, 0xef, 0xf5, 0x3b, 0x40, 
    0xda, 0xf2, 0x2b, 0x41, 0x95, 0xdc, 0xcb, 0x41, 0xf7, 0x41, 0xbe, 0x40, 
    0x2e, 0x0f, 0x97, 0x41, 0x57, 0xde, 0x8f, 0x40, 0x6a, 0xfb, 0x0b, 0x41, 
    0x93, 0x7f, 0x09, 0x40, 0x09, 0xb9, 0x13, 0x41, 0x5d, 0xe8, 0x85, 0x40, 
    0xf0, 0x8d, 0x88, 0x41, 0xe3, 0x6e, 0x47, 0x41, 0xc7, 0x1a, 0xd7, 0x40, 
    0xd0, 0xed, 0xbf, 0x41, 0xec, 0xe6, 0x13, 0x40, 0x96, 0x30, 0xc4, 0x41, 
    0xd7, 0xba, 0x11, 0x41, 0x09, 0x3f, 0x8e, 0x41, 0x55, 0xfe, 0x4d, 0x41, 
    0x9c, 0xc7, 0x97, 0x41, 0x9e, 0xac, 0xbf, 0x40, 0x1a, 0x03, 0x17, 0x41, 
    0x30, 0x24, 0x48, 0x41, 0xbe, 0x53, 0xa0, 0x41, 0x6f, 0xbe, 0xc3, 0x40, 
    0x1f, 0x3f, 0x2e, 0x41, 0x92, 0x8d, 0x7a, 0x41, 0x43, 0xab, 0x6d, 0x41, 
    0x21, 0x7a, 0xdd, 0x40, 0x96, 0xfb, 0xff, 0xff, 0x04, 0x00, 0x00, 0x00, 
    0xc0, 0x00, 0x00, 0x00, 0xa5, 0x2b, 0x15, 0xbf, 0x4a, 0x5d, 0x43, 0xbf, 
    0xf9, 0xa9, 0x98, 0xbe, 0x22, 0x8b, 0xf2, 0xbe, 0xc7, 0x86, 0x44, 0xbf, 
    0x88, 0x6c, 0xdd, 0xbe, 0xfe, 0xea, 0x85, 0xbf, 0x41, 0x32, 0x02, 0xbf, 
    0x8e, 0x5f, 0xd5, 0xbe, 0xa5, 0xd1, 0x18, 0xbf, 0x03, 0xe4, 0xdc, 0xbe, 
    0xfe, 0xdb, 0xb1, 0xbe, 0x38, 0x20, 0x46, 0xbf, 0x53, 0x4c, 0x0d, 0xbf, 
    0x16, 0x22, 0x0b, 0xbf, 0xd6, 0x9c, 0x21, 0xbf, 0x8c, 0xa6, 0x4b, 0xbf, 
    0xe4, 0x6b, 0x1e, 0xbf, 0x31, 0x55, 0xa9, 0xbe, 0x3e, 0xee, 0xcd, 0xbf, 
    0x0a, 0x09, 0x24, 0xbf, 0x1b, 0xb8, 0xa3, 0xbe, 0x9f, 0x90, 0x95, 0xbf, 
    0xa8, 0x6b, 0xc2, 0xbe, 0x6f, 0xa2, 0x7c, 0xbf, 0x21, 0x6d, 0x34, 0xbf, 
    0xb4, 0x47, 0x94, 0xbf, 0xd8, 0x24, 0x35, 0xbf, 0x27, 0xb0, 0x69, 0xbf, 
    0x30, 0xc3, 0x20, 0xbf, 0xcf, 0x53, 0x0a, 0xbf, 0x24, 0xcd, 0x3a, 0xbf, 
    0x3c, 0x9e, 0x45, 0xbe, 0x1b, 0xae, 0x98, 0xbf, 0x0b, 0x62, 0xb9, 0xbe, 
    0x8f, 0xbf, 0x01, 0xbf, 0x50, 0x08, 0x02, 0xbf, 0xd5, 0xf7, 0x28, 0xbf, 
    0x5c, 0x2d, 0xcc, 0xbe, 0xd0, 0x32, 0x67, 0xbf, 0x3e, 0x6b, 0xe9, 0xbe, 
    0xf5, 0x05, 0x24, 0xbf, 0x4b, 0x6a, 0x84, 0xbe, 0xdc, 0x5f, 0x4c, 0xbf, 
    0xb2, 0x66, 0x06, 0xbf, 0xcc, 0x73, 0xfa, 0xbe, 0x25, 0xdf, 0xd3, 0xbe, 
    0xaf, 0xd8, 0x29, 0xbf, 0x62, 0xfc, 0xff, 0xff, 0x04, 0x00, 0x00, 0x00, 
    0x40, 0x00, 0x00, 0x00, 0x00, 0x00, 0x00, 0x00, 0x00, 0x00, 0x00, 0x00, 
    0x00, 0x00, 0x00, 0x00, 0x00, 0x00, 0x00, 0x00, 0x00, 0x00, 0x00, 0x00, 
    0x00, 0x00, 0x00, 0x00, 0x00, 0x00, 0x00, 0x00, 0x00, 0x00, 0x00, 0x00, 
    0x00, 0x00, 0x00, 0x00, 0x00, 0x00, 0x00, 0x00, 0x00, 0x00, 0x00, 0x00, 
    0x00, 0x00, 0x00, 0x00, 0x00, 0x00, 0x00, 0x00, 0x00, 0x00, 0x00, 0x00, 
    0x00, 0x00, 0x00, 0x00, 0x00, 0x00, 0x00, 0x00, 0xae, 0xfc, 0xff, 0xff, 
    0x04, 0x00, 0x00, 0x00, 0x40, 0x02, 0x00, 0x00, 0x36, 0x77, 0x47, 0x3c, 
    0x02, 0x6c, 0xc1, 0x3c, 0xbf, 0xda, 0xb2, 0xbd, 0xa1, 0x12, 0x84, 0x3d, 
    0xed, 0x52, 0x65, 0xbe, 0x59, 0x71, 0x26, 0xbe, 0xa8, 0x62, 0x72, 0x3c, 
    0x3b, 0xb2, 0x13, 0x3e, 0xf3, 0xeb, 0xfc, 0x3d, 0x24, 0xc8, 0xb1, 0xbd, 
    0x0e, 0x12, 0xb5, 0xbd, 0x8a, 0x78, 0x64, 0xbc, 0xb0, 0x85, 0x9e, 0xbd, 
    0x8e, 0xa9, 0x2a, 0x3e, 0x31, 0xe4, 0x60, 0x3e, 0x87, 0x05, 0xcb, 0xbd, 
    0x9a, 0xe1, 0x19, 0xbe, 0x35, 0x2f, 0xf6, 0xbd, 0x53, 0x49, 0x94, 0xbc, 
    0xc0, 0x53, 0x2d, 0x3e, 0x87, 0xeb, 0xf3, 0x3d, 0x2d, 0x5d, 0x13, 0xbe, 
    0xcb, 0xcd, 0xda, 0xbd, 0x05, 0xa3, 0x93, 0x3d, 0x6d, 0xd6, 0x1a, 0xbe, 
    0x1e, 0x61, 0x30, 0xbe, 0x66, 0x48, 0x31, 0x3d, 0xe6, 0x09, 0x66, 0x3d, 
    0x9a, 0x27, 0x1d, 0xbe, 0x3a, 0x2d, 0x09, 0x3e, 0x52, 0xbd, 0x74, 0x3b, 
    0x84, 0x4a, 0x95, 0xbc, 0x2e, 0x4f, 0x9e, 0x3c, 0x55, 0xcc, 0xeb, 0xbd, 
    0x14, 0xab, 0x28, 0x3e, 0x5d, 0x2e, 0x09, 0x3e, 0x68, 0x41, 0x27, 0xbe, 
    0x36, 0x56, 0xdb, 0x3c, 0xdd, 0x6a, 0x46, 0xbe, 0x59, 0x28, 0xaf, 0xbd, 
    0xff, 0x9f, 0xd3, 0xbc, 0xeb, 0xfd, 0x36, 0xbe, 0xc5, 0x41, 0xa5, 0x3d, 
    0x19, 0x02, 0x9a, 0xbd, 0x83, 0x55, 0x1f, 0x3b, 0x6e, 0xff, 0xfa, 0x3b, 
    0x25, 0xa7, 0x0a, 0xbe, 0x26, 0xcb, 0x08, 0x3d, 0xa8, 0x5f, 0x6d, 0xbd, 
    0x51, 0xcf, 0xbb, 0xbc, 0xf4, 0xa3, 0x47, 0x3e, 0xbe, 0x3f, 0xfc, 0xbb, 
    0x94, 0xea, 0xf4, 0x3d, 0x93, 0x0f, 0x40, 0x3d, 0x5f, 0xcf, 0xb7, 0x3c, 
    0xb9, 0x53, 0x06, 0x3e, 0x6e, 0x94, 0xca, 0x3d, 0xe1, 0x40, 0x57, 0xbd, 
    0xef, 0x91, 0xa2, 0xbd, 0xc9, 0xb5, 0x5e, 0x3c, 0x4a, 0xcd, 0x2c, 0x3d, 
    0x56, 0x5e, 0x58, 0xbe, 0x1e, 0x67, 0xbd, 0x3a, 0xd1, 0x0d, 0x04, 0xbe, 
    0x2d, 0x55, 0x91, 0x3c, 0x4f, 0x95, 0x36, 0x3e, 0xed, 0x09, 0xdf, 0xbd, 
    0xdd, 0x2a, 0x19, 0x3e, 0xfa, 0x54, 0xa7, 0x3d, 0xe2, 0xd9, 0x16, 0xbd, 
    0x8a, 0xa3, 0xf8, 0xbd, 0x4f, 0xdb, 0xb5, 0x3d, 0x42, 0xb1, 0x57, 0xbe, 
    0xde, 0x6a, 0x7c, 0x3d, 0x5b, 0xa2, 0xd9, 0xbd, 0xf0, 0x21, 0x03, 0xbe, 
    0xd2, 0xac, 0x21, 0xbe, 0xd8, 0x1d, 0xd1, 0x3c, 0x31, 0x1e, 0xe8, 0xbd, 
    0x8b, 0x5d, 0x26, 0xbe, 0x74, 0x11, 0x73, 0xbd, 0x3f, 0x9b, 0x62, 0xbd, 
    0x5f, 0xd4, 0xd9, 0x3d, 0x36, 0x16, 0x81, 0x3b, 0x3a, 0xa3, 0x4f, 0x3e, 
    0xc5, 0x8c, 0x23, 0xbe, 0x0e, 0x0b, 0xea, 0xbd, 0x08, 0xe3, 0x4d, 0x3d, 
    0xc5, 0x9a, 0x9c, 0x3d, 0x09, 0x08, 0xc9, 0xbc, 0x7d, 0xf7, 0x3f, 0x3e, 
    0x4c, 0x72, 0x28, 0x39, 0x7a, 0x86, 0x3d, 0xbe, 0x9b, 0x0c, 0x20, 0x3e, 
    0xf5, 0xa1, 0xeb, 0x3d, 0x86, 0x8e, 0xff, 0xbd, 0x1f, 0xdb, 0x04, 0x3e, 
    0x24, 0xad, 0x49, 0xbd, 0x96, 0x25, 0xfc, 0xbc, 0xae, 0x89, 0x18, 0x3e, 
    0x8c, 0xf7, 0x72, 0xbe, 0x62, 0xf9, 0xdf, 0xbd, 0x42, 0x9f, 0x54, 0x3e, 
    0x1d, 0xc2, 0x1a, 0x3e, 0x8e, 0x4a, 0x45, 0xbe, 0x19, 0xe1, 0x7a, 0x3e, 
    0xfb, 0x8f, 0xd7, 0xbd, 0x82, 0xfa, 0xde, 0x3d, 0xf5, 0x66, 0x4a, 0x3e, 
    0x8c, 0x3a, 0x2e, 0x3e, 0x53, 0xa6, 0x28, 0x3e, 0xdc, 0xec, 0x68, 0xbd, 
    0xf2, 0xfc, 0xda, 0x3c, 0xe7, 0x37, 0x9b, 0x3d, 0x07, 0x30, 0x20, 0xbe, 
    0x7b, 0x1f, 0x59, 0xbe, 0x7a, 0xf6, 0xb7, 0x3d, 0x57, 0xba, 0xb6, 0xbd, 
    0xfc, 0x46, 0x9a, 0xbc, 0x46, 0x41, 0x35, 0x3e, 0x10, 0x5e, 0x48, 0xbe, 
    0xae, 0x9c, 0xe5, 0xbc, 0xd7, 0x13, 0xb8, 0x3d, 0x91, 0xb6, 0xf0, 0xbc, 
    0xe3, 0x4f, 0x6a, 0xbd, 0x9d, 0x95, 0x06, 0x3d, 0x7d, 0x15, 0x21, 0xbe, 
    0xb9, 0x5f, 0x20, 0x3e, 0xff, 0x81, 0x2d, 0x3e, 0xd8, 0x16, 0xd8, 0xbd, 
    0x23, 0xcd, 0x8e, 0x3e, 0xf3, 0x10, 0x68, 0xbd, 0xf7, 0xd0, 0x26, 0x3c, 
    0x80, 0x0e, 0xac, 0xbc, 0xbb, 0x6b, 0x99, 0xbd, 0xfd, 0xb9, 0xca, 0x3d, 
    0x1e, 0xa2, 0x4b, 0xbe, 0x70, 0x8b, 0x6c, 0xbd, 0x58, 0x7a, 0x9f, 0x3d, 
    0x09, 0x6a, 0x10, 0xbe, 0x15, 0x8d, 0xa9, 0x3d, 0x9d, 0xbc, 0x67, 0xbc, 
    0x98, 0x38, 0x46, 0xbe, 0x84, 0x33, 0x06, 0xbe, 0xfa, 0xfe, 0xff, 0xff, 
    0x04, 0x00, 0x00, 0x00, 0x40, 0x00, 0x00, 0x00, 0x05, 0xe9, 0x10, 0x3e, 
    0x0f, 0x32, 0xcb, 0xbc, 0x7a, 0x6a, 0x23, 0x3d, 0x0c, 0x9f, 0x9a, 0xbd, 
    0x8a, 0x50, 0x4d, 0xbd, 0xa6, 0x7f, 0xfc, 0xbd, 0xb3, 0x0b, 0x58, 0x3e, 
    0xc3, 0x9b, 0x95, 0xbd, 0x3c, 0x80, 0x10, 0x3d, 0x3e, 0x1e, 0xe6, 0x3d, 
    0x23, 0x05, 0xd0, 0x3d, 0x16, 0x6e, 0x83, 0x3d, 0x93, 0x97, 0xb4, 0x3d, 
    0xb6, 0xae, 0xd4, 0x3d, 0xab, 0x41, 0xba, 0x3d, 0x72, 0x3c, 0x6e, 0x3d, 
    0xe0, 0xe5, 0xff, 0xff, 0xe4, 0xe5, 0xff, 0xff, 0x0f, 0x00, 0x00, 0x00, 
    0x4d, 0x4c, 0x49, 0x52, 0x20, 0x43, 0x6f, 0x6e, 0x76, 0x65, 0x72, 0x74, 
    0x65, 0x64, 0x2e, 0x00, 0x01, 0x00, 0x00, 0x00, 0x14, 0x00, 0x00, 0x00, 
    0x00, 0x00, 0x0e, 0x00, 0x18, 0x00, 0x14, 0x00, 0x10, 0x00, 0x0c, 0x00, 
    0x08, 0x00, 0x04, 0x00, 0x0e, 0x00, 0x00, 0x00, 0x14, 0x00, 0x00, 0x00, 
    0x1c, 0x00, 0x00, 0x00, 0x70, 0x04, 0x00, 0x00, 0x74, 0x04, 0x00, 0x00, 
    0x78, 0x04, 0x00, 0x00, 0x04, 0x00, 0x00, 0x00, 0x6d, 0x61, 0x69, 0x6e, 
    0x00, 0x00, 0x00, 0x00, 0x11, 0x00, 0x00, 0x00, 0x0c, 0x04, 0x00, 0x00, 
    0xc8, 0x03, 0x00, 0x00, 0x84, 0x03, 0x00, 0x00, 0x30, 0x03, 0x00, 0x00, 
    0xe0, 0x02, 0x00, 0x00, 0x90, 0x02, 0x00, 0x00, 0x5c, 0x02, 0x00, 0x00, 
    0x28, 0x02, 0x00, 0x00, 0xe4, 0x01, 0x00, 0x00, 0xa0, 0x01, 0x00, 0x00, 
    0x5c, 0x01, 0x00, 0x00, 0x28, 0x01, 0x00, 0x00, 0xf4, 0x00, 0x00, 0x00, 
    0xc0, 0x00, 0x00, 0x00, 0x78, 0x00, 0x00, 0x00, 0x40, 0x00, 0x00, 0x00, 
    0x04, 0x00, 0x00, 0x00, 0x86, 0xfc, 0xff, 0xff, 0x1c, 0x00, 0x00, 0x00, 
    0x00, 0x00, 0x00, 0x09, 0x1c, 0x00, 0x00, 0x00, 0x20, 0x00, 0x00, 0x00, 
    0x07, 0x00, 0x00, 0x00, 0x00, 0x00, 0x06, 0x00, 0x08, 0x00, 0x04, 0x00, 
    0x06, 0x00, 0x00, 0x00, 0x00, 0x00, 0x80, 0x3f, 0x01, 0x00, 0x00, 0x00, 
    0x26, 0x00, 0x00, 0x00, 0x01, 0x00, 0x00, 0x00, 0x25, 0x00, 0x00, 0x00, 
    0xbe, 0xfc, 0xff, 0xff, 0x14, 0x00, 0x00, 0x00, 0x00, 0x00, 0x00, 0x08, 
    0x10, 0x00, 0x00, 0x00, 0x14, 0x00, 0x00, 0x00, 0x06, 0x00, 0x00, 0x00, 
    0xd0, 0xe6, 0xff, 0xff, 0x01, 0x00, 0x00, 0x00, 0x25, 0x00, 0x00, 0x00, 
    0x03, 0x00, 0x00, 0x00, 0x24, 0x00, 0x00, 0x00, 0x0b, 0x00, 0x00, 0x00, 
    0x13, 0x00, 0x00, 0x00, 0xf2, 0xfc, 0xff, 0xff, 0x20, 0x00, 0x00, 0x00, 
    0x00, 0x00, 0x00, 0x08, 0x20, 0x00, 0x00, 0x00, 0x24, 0x00, 0x00, 0x00, 
    0x06, 0x00, 0x00, 0x00, 0x0c, 0x00, 0x08, 0x00, 0x07, 0x00, 0x00, 0x00, 
    0x00, 0x00, 0x06, 0x00, 0x0c, 0x00, 0x00, 0x00, 0x00, 0x00, 0x01, 0x01, 
    0x01, 0x00, 0x00, 0x00, 0x24, 0x00, 0x00, 0x00, 0x03, 0x00, 0x00, 0x00, 
    0x23, 0x00, 0x00, 0x00, 0x15, 0x00, 0x00, 0x00, 0x10, 0x00, 0x00, 0x00, 
    0x36, 0xfd, 0xff, 0xff, 0x14, 0x00, 0x00, 0x00, 0x00, 0x00, 0x00, 0x1b, 
    0x10, 0x00, 0x00, 0x00, 0x14, 0x00, 0x00, 0x00, 0x05, 0x00, 0x00, 0x00, 
    0x48, 0xe7, 0xff, 0xff, 0x01, 0x00, 0x00, 0x00, 0x23, 0x00, 0x00, 0x00, 
    0x02, 0x00, 0x00, 0x00, 0x22, 0x00, 0x00, 0x00, 0x0a, 0x00, 0x00, 0x00, 
    0x66, 0xfd, 0xff, 0xff, 0x14, 0x00, 0x00, 0x00, 0x00, 0x00, 0x00, 0x0b, 
    0x10, 0x00, 0x00, 0x00, 0x14, 0x00, 0x00, 0x00, 0x02, 0x00, 0x00, 0x00, 
    0x78, 0xe7, 0xff, 0xff, 0x01, 0x00, 0x00, 0x00, 0x22, 0x00, 0x00, 0x00, 
    0x02, 0x00, 0x00, 0x00, 0x21, 0x00, 0x00, 0x00, 0x04, 0x00, 0x00, 0x00, 
    0x96, 0xfd, 0xff, 0xff, 0x14, 0x00, 0x00, 0x00, 0x00, 0x00, 0x00, 0x15, 
    0x10, 0x00, 0x00, 0x00, 0x14, 0x00, 0x00, 0x00, 0x01, 0x00, 0x00, 0x00, 
    0xa8, 0xe7, 0xff, 0xff, 0x01, 0x00, 0x00, 0x00, 0x21, 0x00, 0x00, 0x00, 
    0x02, 0x00, 0x00, 0x00, 0x20, 0x00, 0x00, 0x00, 0x05, 0x00, 0x00, 0x00, 
    0x86, 0xfd, 0xff, 0xff, 0x10, 0x00, 0x00, 0x00, 0x00, 0x00, 0x00, 0x01, 
    0x1c, 0x00, 0x00, 0x00, 0x20, 0x00, 0x00, 0x00, 0xe0, 0xfe, 0xff, 0xff, 
    0x00, 0x00, 0x00, 0x01, 0x01, 0x00, 0x00, 0x00, 0x01, 0x00, 0x00, 0x00, 
    0x00, 0x00, 0x00, 0x01, 0x01, 0x00, 0x00, 0x00, 0x20, 0x00, 0x00, 0x00, 
    0x03, 0x00, 0x00, 0x00, 0x1f, 0x00, 0x00, 0x00, 0x14, 0x00, 0x00, 0x00, 
    0x11, 0x00, 0x00, 0x00, 0x06, 0xfe, 0xff, 0xff, 0x14, 0x00, 0x00, 0x00, 
    0x00, 0x00, 0x00, 0x02, 0x1c, 0x00, 0x00, 0x00, 0x20, 0x00, 0x00, 0x00, 
    0x04, 0x00, 0x00, 0x00, 0xd4, 0xfe, 0xff, 0xff, 0x01, 0x00, 0x00, 0x00, 
    0x01, 0x00, 0x00, 0x00, 0x01, 0x00, 0x00, 0x00, 0x01, 0x00, 0x00, 0x00, 
    0x1f, 0x00, 0x00, 0x00, 0x03, 0x00, 0x00, 0x00, 0x1e, 0x00, 0x00, 0x00, 
    0x0f, 0x00, 0x00, 0x00, 0x0d, 0x00, 0x00, 0x00, 0x46, 0xfe, 0xff, 0xff, 
    0x14, 0x00, 0x00, 0x00, 0x00, 0x00, 0x00, 0x05, 0x24, 0x00, 0x00, 0x00, 
    0x28, 0x00, 0x00, 0x00, 0x03, 0x00, 0x00, 0x00, 0xc6, 0xfe, 0xff, 0xff, 
    0x02, 0x00, 0x00, 0x00, 0x02, 0x00, 0x00, 0x00, 0x02, 0x00, 0x00, 0x00, 
    0x02, 0x00, 0x00, 0x00, 0x00, 0x00, 0x00, 0x01, 0x01, 0x00, 0x00, 0x00, 
    0x1e, 0x00, 0x00, 0x00, 0x01, 0x00, 0x00, 0x00, 0x1d, 0x00, 0x00, 0x00, 
    0x86, 0xfe, 0xff, 0xff, 0x14, 0x00, 0x00, 0x00, 0x00, 0x00, 0x00, 0x0b, 
    0x10, 0x00, 0x00, 0x00, 0x14, 0x00, 0x00, 0x00, 0x02, 0x00, 0x00, 0x00, 
    0x98, 0xe8, 0xff, 0xff, 0x01, 0x00, 0x00, 0x00, 0x1d, 0x00, 0x00, 0x00, 
    0x02, 0x00, 0x00, 0x00, 0x1c, 0x00, 0x00, 0x00, 0x08, 0x00, 0x00, 0x00, 
    0xb6, 0xfe, 0xff, 0xff, 0x14, 0x00, 0x00, 0x00, 0x00, 0x00, 0x00, 0x15, 
    0x10, 0x00, 0x00, 0x00, 0x14, 0x00, 0x00, 0x00, 0x01, 0x00, 0x00, 0x00, 
    0xc8, 0xe8, 0xff, 0xff, 0x01, 0x00, 0x00, 0x00, 0x1c, 0x00, 0x00, 0x00, 
    0x02, 0x00, 0x00, 0x00, 0x1b, 0x00, 0x00, 0x00, 0x09, 0x00, 0x00, 0x00, 
    0xa6, 0xfe, 0xff, 0xff, 0x1c, 0x00, 0x00, 0x00, 0x00, 0x00, 0x00, 0x01, 
    0x28, 0x00, 0x00, 0x00, 0x2c, 0x00, 0x00, 0x00, 0x0c, 0x00, 0x14, 0x00, 
    0x13, 0x00, 0x0c, 0x00, 0x08, 0x00, 0x07, 0x00, 0x0c, 0x00, 0x00, 0x00, 
    0x00, 0x00, 0x00, 0x01, 0x01, 0x00, 0x00, 0x00, 0x01, 0x00, 0x00, 0x00, 
    0x00, 0x00, 0x00, 0x01, 0x01, 0x00, 0x00, 0x00, 0x1b, 0x00, 0x00, 0x00, 
    0x03, 0x00, 0x00, 0x00, 0x1a, 0x00, 0x00, 0x00, 0x0e, 0x00, 0x00, 0x00, 
    0x12, 0x00, 0x00, 0x00, 0x32, 0xff, 0xff, 0xff, 0x20, 0x00, 0x00, 0x00, 
    0x00, 0x00, 0x00, 0x02, 0x28, 0x00, 0x00, 0x00, 0x2c, 0x00, 0x00, 0x00, 
    0x04, 0x00, 0x00, 0x00, 0x0c, 0x00, 0x10, 0x00, 0x00, 0x00, 0x0c, 0x00, 
    0x08, 0x00, 0x04, 0x00, 0x0c, 0x00, 0x00, 0x00, 0x01, 0x00, 0x00, 0x00, 
    0x01, 0x00, 0x00, 0x00, 0x01, 0x00, 0x00, 0x00, 0x01, 0x00, 0x00, 0x00, 
    0x1a, 0x00, 0x00, 0x00, 0x03, 0x00, 0x00, 0x00, 0x19, 0x00, 0x00, 0x00, 
    0x0c, 0x00, 0x00, 0x00, 0x03, 0x00, 0x00, 0x00, 0x7e, 0xff, 0xff, 0xff, 
    0x24, 0x00, 0x00, 0x00, 0x00, 0x00, 0x00, 0x05, 0x34, 0x00, 0x00, 0x00, 
    0x38, 0x00, 0x00, 0x00, 0x03, 0x00, 0x00, 0x00, 0x00, 0x00, 0x0e, 0x00, 
    0x18, 0x00, 0x17, 0x00, 0x10, 0x00, 0x0c, 0x00, 0x08, 0x00, 0x04, 0x00, 
    0x0e, 0x00, 0x00, 0x00, 0x02, 0x00, 0x00, 0x00, 0x02, 0x00, 0x00, 0x00, 
    0x02, 0x00, 0x00, 0x00, 0x02, 0x00, 0x00, 0x00, 0x00, 0x00, 0x00, 0x01, 
    0x01, 0x00, 0x00, 0x00, 0x19, 0x00, 0x00, 0x00, 0x01, 0x00, 0x00, 0x00, 
    0x18, 0x00, 0x00, 0x00, 0xce, 0xff, 0xff, 0xff, 0x14, 0x00, 0x00, 0x00, 
    0x00, 0x00, 0x00, 0x0b, 0x10, 0x00, 0x00, 0x00, 0x14, 0x00, 0x00, 0x00, 
    0x02, 0x00, 0x00, 0x00, 0xe0, 0xe9, 0xff, 0xff, 0x01, 0x00, 0x00, 0x00, 
    0x18, 0x00, 0x00, 0x00, 0x02, 0x00, 0x00, 0x00, 0x17, 0x00, 0x00, 0x00, 
    0x06, 0x00, 0x00, 0x00, 0x00, 0x00, 0x0e, 0x00, 0x18, 0x00, 0x14, 0x00, 
    0x10, 0x00, 0x0c, 0x00, 0x0b, 0x00, 0x04, 0x00, 0x0e, 0x00, 0x00, 0x00, 
    0x14, 0x00, 0x00, 0x00, 0x00, 0x00, 0x00, 0x15, 0x10, 0x00, 0x00, 0x00, 
    0x14, 0x00, 0x00, 0x00, 0x01, 0x00, 0x00, 0x00, 0x20, 0xea, 0xff, 0xff, 
    0x01, 0x00, 0x00, 0x00, 0x17, 0x00, 0x00, 0x00, 0x02, 0x00, 0x00, 0x00, 
    0x16, 0x00, 0x00, 0x00, 0x07, 0x00, 0x00, 0x00, 0x00, 0x00, 0x0e, 0x00, 
    0x14, 0x00, 0x00, 0x00, 0x10, 0x00, 0x0c, 0x00, 0x0b, 0x00, 0x04, 0x00, 
    0x0e, 0x00, 0x00, 0x00, 0x1c, 0x00, 0x00, 0x00, 0x00, 0x00, 0x00, 0x01, 
    0x24, 0x00, 0x00, 0x00, 0x28, 0x00, 0x00, 0x00, 0x0c, 0x00, 0x10, 0x00, 
    0x00, 0x00, 0x0c, 0x00, 0x08, 0x00, 0x07, 0x00, 0x0c, 0x00, 0x00, 0x00, 
    0x00, 0x00, 0x00, 0x01, 0x02, 0x00, 0x00, 0x00, 0x02, 0x00, 0x00, 0x00, 
    0x01, 0x00, 0x00, 0x00, 0x16, 0x00, 0x00, 0x00, 0x03, 0x00, 0x00, 0x00, 
    0x00, 0x00, 0x00, 0x00, 0x02, 0x00, 0x00, 0x00, 0x01, 0x00, 0x00, 0x00, 
    0x01, 0x00, 0x00, 0x00, 0x26, 0x00, 0x00, 0x00, 0x01, 0x00, 0x00, 0x00, 
    0x00, 0x00, 0x00, 0x00, 0x27, 0x00, 0x00, 0x00, 0x8c, 0x14, 0x00, 0x00, 
    0x38, 0x14, 0x00, 0x00, 0xd8, 0x13, 0x00, 0x00, 0x9c, 0x13, 0x00, 0x00, 
    0x60, 0x13, 0x00, 0x00, 0x24, 0x13, 0x00, 0x00, 0xe8, 0x12, 0x00, 0x00, 
    0xac, 0x12, 0x00, 0x00, 0x70, 0x12, 0x00, 0x00, 0x34, 0x12, 0x00, 0x00, 
    0xf4, 0x11, 0x00, 0x00, 0x98, 0x11, 0x00, 0x00, 0x4c, 0x11, 0x00, 0x00, 
    0x0c, 0x11, 0x00, 0x00, 0xc0, 0x10, 0x00, 0x00, 0x74, 0x10, 0x00, 0x00, 
    0x34, 0x10, 0x00, 0x00, 0xf4, 0x0f, 0x00, 0x00, 0xb4, 0x0f, 0x00, 0x00, 
    0x74, 0x0f, 0x00, 0x00, 0xc8, 0x0c, 0x00, 0x00, 0x70, 0x09, 0x00, 0x00, 
    0xc4, 0x08, 0x00, 0x00, 0x40, 0x08, 0x00, 0x00, 0xbc, 0x07, 0x00, 0x00, 
    0x44, 0x07, 0x00, 0x00, 0xb8, 0x06, 0x00, 0x00, 0xe8, 0x05, 0x00, 0x00, 
    0x60, 0x05, 0x00, 0x00, 0xd8, 0x04, 0x00, 0x00, 0x5c, 0x04, 0x00, 0x00, 
    0xcc, 0x03, 0x00, 0x00, 0xf4, 0x02, 0x00, 0x00, 0x6c, 0x02, 0x00, 0x00, 
    0xe4, 0x01, 0x00, 0x00, 0x74, 0x01, 0x00, 0x00, 0xe0, 0x00, 0x00, 0x00, 
    0x60, 0x00, 0x00, 0x00, 0x04, 0x00, 0x00, 0x00, 0x26, 0xec, 0xff, 0xff, 
    0x00, 0x00, 0x00, 0x01, 0x14, 0x00, 0x00, 0x00, 0x1c, 0x00, 0x00, 0x00, 
    0x1c, 0x00, 0x00, 0x00, 0x27, 0x00, 0x00, 0x00, 0x34, 0x00, 0x00, 0x00, 
    0x02, 0x00, 0x00, 0x00, 0xff, 0xff, 0xff, 0xff, 0x04, 0x00, 0x00, 0x00, 
    0x68, 0xeb, 0xff, 0xff, 0x1b, 0x00, 0x00, 0x00, 0x53, 0x74, 0x61, 0x74, 
    0x65, 0x66, 0x75, 0x6c, 0x50, 0x61, 0x72, 0x74, 0x69, 0x74, 0x69, 0x6f, 
    0x6e, 0x65, 0x64, 0x43, 0x61, 0x6c, 0x6c, 0x5f, 0x31, 0x3a, 0x30, 0x00, 
    0x02, 0x00, 0x00, 0x00, 0x01, 0x00, 0x00, 0x00, 0x04, 0x00, 0x00, 0x00, 
    0x7e, 0xec, 0xff, 0xff, 0x00, 0x00, 0x00, 0x01, 0x14, 0x00, 0x00, 0x00, 
    0x1c, 0x00, 0x00, 0x00, 0x1c, 0x00, 0x00, 0x00, 0x26, 0x00, 0x00, 0x00, 
    0x58, 0x00, 0x00, 0x00, 0x02, 0x00, 0x00, 0x00, 0xff, 0xff, 0xff, 0xff, 
    0x04, 0x00, 0x00, 0x00, 0xc0, 0xeb, 0xff, 0xff, 0x3c, 0x00, 0x00, 0x00, 
    0x73, 0x65, 0x71, 0x75, 0x65, 0x6e, 0x74, 0x69, 0x61, 0x6c, 0x5f, 0x31, 
    0x2f, 0x64, 0x65, 0x6e, 0x73, 0x65, 0x5f, 0x31, 0x5f, 0x32, 0x2f, 0x4d, 
    0x61, 0x74, 0x4d, 0x75, 0x6c, 0x3b, 0x73, 0x65, 0x71, 0x75, 0x65, 0x6e, 
    0x74, 0x69, 0x61, 0x6c, 0x5f, 0x31, 0x2f, 0x64, 0x65, 0x6e, 0x73, 0x65, 
    0x5f, 0x31, 0x5f, 0x32, 0x2f, 0x42, 0x69, 0x61, 0x73, 0x41, 0x64, 0x64, 
    0x00, 0x00, 0x00, 0x00, 0x02, 0x00, 0x00, 0x00, 0x01, 0x00, 0x00, 0x00, 
    0x04, 0x00, 0x00, 0x00, 0xfa, 0xec, 0xff, 0xff, 0x00, 0x00, 0x00, 0x01, 
    0x14, 0x00, 0x00, 0x00, 0x1c, 0x00, 0x00, 0x00, 0x1c, 0x00, 0x00, 0x00, 
    0x25, 0x00, 0x00, 0x00, 0x6c, 0x00, 0x00, 0x00, 0x02, 0x00, 0x00, 0x00, 
    0xff, 0xff, 0xff, 0xff, 0x40, 0x00, 0x00, 0x00, 0x3c, 0xec, 0xff, 0xff, 
    0x52, 0x00, 0x00, 0x00, 0x73, 0x65, 0x71, 0x75, 0x65, 0x6e, 0x74, 0x69, 
    0x61, 0x6c, 0x5f, 0x31, 0x2f, 0x64, 0x65, 0x6e, 0x73, 0x65, 0x5f, 0x31, 
    0x2f, 0x4d, 0x61, 0x74, 0x4d, 0x75, 0x6c, 0x3b, 0x73, 0x65, 0x71, 0x75, 
    0x65, 0x6e, 0x74, 0x69, 0x61, 0x6c, 0x5f, 0x31, 0x2f, 0x64, 0x65, 0x6e, 
    0x73, 0x65, 0x5f, 0x31, 0x2f, 0x52, 0x65, 0x6c, 0x75, 0x3b, 0x73, 0x65, 
    0x71, 0x75, 0x65, 0x6e, 0x74, 0x69, 0x61, 0x6c, 0x5f, 0x31, 0x2f, 0x64, 
    0x65, 0x6e, 0x73, 0x65, 0x5f, 0x31, 0x2f, 0x42, 0x69, 0x61, 0x73, 0x41, 
    0x64, 0x64, 0x00, 0x00, 0x02, 0x00, 0x00, 0x00, 0x01, 0x00, 0x00, 0x00, 
    0x40, 0x00, 0x00, 0x00, 0x8a, 0xed, 0xff, 0xff, 0x00, 0x00, 0x00, 0x01, 
    0x14, 0x00, 0x00, 0x00, 0x1c, 0x00, 0x00, 0x00, 0x1c, 0x00, 0x00, 0x00, 
    0x24, 0x00, 0x00, 0x00, 0x48, 0x00, 0x00, 0x00, 0x02, 0x00, 0x00, 0x00, 
    0xff, 0xff, 0xff, 0xff, 0x30, 0x00, 0x00, 0x00, 0xcc, 0xec, 0xff, 0xff, 
    0x2c, 0x00, 0x00, 0x00, 0x73, 0x65, 0x71, 0x75, 0x65, 0x6e, 0x74, 0x69, 
    0x61, 0x6c, 0x5f, 0x31, 0x2f, 0x67, 0x6c, 0x6f, 0x62, 0x61, 0x6c, 0x5f, 
    0x61, 0x76, 0x65, 0x72, 0x61, 0x67, 0x65, 0x5f, 0x70, 0x6f, 0x6f, 0x6c, 
    0x69, 0x6e, 0x67, 0x32, 0x64, 0x5f, 0x31, 0x2f, 0x4d, 0x65, 0x61, 0x6e, 
    0x00, 0x00, 0x00, 0x00, 0x02, 0x00, 0x00, 0x00, 0x01, 0x00, 0x00, 0x00, 
    0x30, 0x00, 0x00, 0x00, 0xf6, 0xed, 0xff, 0xff, 0x00, 0x00, 0x00, 0x01, 
    0x14, 0x00, 0x00, 0x00, 0x24, 0x00, 0x00, 0x00, 0x24, 0x00, 0x00, 0x00, 
    0x23, 0x00, 0x00, 0x00, 0x58, 0x00, 0x00, 0x00, 0x04, 0x00, 0x00, 0x00, 
    0xff, 0xff, 0xff, 0xff, 0x1f, 0x00, 0x00, 0x00, 0x05, 0x00, 0x00, 0x00, 
    0x30, 0x00, 0x00, 0x00, 0x40, 0xed, 0xff, 0xff, 0x34, 0x00, 0x00, 0x00, 
    0x73, 0x65, 0x71, 0x75, 0x65, 0x6e, 0x74, 0x69, 0x61, 0x6c, 0x5f, 0x31, 
    0x2f, 0x62, 0x61, 0x74, 0x63, 0x68, 0x5f, 0x6e, 0x6f, 0x72, 0x6d, 0x61, 
    0x6c, 0x69, 0x7a, 0x61, 0x74, 0x69, 0x6f, 0x6e, 0x5f, 0x32, 0x5f, 0x31, 
    0x2f, 0x62, 0x61, 0x74, 0x63, 0x68, 0x6e, 0x6f, 0x72, 0x6d, 0x2f, 0x61, 
    0x64, 0x64, 0x5f, 0x31, 0x00, 0x00, 0x00, 0x00, 0x04, 0x00, 0x00, 0x00, 
    0x01, 0x00, 0x00, 0x00, 0x1f, 0x00, 0x00, 0x00, 0x05, 0x00, 0x00, 0x00, 
    0x30, 0x00, 0x00, 0x00, 0x7a, 0xee, 0xff, 0xff, 0x00, 0x00, 0x00, 0x01, 
    0x14, 0x00, 0x00, 0x00, 0x24, 0x00, 0x00, 0x00, 0x24, 0x00, 0x00, 0x00, 
    0x22, 0x00, 0x00, 0x00, 0x58, 0x00, 0x00, 0x00, 0x04, 0x00, 0x00, 0x00, 
    0xff, 0xff, 0xff, 0xff, 0x1f, 0x00, 0x00, 0x00, 0x05, 0x00, 0x00, 0x00, 
    0x30, 0x00, 0x00, 0x00, 0xc4, 0xed, 0xff, 0xff, 0x34, 0x00, 0x00, 0x00, 
    0x73, 0x65, 0x71, 0x75, 0x65, 0x6e, 0x74, 0x69, 0x61, 0x6c, 0x5f, 0x31, 
    0x2f, 0x62, 0x61, 0x74, 0x63, 0x68, 0x5f, 0x6e, 0x6f, 0x72, 0x6d, 0x61, 
    0x6c, 0x69, 0x7a, 0x61, 0x74, 0x69, 0x6f, 0x6e, 0x5f, 0x32, 0x5f, 0x31, 
    0x2f, 0x62, 0x61, 0x74, 0x63, 0x68, 0x6e, 0x6f, 0x72, 0x6d, 0x2f, 0x6d, 
    0x75, 0x6c, 0x5f, 0x31, 0x00, 0x00, 0x00, 0x00, 0x04, 0x00, 0x00, 0x00, 
    0x01, 0x00, 0x00, 0x00, 0x1f, 0x00, 0x00, 0x00, 0x05, 0x00, 0x00, 0x00, 
    0x30, 0x00, 0x00, 0x00, 0xfe, 0xee, 0xff, 0xff, 0x00, 0x00, 0x00, 0x01, 
    0x14, 0x00, 0x00, 0x00, 0x24, 0x00, 0x00, 0x00, 0x24, 0x00, 0x00, 0x00, 
    0x21, 0x00, 0x00, 0x00, 0xa8, 0x00, 0x00, 0x00, 0x04, 0x00, 0x00, 0x00, 
    0xff, 0xff, 0xff, 0xff, 0x1f, 0x00, 0x00, 0x00, 0x05, 0x00, 0x00, 0x00, 
    0x30, 0x00, 0x00, 0x00, 0x48, 0xee, 0xff, 0xff, 0x84, 0x00, 0x00, 0x00, 
    0x73, 0x65, 0x71, 0x75, 0x65, 0x6e, 0x74, 0x69, 0x61, 0x6c, 0x5f, 0x31, 
    0x2f, 0x73, 0x65, 0x70, 0x61, 0x72, 0x61, 0x62, 0x6c, 0x65, 0x5f, 0x63, 
    0x6f, 0x6e, 0x76, 0x32, 0x64, 0x5f, 0x31, 0x5f, 0x32, 0x2f, 0x52, 0x65, 
    0x6c, 0x75, 0x3b, 0x73, 0x65, 0x71, 0x75, 0x65, 0x6e, 0x74, 0x69, 0x61, 
    0x6c, 0x5f, 0x31, 0x2f, 0x73, 0x65, 0x70, 0x61, 0x72, 0x61, 0x62, 0x6c, 
    0x65, 0x5f, 0x63, 0x6f, 0x6e, 0x76, 0x32, 0x64, 0x5f, 0x31, 0x5f, 0x32, 
    0x2f, 0x42, 0x69, 0x61, 0x73, 0x41, 0x64, 0x64, 0x3b, 0x73, 0x65, 0x71, 
    0x75, 0x65, 0x6e, 0x74, 0x69, 0x61, 0x6c, 0x5f, 0x31, 0x2f, 0x73, 0x65, 
    0x70, 0x61, 0x72, 0x61, 0x62, 0x6c, 0x65, 0x5f, 0x63, 0x6f, 0x6e, 0x76, 
    0x32, 0x64, 0x5f, 0x31, 0x5f, 0x32, 0x2f, 0x73, 0x65, 0x70, 0x61, 0x72, 
    0x61, 0x62, 0x6c, 0x65, 0x5f, 0x63, 0x6f, 0x6e, 0x76, 0x32, 0x64, 0x3b, 
    0x00, 0x00, 0x00, 0x00, 0x04, 0x00, 0x00, 0x00, 0x01, 0x00, 0x00, 0x00, 
    0x1f, 0x00, 0x00, 0x00, 0x05, 0x00, 0x00, 0x00, 0x30, 0x00, 0x00, 0x00, 
    0xd2, 0xef, 0xff, 0xff, 0x00, 0x00, 0x00, 0x01, 0x14, 0x00, 0x00, 0x00, 
    0x24, 0x00, 0x00, 0x00, 0x24, 0x00, 0x00, 0x00, 0x20, 0x00, 0x00, 0x00, 
    0x60, 0x00, 0x00, 0x00, 0x04, 0x00, 0x00, 0x00, 0xff, 0xff, 0xff, 0xff, 
    0x1f, 0x00, 0x00, 0x00, 0x05, 0x00, 0x00, 0x00, 0x20, 0x00, 0x00, 0x00, 
    0x1c, 0xef, 0xff, 0xff, 0x3c, 0x00, 0x00, 0x00, 0x73, 0x65, 0x71, 0x75, 
    0x65, 0x6e, 0x74, 0x69, 0x61, 0x6c, 0x5f, 0x31, 0x2f, 0x73, 0x65, 0x70, 
    0x61, 0x72, 0x61, 0x62, 0x6c, 0x65, 0x5f, 0x63, 0x6f, 0x6e, 0x76, 0x32, 
    0x64, 0x5f, 0x31, 0x5f, 0x32, 0x2f, 0x73, 0x65, 0x70, 0x61, 0x72, 0x61, 
    0x62, 0x6c, 0x65, 0x5f, 0x63, 0x6f, 0x6e, 0x76, 0x32, 0x64, 0x2f, 0x64, 
    0x65, 0x70, 0x74, 0x68, 0x77, 0x69, 0x73, 0x65, 0x00, 0x00, 0x00, 0x00, 
    0x04, 0x00, 0x00, 0x00, 0x01, 0x00, 0x00, 0x00, 0x1f, 0x00, 0x00, 0x00, 
    0x05, 0x00, 0x00, 0x00, 0x20, 0x00, 0x00, 0x00, 0x5e, 0xf0, 0xff, 0xff, 
    0x00, 0x00, 0x00, 0x01, 0x14, 0x00, 0x00, 0x00, 0x24, 0x00, 0x00, 0x00, 
    0x24, 0x00, 0x00, 0x00, 0x1f, 0x00, 0x00, 0x00, 0x4c, 0x00, 0x00, 0x00, 
    0x04, 0x00, 0x00, 0x00, 0xff, 0xff, 0xff, 0xff, 0x1f, 0x00, 0x00, 0x00, 
    0x05, 0x00, 0x00, 0x00, 0x20, 0x00, 0x00, 0x00, 0xa8, 0xef, 0xff, 0xff, 
    0x28, 0x00, 0x00, 0x00, 0x73, 0x65, 0x71, 0x75, 0x65, 0x6e, 0x74, 0x69, 
    0x61, 0x6c, 0x5f, 0x31, 0x2f, 0x6d, 0x61, 0x78, 0x5f, 0x70, 0x6f, 0x6f, 
    0x6c, 0x69, 0x6e, 0x67, 0x32, 0x64, 0x5f, 0x31, 0x5f, 0x32, 0x2f, 0x4d, 
    0x61, 0x78, 0x50, 0x6f, 0x6f, 0x6c, 0x32, 0x64, 0x00, 0x00, 0x00, 0x00, 
    0x04, 0x00, 0x00, 0x00, 0x01, 0x00, 0x00, 0x00, 0x1f, 0x00, 0x00, 0x00, 
    0x05, 0x00, 0x00, 0x00, 0x20, 0x00, 0x00, 0x00, 0xd6, 0xf0, 0xff, 0xff, 
    0x00, 0x00, 0x00, 0x01, 0x14, 0x00, 0x00, 0x00, 0x24, 0x00, 0x00, 0x00, 
    0x24, 0x00, 0x00, 0x00, 0x1e, 0x00, 0x00, 0x00, 0x58, 0x00, 0x00, 0x00, 
    0x04, 0x00, 0x00, 0x00, 0xff, 0xff, 0xff, 0xff, 0x3e, 0x00, 0x00, 0x00, 
    0x0a, 0x00, 0x00, 0x00, 0x20, 0x00, 0x00, 0x00, 0x20, 0xf0, 0xff, 0xff, 
    0x34, 0x00, 0x00, 0x00, 0x73, 0x65, 0x71, 0x75, 0x65, 0x6e, 0x74, 0x69, 
    0x61, 0x6c, 0x5f, 0x31, 0x2f, 0x62, 0x61, 0x74, 0x63, 0x68, 0x5f, 0x6e, 
    0x6f, 0x72, 0x6d, 0x61, 0x6c, 0x69, 0x7a, 0x61, 0x74, 0x69, 0x6f, 0x6e, 
    0x5f, 0x31, 0x5f, 0x32, 0x2f, 0x62, 0x61, 0x74, 0x63, 0x68, 0x6e, 0x6f, 
    0x72, 0x6d, 0x2f, 0x61, 0x64, 0x64, 0x5f, 0x31, 0x00, 0x00, 0x00, 0x00, 
    0x04, 0x00, 0x00, 0x00, 0x01, 0x00, 0x00, 0x00, 0x3e, 0x00, 0x00, 0x00, 
    0x0a, 0x00, 0x00, 0x00, 0x20, 0x00, 0x00, 0x00, 0x5a, 0xf1, 0xff, 0xff, 
    0x00, 0x00, 0x00, 0x01, 0x14, 0x00, 0x00, 0x00, 0x24, 0x00, 0x00, 0x00, 
    0x24, 0x00, 0x00, 0x00, 0x1d, 0x00, 0x00, 0x00, 0x58, 0x00, 0x00, 0x00, 
    0x04, 0x00, 0x00, 0x00, 0xff, 0xff, 0xff, 0xff, 0x3e, 0x00, 0x00, 0x00, 
    0x0a, 0x00, 0x00, 0x00, 0x20, 0x00, 0x00, 0x00, 0xa4, 0xf0, 0xff, 0xff, 
    0x34, 0x00, 0x00, 0x00, 0x73, 0x65, 0x71, 0x75, 0x65, 0x6e, 0x74, 0x69, 
    0x61, 0x6c, 0x5f, 0x31, 0x2f, 0x62, 0x61, 0x74, 0x63, 0x68, 0x5f, 0x6e, 
    0x6f, 0x72, 0x6d, 0x61, 0x6c, 0x69, 0x7a, 0x61, 0x74, 0x69, 0x6f, 0x6e, 
    0x5f, 0x31, 0x5f, 0x32, 0x2f, 0x62, 0x61, 0x74, 0x63, 0x68, 0x6e, 0x6f, 
    0x72, 0x6d, 0x2f, 0x6d, 0x75, 0x6c, 0x5f, 0x31, 0x00, 0x00, 0x00, 0x00, 
    0x04, 0x00, 0x00, 0x00, 0x01, 0x00, 0x00, 0x00, 0x3e, 0x00, 0x00, 0x00, 
    0x0a, 0x00, 0x00, 0x00, 0x20, 0x00, 0x00, 0x00, 0xde, 0xf1, 0xff, 0xff, 
    0x00, 0x00, 0x00, 0x01, 0x14, 0x00, 0x00, 0x00, 0x24, 0x00, 0x00, 0x00, 
    0x24, 0x00, 0x00, 0x00, 0x1c, 0x00, 0x00, 0x00, 0xa0, 0x00, 0x00, 0x00, 
    0x04, 0x00, 0x00, 0x00, 0xff, 0xff, 0xff, 0xff, 0x3e, 0x00, 0x00, 0x00, 
    0x0a, 0x00, 0x00, 0x00, 0x20, 0x00, 0x00, 0x00, 0x28, 0xf1, 0xff, 0xff, 
    0x7e, 0x00, 0x00, 0x00, 0x73, 0x65, 0x71, 0x75, 0x65, 0x6e, 0x74, 0x69, 
    0x61, 0x6c, 0x5f, 0x31, 0x2f, 0x73, 0x65, 0x70, 0x61, 0x72, 0x61, 0x62, 
    0x6c, 0x65, 0x5f, 0x63, 0x6f, 0x6e, 0x76, 0x32, 0x64, 0x5f, 0x31, 0x2f, 
    0x52, 0x65, 0x6c, 0x75, 0x3b, 0x73, 0x65, 0x71, 0x75, 0x65, 0x6e, 0x74, 
    0x69, 0x61, 0x6c, 0x5f, 0x31, 0x2f, 0x73, 0x65, 0x70, 0x61, 0x72, 0x61, 
    0x62, 0x6c, 0x65, 0x5f, 0x63, 0x6f, 0x6e, 0x76, 0x32, 0x64, 0x5f, 0x31, 
    0x2f, 0x42, 0x69, 0x61, 0x73, 0x41, 0x64, 0x64, 0x3b, 0x73, 0x65, 0x71, 
    0x75, 0x65, 0x6e, 0x74, 0x69, 0x61, 0x6c, 0x5f, 0x31, 0x2f, 0x73, 0x65, 
    0x70, 0x61, 0x72, 0x61, 0x62, 0x6c, 0x65, 0x5f, 0x63, 0x6f, 0x6e, 0x76, 
    0x32, 0x64, 0x5f, 0x31, 0x2f, 0x73, 0x65, 0x70, 0x61, 0x72, 0x61, 0x62, 
    0x6c, 0x65, 0x5f, 0x63, 0x6f, 0x6e, 0x76, 0x32, 0x64, 0x3b, 0x00, 0x00, 
    0x04, 0x00, 0x00, 0x00, 0x01, 0x00, 0x00, 0x00, 0x3e, 0x00, 0x00, 0x00, 
    0x0a, 0x00, 0x00, 0x00, 0x20, 0x00, 0x00, 0x00, 0xaa, 0xf2, 0xff, 0xff, 
    0x00, 0x00, 0x00, 0x01, 0x14, 0x00, 0x00, 0x00, 0x24, 0x00, 0x00, 0x00, 
    0x24, 0x00, 0x00, 0x00, 0x1b, 0x00, 0x00, 0x00, 0x5c, 0x00, 0x00, 0x00, 
    0x04, 0x00, 0x00, 0x00, 0xff, 0xff, 0xff, 0xff, 0x3e, 0x00, 0x00, 0x00, 
    0x0a, 0x00, 0x00, 0x00, 0x10, 0x00, 0x00, 0x00, 0xf4, 0xf1, 0xff, 0xff, 
    0x3a, 0x00, 0x00, 0x00, 0x73, 0x65, 0x71, 0x75, 0x65, 0x6e, 0x74, 0x69, 
    0x61, 0x6c, 0x5f, 0x31, 0x2f, 0x73, 0x65, 0x70, 0x61, 0x72, 0x61, 0x62, 
    0x6c, 0x65, 0x5f, 0x63, 0x6f, 0x6e, 0x76, 0x32, 0x64, 0x5f, 0x31, 0x2f, 
    0x73, 0x65, 0x70, 0x61, 0x72, 0x61, 0x62, 0x6c, 0x65, 0x5f, 0x63, 0x6f, 
    0x6e, 0x76, 0x32, 0x64, 0x2f, 0x64, 0x65, 0x70, 0x74, 0x68, 0x77, 0x69, 
    0x73, 0x65, 0x00, 0x00, 0x04, 0x00, 0x00, 0x00, 0x01, 0x00, 0x00, 0x00, 
    0x3e, 0x00, 0x00, 0x00, 0x0a, 0x00, 0x00, 0x00, 0x10, 0x00, 0x00, 0x00, 
    0x32, 0xf3, 0xff, 0xff, 0x00, 0x00, 0x00, 0x01, 0x14, 0x00, 0x00, 0x00, 
    0x24, 0x00, 0x00, 0x00, 0x24, 0x00, 0x00, 0x00, 0x1a, 0x00, 0x00, 0x00, 
    0x48, 0x00, 0x00, 0x00, 0x04, 0x00, 0x00, 0x00, 0xff, 0xff, 0xff, 0xff, 
    0x3e, 0x00, 0x00, 0x00, 0x0a, 0x00, 0x00, 0x00, 0x10, 0x00, 0x00, 0x00, 
    0x7c, 0xf2, 0xff, 0xff, 0x26, 0x00, 0x00, 0x00, 0x73, 0x65, 0x71, 0x75, 
    0x65, 0x6e, 0x74, 0x69, 0x61, 0x6c, 0x5f, 0x31, 0x2f, 0x6d, 0x61, 0x78, 
    0x5f, 0x70, 0x6f, 0x6f, 0x6c, 0x69, 0x6e, 0x67, 0x32, 0x64, 0x5f, 0x31, 
    0x2f, 0x4d, 0x61, 0x78, 0x50, 0x6f, 0x6f, 0x6c, 0x32, 0x64, 0x00, 0x00, 
    0x04, 0x00, 0x00, 0x00, 0x01, 0x00, 0x00, 0x00, 0x3e, 0x00, 0x00, 0x00, 
    0x0a, 0x00, 0x00, 0x00, 0x10, 0x00, 0x00, 0x00, 0xa6, 0xf3, 0xff, 0xff, 
    0x00, 0x00, 0x00, 0x01, 0x14, 0x00, 0x00, 0x00, 0x24, 0x00, 0x00, 0x00, 
    0x24, 0x00, 0x00, 0x00, 0x19, 0x00, 0x00, 0x00, 0x54, 0x00, 0x00, 0x00, 
    0x04, 0x00, 0x00, 0x00, 0xff, 0xff, 0xff, 0xff, 0x7d, 0x00, 0x00, 0x00, 
    0x14, 0x00, 0x00, 0x00, 0x10, 0x00, 0x00, 0x00, 0xf0, 0xf2, 0xff, 0xff, 
    0x32, 0x00, 0x00, 0x00, 0x73, 0x65, 0x71, 0x75, 0x65, 0x6e, 0x74, 0x69, 
    0x61, 0x6c, 0x5f, 0x31, 0x2f, 0x62, 0x61, 0x74, 0x63, 0x68, 0x5f, 0x6e, 
    0x6f, 0x72, 0x6d, 0x61, 0x6c, 0x69, 0x7a, 0x61, 0x74, 0x69, 0x6f, 0x6e, 
    0x5f, 0x31, 0x2f, 0x62, 0x61, 0x74, 0x63, 0x68, 0x6e, 0x6f, 0x72, 0x6d, 
    0x2f, 0x61, 0x64, 0x64, 0x5f, 0x31, 0x00, 0x00, 0x04, 0x00, 0x00, 0x00, 
    0x01, 0x00, 0x00, 0x00, 0x7d, 0x00, 0x00, 0x00, 0x14, 0x00, 0x00, 0x00, 
    0x10, 0x00, 0x00, 0x00, 0x26, 0xf4, 0xff, 0xff, 0x00, 0x00, 0x00, 0x01, 
    0x14, 0x00, 0x00, 0x00, 0x24, 0x00, 0x00, 0x00, 0x24, 0x00, 0x00, 0x00, 
    0x18, 0x00, 0x00, 0x00, 0x54, 0x00, 0x00, 0x00, 0x04, 0x00, 0x00, 0x00, 
    0xff, 0xff, 0xff, 0xff, 0x7d, 0x00, 0x00, 0x00, 0x14, 0x00, 0x00, 0x00, 
    0x10, 0x00, 0x00, 0x00, 0x70, 0xf3, 0xff, 0xff, 0x32, 0x00, 0x00, 0x00, 
    0x73, 0x65, 0x71, 0x75, 0x65, 0x6e, 0x74, 0x69, 0x61, 0x6c, 0x5f, 0x31, 
    0x2f, 0x62, 0x61, 0x74, 0x63, 0x68, 0x5f, 0x6e, 0x6f, 0x72, 0x6d, 0x61, 
    0x6c, 0x69, 0x7a, 0x61, 0x74, 0x69, 0x6f, 0x6e, 0x5f, 0x31, 0x2f, 0x62, 
    0x61, 0x74, 0x63, 0x68, 0x6e, 0x6f, 0x72, 0x6d, 0x2f, 0x6d, 0x75, 0x6c, 
    0x5f, 0x31, 0x00, 0x00, 0x04, 0x00, 0x00, 0x00, 0x01, 0x00, 0x00, 0x00, 
    0x7d, 0x00, 0x00, 0x00, 0x14, 0x00, 0x00, 0x00, 0x10, 0x00, 0x00, 0x00, 
    0xa6, 0xf4, 0xff, 0xff, 0x00, 0x00, 0x00, 0x01, 0x14, 0x00, 0x00, 0x00, 
    0x24, 0x00, 0x00, 0x00, 0x24, 0x00, 0x00, 0x00, 0x17, 0x00, 0x00, 0x00, 
    0x7c, 0x00, 0x00, 0x00, 0x04, 0x00, 0x00, 0x00, 0xff, 0xff, 0xff, 0xff, 
    0x7d, 0x00, 0x00, 0x00, 0x14, 0x00, 0x00, 0x00, 0x10, 0x00, 0x00, 0x00, 
    0xf0, 0xf3, 0xff, 0xff, 0x5b, 0x00, 0x00, 0x00, 0x73, 0x65, 0x71, 0x75, 
    0x65, 0x6e, 0x74, 0x69, 0x61, 0x6c, 0x5f, 0x31, 0x2f, 0x63, 0x6f, 0x6e, 
    0x76, 0x32, 0x64, 0x5f, 0x31, 0x2f, 0x52, 0x65, 0x6c, 0x75, 0x3b, 0x73, 
    0x65, 0x71, 0x75, 0x65, 0x6e, 0x74, 0x69, 0x61, 0x6c, 0x5f, 0x31, 0x2f, 
    0x63, 0x6f, 0x6e, 0x76, 0x32, 0x64, 0x5f, 0x31, 0x2f, 0x42, 0x69, 0x61, 
    0x73, 0x41, 0x64, 0x64, 0x3b, 0x73, 0x65, 0x71, 0x75, 0x65, 0x6e, 0x74, 
    0x69, 0x61, 0x6c, 0x5f, 0x31, 0x2f, 0x63, 0x6f, 0x6e, 0x76, 0x32, 0x64, 
    0x5f, 0x31, 0x2f, 0x63, 0x6f, 0x6e, 0x76, 0x6f, 0x6c, 0x75, 0x74, 0x69, 
    0x6f, 0x6e, 0x3b, 0x00, 0x04, 0x00, 0x00, 0x00, 0x01, 0x00, 0x00, 0x00, 
    0x7d, 0x00, 0x00, 0x00, 0x14, 0x00, 0x00, 0x00, 0x10, 0x00, 0x00, 0x00, 
    0xbe, 0xf7, 0xff, 0xff, 0x00, 0x00, 0x00, 0x01, 0x14, 0x00, 0x00, 0x00, 
    0x24, 0x03, 0x00, 0x00, 0x16, 0x00, 0x00, 0x00, 0x00, 0x00, 0x00, 0x09, 
    0x30, 0x03, 0x00, 0x00, 0xac, 0xfc, 0xff, 0xff, 0x08, 0x00, 0x00, 0x00, 
    0x08, 0x02, 0x00, 0x00, 0x40, 0x00, 0x00, 0x00, 0x00, 0x00, 0x00, 0x00, 
    0x00, 0x00, 0x00, 0x00, 0x00, 0x00, 0x00, 0x00, 0x00, 0x00, 0x00, 0x00, 
    0x00, 0x00, 0x00, 0x00, 0x00, 0x00, 0x00, 0x00, 0x00, 0x00, 0x00, 0x00, 
    0x00, 0x00, 0x00, 0x00, 0x00, 0x00, 0x00, 0x00, 0x00, 0x00, 0x00, 0x00, 
    0x00, 0x00, 0x00, 0x00, 0x00, 0x00, 0x00, 0x00, 0x00, 0x00, 0x00, 0x00, 
    0x00, 0x00, 0x00, 0x00, 0x00, 0x00, 0x00, 0x00, 0x00, 0x00, 0x00, 0x00, 
    0x00, 0x00, 0x00, 0x00, 0x00, 0x00, 0x00, 0x00, 0x00, 0x00, 0x00, 0x00, 
    0x00, 0x00, 0x00, 0x00, 0x00, 0x00, 0x00, 0x00, 0x00, 0x00, 0x00, 0x00, 
    0x00, 0x00, 0x00, 0x00, 0x00, 0x00, 0x00, 0x00, 0x00, 0x00, 0x00, 0x00, 
    0x00, 0x00, 0x00, 0x00, 0x00, 0x00, 0x00, 0x00, 0x00, 0x00, 0x00, 0x00, 
    0x00, 0x00, 0x00, 0x00, 0x00, 0x00, 0x00, 0x00, 0x00, 0x00, 0x00, 0x00, 
    0x00, 0x00, 0x00, 0x00, 0x00, 0x00, 0x00, 0x00, 0x00, 0x00, 0x00, 0x00, 
    0x00, 0x00, 0x00, 0x00, 0x00, 0x00, 0x00, 0x00, 0x00, 0x00, 0x00, 0x00, 
    0x00, 0x00, 0x00, 0x00, 0x00, 0x00, 0x00, 0x00, 0x00, 0x00, 0x00, 0x00, 
    0x00, 0x00, 0x00, 0x00, 0x00, 0x00, 0x00, 0x00, 0x00, 0x00, 0x00, 0x00, 
    0x00, 0x00, 0x00, 0x00, 0x00, 0x00, 0x00, 0x00, 0x00, 0x00, 0x00, 0x00, 
    0x00, 0x00, 0x00, 0x00, 0x00, 0x00, 0x00, 0x00, 0x00, 0x00, 0x00, 0x00, 
    0x00, 0x00, 0x00, 0x00, 0x00, 0x00, 0x00, 0x00, 0x00, 0x00, 0x00, 0x00, 
    0x00, 0x00, 0x00, 0x00, 0x00, 0x00, 0x00, 0x00, 0x00, 0x00, 0x00, 0x00, 
    0x00, 0x00, 0x00, 0x00, 0x00, 0x00, 0x00, 0x00, 0x00, 0x00, 0x00, 0x00, 
    0x00, 0x00, 0x00, 0x00, 0x00, 0x00, 0x00, 0x00, 0x00, 0x00, 0x00, 0x00, 
    0x00, 0x00, 0x00, 0x00, 0x00, 0x00, 0x00, 0x00, 0x00, 0x00, 0x00, 0x00, 
    0x00, 0x00, 0x00, 0x00, 0x00, 0x00, 0x00, 0x00, 0x00, 0x00, 0x00, 0x00, 
    0x00, 0x00, 0x00, 0x00, 0x00, 0x00, 0x00, 0x00, 0x00, 0x00, 0x00, 0x00, 
    0x00, 0x00, 0x00, 0x00, 0x00, 0x00, 0x00, 0x00, 0x00, 0x00, 0x00, 0x00, 
    0x00, 0x00, 0x00, 0x00, 0x00, 0x00, 0x00, 0x00, 0x00, 0x00, 0x00, 0x00, 
    0x00, 0x00, 0x00, 0x00, 0x00, 0x00, 0x00, 0x00, 0x00, 0x00, 0x00, 0x00, 
    0x00, 0x00, 0x00, 0x00, 0x00, 0x00, 0x00, 0x00, 0x00, 0x00, 0x00, 0x00, 
    0x00, 0x00, 0x00, 0x00, 0x00, 0x00, 0x00, 0x00, 0x00, 0x00, 0x00, 0x00, 
    0x00, 0x00, 0x00, 0x00, 0x00, 0x00, 0x00, 0x00, 0x00, 0x00, 0x00, 0x00, 
    0x00, 0x00, 0x00, 0x00, 0x00, 0x00, 0x00, 0x00, 0x00, 0x00, 0x00, 0x00, 
    0x00, 0x00, 0x00, 0x00, 0x00, 0x00, 0x00, 0x00, 0x00, 0x00, 0x00, 0x00, 
    0x00, 0x00, 0x00, 0x00, 0x00, 0x00, 0x00, 0x00, 0x00, 0x00, 0x00, 0x00, 
    0x00, 0x00, 0x00, 0x00, 0x00, 0x00, 0x00, 0x00, 0x00, 0x00, 0x00, 0x00, 
    0x00, 0x00, 0x00, 0x00, 0x00, 0x00, 0x00, 0x00, 0x00, 0x00, 0x00, 0x00, 
    0x00, 0x00, 0x00, 0x00, 0x00, 0x00, 0x00, 0x00, 0x00, 0x00, 0x00, 0x00, 
    0x00, 0x00, 0x00, 0x00, 0x00, 0x00, 0x00, 0x00, 0x00, 0x00, 0x00, 0x00, 
    0x00, 0x00, 0x00, 0x00, 0x00, 0x00, 0x00, 0x00, 0x00, 0x00, 0x00, 0x00, 
    0x00, 0x00, 0x00, 0x00, 0x00, 0x00, 0x00, 0x00, 0x00, 0x00, 0x00, 0x00, 
    0x00, 0x00, 0x00, 0x00, 0x00, 0x00, 0x00, 0x00, 0x00, 0x00, 0x00, 0x00, 
    0x00, 0x00, 0x00, 0x00, 0x00, 0x00, 0x00, 0x00, 0x00, 0x00, 0x00, 0x00, 
    0x00, 0x00, 0x00, 0x00, 0x00, 0x00, 0x00, 0x00, 0x00, 0x00, 0x00, 0x00, 
    0x00, 0x00, 0x00, 0x00, 0x00, 0x00, 0x00, 0x00, 0x00, 0x00, 0x00, 0x00, 
    0x00, 0x00, 0x00, 0x00, 0x40, 0x00, 0x00, 0x00, 0x0f, 0xe0, 0x1a, 0x3b, 
    0xf1, 0x46, 0xf3, 0x3a, 0xc6, 0xee, 0xe2, 0x3a, 0xa2, 0x74, 0xb7, 0x3a, 
    0xe0, 0xbc, 0xec, 0x3a, 0xb2, 0x80, 0x05, 0x3b, 0x0a, 0xd5, 0xde, 0x3a, 
    0x65, 0x85, 0xbf, 0x3a, 0x0b, 0x64, 0xcf, 0x3a, 0xdd, 0x74, 0xfe, 0x3a, 
    0x87, 0xcb, 0x00, 0x3b, 0xea, 0x45, 0xb7, 0x3a, 0xa7, 0x91, 0x03, 0x3b, 
    0x21, 0x02, 0xfd, 0x3a, 0xef, 0x6f, 0xbb, 0x3a, 0x95, 0x90, 0xf6, 0x3a, 
    0x37, 0x36, 0xe6, 0x3a, 0x8b, 0xca, 0xd2, 0x3a, 0x99, 0x00, 0xe1, 0x3a, 
    0xa2, 0x6c, 0xce, 0x3a, 0xda, 0xab, 0xdb, 0x3a, 0x96, 0x9f, 0xd9, 0x3a, 
    0xf8, 0xf8, 0xee, 0x3a, 0xff, 0x06, 0xe1, 0x3a, 0x25, 0xb9, 0xe7, 0x3a, 
    0xee, 0xc8, 0xe0, 0x3a, 0x70, 0x84, 0xd1, 0x3a, 0xf6, 0x7f, 0xd1, 0x3a, 
    0xbe, 0xbd, 0x04, 0x3b, 0x4d, 0xfe, 0xbf, 0x3a, 0xe2, 0x46, 0xe8, 0x3a, 
    0xca, 0xd9, 0x0b, 0x3b, 0x7c, 0xf9, 0xdf, 0x3a, 0xf0, 0xa8, 0xe8, 0x3a, 
    0x03, 0xce, 0xab, 0x3a, 0x77, 0x71, 0xb5, 0x3a, 0x2d, 0xd2, 0xc9, 0x3a, 
    0xb7, 0x62, 0xd2, 0x3a, 0xb9, 0xe0, 0xdd, 0x3a, 0x30, 0xff, 0xe4, 0x3a, 
    0xf8, 0x33, 0xdb, 0x3a, 0x4d, 0x41, 0xf5, 0x3a, 0x67, 0x5e, 0xe2, 0x3a, 
    0xe6, 0xec, 0xd4, 0x3a, 0x2a, 0x61, 0xec, 0x3a, 0x76, 0x75, 0xa7, 0x3a, 
    0x73, 0x35, 0xcc, 0x3a, 0xb0, 0x17, 0xe3, 0x3a, 0x50, 0x75, 0xd6, 0x3a, 
    0x91, 0x0b, 0xa9, 0x3a, 0x62, 0x18, 0xd4, 0x3a, 0x10, 0x2b, 0xc8, 0x3a, 
    0xce, 0xdc, 0xee, 0x3a, 0x2b, 0x3b, 0xd5, 0x3a, 0x55, 0xbe, 0xd0, 0x3a, 
    0x9c, 0x21, 0xbb, 0x3a, 0xb8, 0x8a, 0xac, 0x3a, 0xf9, 0xd7, 0xec, 0x3a, 
    0x18, 0x1b, 0xaa, 0x3a, 0x94, 0x6e, 0x00, 0x3b, 0xbd, 0x27, 0x99, 0x3a, 
    0x6a, 0x88, 0xc0, 0x3a, 0x0f, 0x54, 0xce, 0x3a, 0x89, 0x16, 0x14, 0x3b, 
    0x12, 0x00, 0x00, 0x00, 0x74, 0x66, 0x6c, 0x2e, 0x70, 0x73, 0x65, 0x75, 
    0x64, 0x6f, 0x5f, 0x71, 0x63, 0x6f, 0x6e, 0x73, 0x74, 0x31, 0x00, 0x00, 
    0x02, 0x00, 0x00, 0x00, 0x40, 0x00, 0x00, 0x00, 0x30, 0x00, 0x00, 0x00, 
    0x12, 0xfb, 0xff, 0xff, 0x00, 0x00, 0x00, 0x01, 0x20, 0x00, 0x00, 0x00, 
    0x70, 0x02, 0x00, 0x00, 0x15, 0x00, 0x00, 0x00, 0x00, 0x00, 0x00, 0x09, 
    0x7c, 0x02, 0x00, 0x00, 0x0c, 0x00, 0x0c, 0x00, 0x00, 0x00, 0x00, 0x00, 
    0x08, 0x00, 0x04, 0x00, 0x0c, 0x00, 0x00, 0x00, 0x08, 0x00, 0x00, 0x00, 
    0x88, 0x01, 0x00, 0x00, 0x30, 0x00, 0x00, 0x00, 0x00, 0x00, 0x00, 0x00, 
    0x00, 0x00, 0x00, 0x00, 0x00, 0x00, 0x00, 0x00, 0x00, 0x00, 0x00, 0x00, 
    0x00, 0x00, 0x00, 0x00, 0x00, 0x00, 0x00, 0x00, 0x00, 0x00, 0x00, 0x00, 
    0x00, 0x00, 0x00, 0x00, 0x00, 0x00, 0x00, 0x00, 0x00, 0x00, 0x00, 0x00, 
    0x00, 0x00, 0x00, 0x00, 0x00, 0x00, 0x00, 0x00, 0x00, 0x00, 0x00, 0x00, 
    0x00, 0x00, 0x00, 0x00, 0x00, 0x00, 0x00, 0x00, 0x00, 0x00, 0x00, 0x00, 
    0x00, 0x00, 0x00, 0x00, 0x00, 0x00, 0x00, 0x00, 0x00, 0x00, 0x00, 0x00, 
    0x00, 0x00, 0x00, 0x00, 0x00, 0x00, 0x00, 0x00, 0x00, 0x00, 0x00, 0x00, 
    0x00, 0x00, 0x00, 0x00, 0x00, 0x00, 0x00, 0x00, 0x00, 0x00, 0x00, 0x00, 
    0x00, 0x00, 0x00, 0x00, 0x00, 0x00, 0x00, 0x00, 0x00, 0x00, 0x00, 0x00, 
    0x00, 0x00, 0x00, 0x00, 0x00, 0x00, 0x00, 0x00, 0x00, 0x00, 0x00, 0x00, 
    0x00, 0x00, 0x00, 0x00, 0x00, 0x00, 0x00, 0x00, 0x00, 0x00, 0x00, 0x00, 
    0x00, 0x00, 0x00, 0x00, 0x00, 0x00, 0x00, 0x00, 0x00, 0x00, 0x00, 0x00, 
    0x00, 0x00, 0x00, 0x00, 0x00, 0x00, 0x00, 0x00, 0x00, 0x00, 0x00, 0x00, 
    0x00, 0x00, 0x00, 0x00, 0x00, 0x00, 0x00, 0x00, 0x00, 0x00, 0x00, 0x00, 
    0x00, 0x00, 0x00, 0x00, 0x00, 0x00, 0x00, 0x00, 0x00, 0x00, 0x00, 0x00, 
    0x00, 0x00, 0x00, 0x00, 0x00, 0x00, 0x00, 0x00, 0x00, 0x00, 0x00, 0x00, 
    0x00, 0x00, 0x00, 0x00, 0x00, 0x00, 0x00, 0x00, 0x00, 0x00, 0x00, 0x00, 
    0x00, 0x00, 0x00, 0x00, 0x00, 0x00, 0x00, 0x00, 0x00, 0x00, 0x00, 0x00, 
    0x00, 0x00, 0x00, 0x00, 0x00, 0x00, 0x00, 0x00, 0x00, 0x00, 0x00, 0x00, 
    0x00, 0x00, 0x00, 0x00, 0x00, 0x00, 0x00, 0x00, 0x00, 0x00, 0x00, 0x00, 
    0x00, 0x00, 0x00, 0x00, 0x00, 0x00, 0x00, 0x00, 0x00, 0x00, 0x00, 0x00, 
    0x00, 0x00, 0x00, 0x00, 0x00, 0x00, 0x00, 0x00, 0x00, 0x00, 0x00, 0x00, 
    0x00, 0x00, 0x00, 0x00, 0x00, 0x00, 0x00, 0x00, 0x00, 0x00, 0x00, 0x00, 
    0x00, 0x00, 0x00, 0x00, 0x00, 0x00, 0x00, 0x00, 0x00, 0x00, 0x00, 0x00, 
    0x00, 0x00, 0x00, 0x00, 0x00, 0x00, 0x00, 0x00, 0x00, 0x00, 0x00, 0x00, 
    0x00, 0x00, 0x00, 0x00, 0x00, 0x00, 0x00, 0x00, 0x00, 0x00, 0x00, 0x00, 
    0x00, 0x00, 0x00, 0x00, 0x00, 0x00, 0x00, 0x00, 0x00, 0x00, 0x00, 0x00, 
    0x00, 0x00, 0x00, 0x00, 0x00, 0x00, 0x00, 0x00, 0x00, 0x00, 0x00, 0x00, 
    0x00, 0x00, 0x00, 0x00, 0x00, 0x00, 0x00, 0x00, 0x00, 0x00, 0x00, 0x00, 
    0x00, 0x00, 0x00, 0x00, 0x00, 0x00, 0x00, 0x00, 0x00, 0x00, 0x00, 0x00, 
    0x00, 0x00, 0x00, 0x00, 0x00, 0x00, 0x00, 0x00, 0x00, 0x00, 0x00, 0x00, 
    0x00, 0x00, 0x00, 0x00, 0x00, 0x00, 0x00, 0x00, 0x30, 0x00, 0x00, 0x00, 
    0xdd, 0xfb, 0x53, 0x3b, 0x3d, 0x68, 0x43, 0x3b, 0xb4, 0x1a, 0x55, 0x3b, 
    0x48, 0xe9, 0x39, 0x3b, 0xe0, 0xda, 0x2c, 0x3b, 0xfb, 0x13, 0x8a, 0x3b, 
    0xfb, 0xab, 0x78, 0x3b, 0xb0, 0x06, 0x46, 0x3b, 0xa1, 0x6e, 0x47, 0x3b, 
    0x37, 0x00, 0x2c, 0x3b, 0x57, 0x8d, 0x1a, 0x3b, 0x23, 0x59, 0x46, 0x3b, 
    0x78, 0x9c, 0x38, 0x3b, 0x16, 0xb3, 0x7c, 0x3b, 0xbe, 0x45, 0x3a, 0x3b, 
    0x65, 0x24, 0x56, 0x3b, 0x84, 0x86, 0x88, 0x3b, 0xb9, 0xc1, 0x87, 0x3b, 
    0xa0, 0xd8, 0x53, 0x3b, 0xca, 0x47, 0x20, 0x3b, 0xa8, 0x41, 0x34, 0x3b, 
    0xa7, 0xc8, 0x65, 0x3b, 0x70, 0x94, 0x4b, 0x3b, 0x33, 0x37, 0x20, 0x3b, 
    0x53, 0xab, 0x3c, 0x3b, 0x2e, 0xac, 0x32, 0x3b, 0xfa, 0xe3, 0x44, 0x3b, 
    0x51, 0x8f, 0x54, 0x3b, 0x91, 0x83, 0x13, 0x3b, 0x4b, 0x9f, 0x21, 0x3b, 
    0xdf, 0x7f, 0x35, 0x3b, 0x0c, 0xa4, 0xa7, 0x3b, 0x75, 0xd5, 0x26, 0x3b, 
    0x1e, 0x84, 0x44, 0x3b, 0xe1, 0x88, 0x54, 0x3b, 0x7c, 0x2a, 0x4c, 0x3b, 
    0x1b, 0x28, 0x53, 0x3b, 0xca, 0x11, 0x49, 0x3b, 0x41, 0xe3, 0x2f, 0x3b, 
    0x72, 0x06, 0x39, 0x3b, 0xa4, 0x6e, 0x42, 0x3b, 0x06, 0x8b, 0x2a, 0x3b, 
    0xaf, 0x15, 0x1c, 0x3b, 0xd9, 0xb5, 0x22, 0x3b, 0x17, 0xc8, 0x54, 0x3b, 
    0x76, 0x79, 0x3e, 0x3b, 0x2c, 0xde, 0x32, 0x3b, 0x25, 0x94, 0x21, 0x3b, 
    0x11, 0x00, 0x00, 0x00, 0x74, 0x66, 0x6c, 0x2e, 0x70, 0x73, 0x65, 0x75, 
    0x64, 0x6f, 0x5f, 0x71, 0x63, 0x6f, 0x6e, 0x73, 0x74, 0x00, 0x00, 0x00, 
    0x04, 0x00, 0x00, 0x00, 0x30, 0x00, 0x00, 0x00, 0x01, 0x00, 0x00, 0x00, 
    0x01, 0x00, 0x00, 0x00, 0x20, 0x00, 0x00, 0x00, 0x9a, 0xfb, 0xff, 0xff, 
    0x00, 0x00, 0x00, 0x01, 0x10, 0x00, 0x00, 0x00, 0x10, 0x00, 0x00, 0x00, 
    0x14, 0x00, 0x00, 0x00, 0x20, 0x00, 0x00, 0x00, 0x7c, 0xfa, 0xff, 0xff, 
    0x10, 0x00, 0x00, 0x00, 0x61, 0x72, 0x69, 0x74, 0x68, 0x2e, 0x63, 0x6f, 
    0x6e, 0x73, 0x74, 0x61, 0x6e, 0x74, 0x31, 0x38, 0x00, 0x00, 0x00, 0x00, 
    0x01, 0x00, 0x00, 0x00, 0x04, 0x00, 0x00, 0x00, 0xd6, 0xfb, 0xff, 0xff, 
    0x00, 0x00, 0x00, 0x01, 0x10, 0x00, 0x00, 0x00, 0x10, 0x00, 0x00, 0x00, 
    0x13, 0x00, 0x00, 0x00, 0x20, 0x00, 0x00, 0x00, 0xb8, 0xfa, 0xff, 0xff, 
    0x10, 0x00, 0x00, 0x00, 0x61, 0x72, 0x69, 0x74, 0x68, 0x2e, 0x63, 0x6f, 
    0x6e, 0x73, 0x74, 0x61, 0x6e, 0x74, 0x31, 0x37, 0x00, 0x00, 0x00, 0x00, 
    0x01, 0x00, 0x00, 0x00, 0x20, 0x00, 0x00, 0x00, 0x12, 0xfc, 0xff, 0xff, 
    0x00, 0x00, 0x00, 0x01, 0x10, 0x00, 0x00, 0x00, 0x10, 0x00, 0x00, 0x00, 
    0x12, 0x00, 0x00, 0x00, 0x20, 0x00, 0x00, 0x00, 0xf4, 0xfa, 0xff, 0xff, 
    0x10, 0x00, 0x00, 0x00, 0x61, 0x72, 0x69, 0x74, 0x68, 0x2e, 0x63, 0x6f, 
    0x6e, 0x73, 0x74, 0x61, 0x6e, 0x74, 0x31, 0x36, 0x00, 0x00, 0x00, 0x00, 
    0x01, 0x00, 0x00, 0x00, 0x30, 0x00, 0x00, 0x00, 0x4e, 0xfc, 0xff, 0xff, 
    0x00, 0x00, 0x00, 0x01, 0x10, 0x00, 0x00, 0x00, 0x10, 0x00, 0x00, 0x00, 
    0x11, 0x00, 0x00, 0x00, 0x20, 0x00, 0x00, 0x00, 0x30, 0xfb, 0xff, 0xff, 
    0x10, 0x00, 0x00, 0x00, 0x61, 0x72, 0x69, 0x74, 0x68, 0x2e, 0x63, 0x6f, 
    0x6e, 0x73, 0x74, 0x61, 0x6e, 0x74, 0x31, 0x35, 0x00, 0x00, 0x00, 0x00, 
    0x01, 0x00, 0x00, 0x00, 0x40, 0x00, 0x00, 0x00, 0x8a, 0xfc, 0xff, 0xff, 
    0x00, 0x00, 0x00, 0x01, 0x10, 0x00, 0x00, 0x00, 0x10, 0x00, 0x00, 0x00, 
    0x10, 0x00, 0x00, 0x00, 0x20, 0x00, 0x00, 0x00, 0x6c, 0xfb, 0xff, 0xff, 
    0x10, 0x00, 0x00, 0x00, 0x61, 0x72, 0x69, 0x74, 0x68, 0x2e, 0x63, 0x6f, 
    0x6e, 0x73, 0x74, 0x61, 0x6e, 0x74, 0x31, 0x34, 0x00, 0x00, 0x00, 0x00, 
    0x04, 0x00, 0x00, 0x00, 0x01, 0x00, 0x00, 0x00, 0x03, 0x00, 0x00, 0x00, 
    0x03, 0x00, 0x00, 0x00, 0x20, 0x00, 0x00, 0x00, 0xd2, 0xfc, 0xff, 0xff, 
    0x00, 0x00, 0x00, 0x01, 0x10, 0x00, 0x00, 0x00, 0x10, 0x00, 0x00, 0x00, 
    0x0f, 0x00, 0x00, 0x00, 0x20, 0x00, 0x00, 0x00, 0xb4, 0xfb, 0xff, 0xff, 
    0x10, 0x00, 0x00, 0x00, 0x61, 0x72, 0x69, 0x74, 0x68, 0x2e, 0x63, 0x6f, 
    0x6e, 0x73, 0x74, 0x61, 0x6e, 0x74, 0x31, 0x33, 0x00, 0x00, 0x00, 0x00, 
    0x04, 0x00, 0x00, 0x00, 0x20, 0x00, 0x00, 0x00, 0x01, 0x00, 0x00, 0x00, 
    0x01, 0x00, 0x00, 0x00, 0x10, 0x00, 0x00, 0x00, 0x1a, 0xfd, 0xff, 0xff, 
    0x00, 0x00, 0x00, 0x01, 0x10, 0x00, 0x00, 0x00, 0x10, 0x00, 0x00, 0x00, 
    0x0e, 0x00, 0x00, 0x00, 0x20, 0x00, 0x00, 0x00, 0xfc, 0xfb, 0xff, 0xff, 
    0x10, 0x00, 0x00, 0x00, 0x61, 0x72, 0x69, 0x74, 0x68, 0x2e, 0x63, 0x6f, 
    0x6e, 0x73, 0x74, 0x61, 0x6e, 0x74, 0x31, 0x32, 0x00, 0x00, 0x00, 0x00, 
    0x01, 0x00, 0x00, 0x00, 0x20, 0x00, 0x00, 0x00, 0x56, 0xfd, 0xff, 0xff, 
    0x00, 0x00, 0x00, 0x01, 0x10, 0x00, 0x00, 0x00, 0x10, 0x00, 0x00, 0x00, 
    0x0d, 0x00, 0x00, 0x00, 0x20, 0x00, 0x00, 0x00, 0x38, 0xfc, 0xff, 0xff, 
    0x10, 0x00, 0x00, 0x00, 0x61, 0x72, 0x69, 0x74, 0x68, 0x2e, 0x63, 0x6f, 
    0x6e, 0x73, 0x74, 0x61, 0x6e, 0x74, 0x31, 0x31, 0x00, 0x00, 0x00, 0x00, 
    0x04, 0x00, 0x00, 0x00, 0x01, 0x00, 0x00, 0x00, 0x03, 0x00, 0x00, 0x00, 
    0x03, 0x00, 0x00, 0x00, 0x10, 0x00, 0x00, 0x00, 0x9e, 0xfd, 0xff, 0xff, 
    0x00, 0x00, 0x00, 0x01, 0x10, 0x00, 0x00, 0x00, 0x10, 0x00, 0x00, 0x00, 
    0x0c, 0x00, 0x00, 0x00, 0x20, 0x00, 0x00, 0x00, 0x80, 0xfc, 0xff, 0xff, 
    0x10, 0x00, 0x00, 0x00, 0x61, 0x72, 0x69, 0x74, 0x68, 0x2e, 0x63, 0x6f, 
    0x6e, 0x73, 0x74, 0x61, 0x6e, 0x74, 0x31, 0x30, 0x00, 0x00, 0x00, 0x00, 
    0x02, 0x00, 0x00, 0x00, 0x04, 0x00, 0x00, 0x00, 0x40, 0x00, 0x00, 0x00, 
    0x00, 0x00, 0x16, 0x00, 0x1c, 0x00, 0x18, 0x00, 0x17, 0x00, 0x10, 0x00, 
    0x0c, 0x00, 0x08, 0x00, 0x00, 0x00, 0x00, 0x00, 0x00, 0x00, 0x07, 0x00, 
    0x16, 0x00, 0x00, 0x00, 0x00, 0x00, 0x00, 0x01, 0x14, 0x00, 0x00, 0x00, 
    0x14, 0x00, 0x00, 0x00, 0x0b, 0x00, 0x00, 0x00, 0x00, 0x00, 0x00, 0x02, 
    0x1c, 0x00, 0x00, 0x00, 0xdc, 0xfc, 0xff, 0xff, 0x0f, 0x00, 0x00, 0x00, 
    0x61, 0x72, 0x69, 0x74, 0x68, 0x2e, 0x63, 0x6f, 0x6e, 0x73, 0x74, 0x61, 
    0x6e, 0x74, 0x39, 0x00, 0x01, 0x00, 0x00, 0x00, 0x02, 0x00, 0x00, 0x00, 
    0x32, 0xfe, 0xff, 0xff, 0x00, 0x00, 0x00, 0x01, 0x10, 0x00, 0x00, 0x00, 
    0x10, 0x00, 0x00, 0x00, 0x0a, 0x00, 0x00, 0x00, 0x1c, 0x00, 0x00, 0x00, 
    0x14, 0xfd, 0xff, 0xff, 0x0f, 0x00, 0x00, 0x00, 0x61, 0x72, 0x69, 0x74, 
    0x68, 0x2e, 0x63, 0x6f, 0x6e, 0x73, 0x74, 0x61, 0x6e, 0x74, 0x38, 0x00, 
    0x01, 0x00, 0x00, 0x00, 0x20, 0x00, 0x00, 0x00, 0x6a, 0xfe, 0xff, 0xff, 
    0x00, 0x00, 0x00, 0x01, 0x10, 0x00, 0x00, 0x00, 0x10, 0x00, 0x00, 0x00, 
    0x09, 0x00, 0x00, 0x00, 0x1c, 0x00, 0x00, 0x00, 0x4c, 0xfd, 0xff, 0xff, 
    0x0f, 0x00, 0x00, 0x00, 0x61, 0x72, 0x69, 0x74, 0x68, 0x2e, 0x63, 0x6f, 
    0x6e, 0x73, 0x74, 0x61, 0x6e, 0x74, 0x37, 0x00, 0x01, 0x00, 0x00, 0x00, 
    0x20, 0x00, 0x00, 0x00, 0xa2, 0xfe, 0xff, 0xff, 0x00, 0x00, 0x00, 0x01, 
    0x10, 0x00, 0x00, 0x00, 0x10, 0x00, 0x00, 0x00, 0x08, 0x00, 0x00, 0x00, 
    0x1c, 0x00, 0x00, 0x00, 0x84, 0xfd, 0xff, 0xff, 0x0f, 0x00, 0x00, 0x00, 
    0x61, 0x72, 0x69, 0x74, 0x68, 0x2e, 0x63, 0x6f, 0x6e, 0x73, 0x74, 0x61, 
    0x6e, 0x74, 0x36, 0x00, 0x01, 0x00, 0x00, 0x00, 0x10, 0x00, 0x00, 0x00, 
    0xda, 0xfe, 0xff, 0xff, 0x00, 0x00, 0x00, 0x01, 0x10, 0x00, 0x00, 0x00, 
    0x10, 0x00, 0x00, 0x00, 0x07, 0x00, 0x00, 0x00, 0x1c, 0x00, 0x00, 0x00, 
    0xbc, 0xfd, 0xff, 0xff, 0x0f, 0x00, 0x00, 0x00, 0x61, 0x72, 0x69, 0x74, 
    0x68, 0x2e, 0x63, 0x6f, 0x6e, 0x73, 0x74, 0x61, 0x6e, 0x74, 0x35, 0x00, 
    0x01, 0x00, 0x00, 0x00, 0x10, 0x00, 0x00, 0x00, 0x12, 0xff, 0xff, 0xff, 
    0x00, 0x00, 0x00, 0x01, 0x10, 0x00, 0x00, 0x00, 0x10, 0x00, 0x00, 0x00, 
    0x06, 0x00, 0x00, 0x00, 0x1c, 0x00, 0x00, 0x00, 0xf4, 0xfd, 0xff, 0xff, 
    0x0f, 0x00, 0x00, 0x00, 0x61, 0x72, 0x69, 0x74, 0x68, 0x2e, 0x63, 0x6f, 
    0x6e, 0x73, 0x74, 0x61, 0x6e, 0x74, 0x34, 0x00, 0x01, 0x00, 0x00, 0x00, 
    0x30, 0x00, 0x00, 0x00, 0x4a, 0xff, 0xff, 0xff, 0x00, 0x00, 0x00, 0x01, 
    0x10, 0x00, 0x00, 0x00, 0x10, 0x00, 0x00, 0x00, 0x05, 0x00, 0x00, 0x00, 
    0x1c, 0x00, 0x00, 0x00, 0x2c, 0xfe, 0xff, 0xff, 0x0f, 0x00, 0x00, 0x00, 
    0x61, 0x72, 0x69, 0x74, 0x68, 0x2e, 0x63, 0x6f, 0x6e, 0x73, 0x74, 0x61, 
    0x6e, 0x74, 0x33, 0x00, 0x01, 0x00, 0x00, 0x00, 0x30, 0x00, 0x00, 0x00, 
    0x82, 0xff, 0xff, 0xff, 0x00, 0x00, 0x00, 0x01, 0x10, 0x00, 0x00, 0x00, 
    0x10, 0x00, 0x00, 0x00, 0x04, 0x00, 0x00, 0x00, 0x1c, 0x00, 0x00, 0x00, 
    0x64, 0xfe, 0xff, 0xff, 0x0f, 0x00, 0x00, 0x00, 0x61, 0x72, 0x69, 0x74, 
    0x68, 0x2e, 0x63, 0x6f, 0x6e, 0x73, 0x74, 0x61, 0x6e, 0x74, 0x32, 0x00, 
    0x01, 0x00, 0x00, 0x00, 0x10, 0x00, 0x00, 0x00, 0xba, 0xff, 0xff, 0xff, 
    0x00, 0x00, 0x00, 0x01, 0x10, 0x00, 0x00, 0x00, 0x10, 0x00, 0x00, 0x00, 
    0x03, 0x00, 0x00, 0x00, 0x1c, 0x00, 0x00, 0x00, 0x9c, 0xfe, 0xff, 0xff, 
    0x0f, 0x00, 0x00, 0x00, 0x61, 0x72, 0x69, 0x74, 0x68, 0x2e, 0x63, 0x6f, 
    0x6e, 0x73, 0x74, 0x61, 0x6e, 0x74, 0x31, 0x00, 0x04, 0x00, 0x00, 0x00, 
    0x10, 0x00, 0x00, 0x00, 0x03, 0x00, 0x00, 0x00, 0x03, 0x00, 0x00, 0x00, 
    0x01, 0x00, 0x00, 0x00, 0x00, 0x00, 0x16, 0x00, 0x18, 0x00, 0x14, 0x00, 
    0x00, 0x00, 0x10, 0x00, 0x0c, 0x00, 0x08, 0x00, 0x00, 0x00, 0x00, 0x00, 
    0x00, 0x00, 0x07, 0x00, 0x16, 0x00, 0x00, 0x00, 0x00, 0x00, 0x00, 0x01, 
    0x10, 0x00, 0x00, 0x00, 0x10, 0x00, 0x00, 0x00, 0x02, 0x00, 0x00, 0x00, 
    0x1c, 0x00, 0x00, 0x00, 0xf8, 0xfe, 0xff, 0xff, 0x0e, 0x00, 0x00, 0x00, 
    0x61, 0x72, 0x69, 0x74, 0x68, 0x2e, 0x63, 0x6f, 0x6e, 0x73, 0x74, 0x61, 
    0x6e, 0x74, 0x00, 0x00, 0x01, 0x00, 0x00, 0x00, 0x10, 0x00, 0x00, 0x00, 
    0x00, 0x00, 0x16, 0x00, 0x1c, 0x00, 0x18, 0x00, 0x00, 0x00, 0x14, 0x00, 
    0x10, 0x00, 0x0c, 0x00, 0x00, 0x00, 0x00, 0x00, 0x08, 0x00, 0x07, 0x00, 
    0x16, 0x00, 0x00, 0x00, 0x00, 0x00, 0x00, 0x01, 0x14, 0x00, 0x00, 0x00, 
    0x24, 0x00, 0x00, 0x00, 0x24, 0x00, 0x00, 0x00, 0x01, 0x00, 0x00, 0x00, 
    0x40, 0x00, 0x00, 0x00, 0x04, 0x00, 0x00, 0x00, 0xff, 0xff, 0xff, 0xff, 
    0xf9, 0x00, 0x00, 0x00, 0x28, 0x00, 0x00, 0x00, 0x01, 0x00, 0x00, 0x00, 
    0x60, 0xff, 0xff, 0xff, 0x1d, 0x00, 0x00, 0x00, 0x73, 0x65, 0x72, 0x76, 
    0x69, 0x6e, 0x67, 0x5f, 0x64, 0x65, 0x66, 0x61, 0x75, 0x6c, 0x74, 0x5f, 
    0x69, 0x6e, 0x70, 0x75, 0x74, 0x5f, 0x6c, 0x61, 0x79, 0x65, 0x72, 0x3a, 
    0x30, 0x00, 0x00, 0x00, 0x04, 0x00, 0x00, 0x00, 0x01, 0x00, 0x00, 0x00, 
    0xf9, 0x00, 0x00, 0x00, 0x28, 0x00, 0x00, 0x00, 0x01, 0x00, 0x00, 0x00, 
    0x08, 0x00, 0x00, 0x00, 0x8c, 0x00, 0x00, 0x00, 0x70, 0x00, 0x00, 0x00, 
    0x5c, 0x00, 0x00, 0x00, 0x48, 0x00, 0x00, 0x00, 0x38, 0x00, 0x00, 0x00, 
    0x28, 0x00, 0x00, 0x00, 0x14, 0x00, 0x00, 0x00, 0x04, 0x00, 0x00, 0x00, 
    0xb8, 0xff, 0xff, 0xff, 0x19, 0x00, 0x00, 0x00, 0x00, 0x00, 0x00, 0x19, 
    0xac, 0xff, 0xff, 0xff, 0x09, 0x00, 0x00, 0x00, 0x0c, 0x00, 0x00, 0x00, 
    0x00, 0x00, 0x00, 0x09, 0xd4, 0xff, 0xff, 0xff, 0x28, 0x00, 0x00, 0x00, 
    0x00, 0x00, 0x00, 0x28, 0xe0, 0xff, 0xff, 0xff, 0x04, 0x00, 0x00, 0x00, 
    0x00, 0x00, 0x00, 0x04, 0xec, 0xff, 0xff, 0xff, 0x11, 0x00, 0x00, 0x00, 
    0x00, 0x00, 0x00, 0x11, 0x04, 0x00, 0x04, 0x00, 0x04, 0x00, 0x00, 0x00, 
    0x0c, 0x00, 0x0c, 0x00, 0x0b, 0x00, 0x00, 0x00, 0x00, 0x00, 0x04, 0x00, 
    0x0c, 0x00, 0x00, 0x00, 0x12, 0x00, 0x00, 0x00, 0x00, 0x00, 0x00, 0x12, 
    0x0c, 0x00, 0x10, 0x00, 0x0f, 0x00, 0x00, 0x00, 0x08, 0x00, 0x04, 0x00, 
    0x0c, 0x00, 0x00, 0x00, 0x03, 0x00, 0x00, 0x00, 0x05, 0x00, 0x00, 0x00, 
    0x00, 0x00, 0x00, 0x03
};

#endif // SIREN_MODEL_DATA_H
